Time_h,12_mM,6_mM,3_mM,1.5_mM,0.75_mM,0.38_mM,0.19_mM,0.094_mM
0.0,19.96703605944783,14.125535448430286,11.49512556800253,18.46703605944783,15.302387035679114,14.311384094972384,18.129123907713918,9.99512556800253
0.0960960960960961,19.96706167700215,14.125564011027546,11.495151441356873,18.467052389847122,15.302405966676123,14.311391272480188,18.129134851535273,9.99513576510909
0.1921921921921922,19.967173706772417,14.125688480456947,11.49526224720808,18.467123282813606,15.302489464236274,14.311423342353844,18.12918251856659,9.995180032133632
0.2882882882882883,19.967424914419613,14.125967029174939,11.495507764238404,18.467281591000212,15.30267758521328,14.311496110618744,18.12928916215878,9.99527888263345
0.3843843843843844,19.967868065604705,14.12645782963796,11.495937771130116,18.46756016705986,15.30301038646084,14.311625383300253,18.129477035662728,9.995452830165835
0.4804804804804805,19.96855592598869,14.127219054302454,11.49660204656547,18.46799186364549,15.303527924832665,14.311826966423755,18.129768392429337,9.995722388288087
0.5765765765765766,19.969541261232518,14.128308875624864,11.497550369226731,18.468609533410007,15.304270257182448,14.312116666014633,18.130185485809502,9.996108070557497
0.6726726726726726,19.97087683699719,14.12978546606163,11.498832517796162,18.46944602900635,15.3052774403639,14.312510288098256,18.130750569154113,9.996630390531358
0.7687687687687688,19.972615418943658,14.131706998069195,11.500498270956024,18.47053420308744,15.30658953123072,14.31302363870001,18.131485895814077,9.997309861766967
0.8648648648648649,19.974809772732918,14.134131644104006,11.502597407388572,18.4719069083062,15.30824658663662,14.313672523845272,18.13241371914028,9.998166997821613
0.960960960960961,19.977512664025934,14.1371175766225,11.505179705776074,18.47359699731555,15.310288663435298,14.314472749559418,18.13355629248363,9.999222312252598
1.057057057057057,19.980776858483686,14.140722968081121,11.50829494480079,18.475637322768428,15.312755818480458,14.315440121867827,18.13493586919501,10.00049631861721
1.1531531531531531,19.984655121767155,14.145005990936315,11.511992903144984,18.47806073731775,15.315688108625803,14.316590446795875,18.136574702625328,10.00200953047274
1.2492492492492493,19.989200219537317,14.150024817644518,11.516323359490906,18.480900093616448,15.319125590725042,14.317939530368946,18.138495046125474,10.00378246137649
1.3453453453453452,19.994464917455137,14.15583762066218,11.521336092520833,18.484188244317437,15.323108321631874,14.31950317861242,18.140719153046348,10.005835624885751
1.4414414414414414,20.000501981181596,14.162502572445735,11.527080880917014,18.487958042073654,15.327676358200003,14.321297197551669,18.143269276738838,10.008189534557815
1.5375375375375375,20.007364176377678,14.170077845451631,11.533607503361717,18.492242339538013,15.332869757283138,14.323337393212075,18.14616767055385,10.010864703949979
1.6336336336336337,20.015104268704352,14.178621612136311,11.540965738537203,18.497073989363443,15.338728575734976,14.325639571619014,18.14943658784228,10.013881646619534
1.7297297297297298,20.023775023822594,14.188192044956214,11.54920536512573,18.502485844202873,15.345292870409226,14.328219538797867,18.15309828195502,10.017260876123778
1.8258258258258258,20.03342920739339,14.198847316367786,11.558376161809562,18.508510756709224,15.35260269815959,14.331093100774016,18.15717500624297,10.02102290602
1.921921921921922,20.044119585077702,14.210645598827465,11.56852790727096,18.515181579535422,15.36069811583977,14.33427606357283,18.161689014057018,10.0251882498655
2.018018018018018,20.055898922536514,14.2236450647917,11.579710380192182,18.522531165334396,15.369619180303475,14.337784233219693,18.166662558748072,10.02977742121757
2.114114114114114,20.0688199854308,14.237903886716929,11.591973359255498,18.53059236675906,15.379405948404404,14.341633415739986,18.17211789366702,10.0348109336335
2.21021021021021,20.082935539421534,14.253480237059593,11.60536662314316,18.539398036462348,15.390098476996261,14.345839417159084,18.178077272164764,10.040309300670586
2.3063063063063063,20.0982983501697,14.270432288276137,11.619939950537434,18.548981027097184,15.401736822932756,14.350418043502362,18.184562947592195,10.046293035886126
2.4024024024024024,20.114961183336266,14.288818212823006,11.63574312012058,18.559374191316497,15.414361043067586,14.355385100795209,18.191597173300217,10.05278265283741
2.4984984984984986,20.132976804582214,14.308696183156638,11.652825910574862,18.570610381773204,15.428011194254456,14.360756395062996,18.199202202639718,10.059798665081733
2.5945945945945947,20.152397979568516,14.330124371733476,11.671238100582537,18.58272245112023,15.442727333347072,14.3665477323311,18.2074002889616,10.06736158617639
2.6906906906906904,20.173277473956148,14.353160951009965,11.69102946882587,18.59574325201051,15.458549517199138,14.372774918624902,18.216213685616754,10.075491929678673
2.7867867867867866,20.195668053406095,14.377864093442547,11.712249793987121,18.609705637096962,15.475517802664355,14.379453759969783,18.225664645956083,10.08421020914588
2.8828828828828827,20.21962248357932,14.404291971487662,11.73494885474855,18.624642459032504,15.493672246596432,14.386600062391118,18.23577542333048,10.0935369381353
2.978978978978979,20.245193530136806,14.432502757601757,11.75917642979242,18.640586570470074,15.513052905849065,14.394229631914286,18.246568271090837,10.10349263020423
3.075075075075075,20.272433958739526,14.462554624241267,11.784982297800994,18.657570824062592,15.533699837275968,14.402358274564667,18.25806544258806,10.114097798909963
3.171171171171171,20.301396535048465,14.494505743862641,11.81241623745653,18.675628072462985,15.555653097730834,14.411001796367637,18.27028919117304,10.125372957809795
3.2672672672672673,20.33213402472459,14.52841428892232,11.841528027441294,18.694791168324173,15.578952744067376,14.420176003348578,18.28326177019667,10.137338620461017
3.3633633633633635,20.364699193428876,14.564338431876747,11.872367446437542,18.715092964299085,15.603638833139295,14.429896701532865,18.297005433009854,10.150015300420927
3.4594594594594597,20.39914480682231,14.60233634518236,11.904984273127534,18.736566313040644,15.629751421800293,14.44017969694588,18.311542432963485,10.163423511246815
3.5555555555555554,20.435523630565854,14.642466201295608,11.93942828619354,18.759244067201777,15.657330566904076,14.451040795612997,18.326895023408454,10.177583766495978
3.6516516516516515,20.4738884303205,14.684786172672931,11.975749264317813,18.78315907943541,15.686416325304345,14.462495803559598,18.343085457695665,10.192516579725709
3.7477477477477477,20.514291971747213,14.729354431770771,12.013996986182619,18.808344202394462,15.717048753854808,14.47456052681106,18.360135989176012,10.2082424644933
3.843843843843844,20.55678702050697,14.77622915104557,12.054221230470219,18.834832288731864,15.749267909409166,14.487250771392763,18.378068871200394,10.224781934356049
3.93993993993994,20.60142634226075,14.82546850295377,12.096471775862872,18.86265619110054,15.783113848821122,14.500582343330084,18.3969063571197,10.242155502871247
4.036036036036036,20.648260996636317,14.877128777052992,12.140796782996631,18.89184769860647,15.81862533572262,14.51457054012644,18.416669979162194,10.26038301920141
4.132132132132132,20.69726476627539,14.93118097455789,12.187171121006946,18.922390425618016,15.855782555589467,14.529207625123782,18.437348605371355,10.279454237886185
4.228228228228228,20.748304206472778,14.98747775300527,12.235467961828514,18.954201140608422,15.894484412514835,14.544453900117043,18.458885779897336,10.299317155022873
4.324324324324325,20.80123797422135,15.04586305280776,12.285552986441353,18.987191688222477,15.934623823454118,14.560267312632806,18.481221708359534,10.31991669080701
4.42042042042042,20.855924726513994,15.106180814377982,12.33729187582548,19.021273913104974,15.976093705362691,14.576605810197663,18.50429659637736,10.341197765434131
4.516516516516517,20.91222312034357,15.168274978128567,12.390550310960919,19.056359659900703,16.018786975195948,14.593427340338202,18.528050649570222,10.363105299099772
4.612612612612613,20.96999181270296,15.231989484472138,12.445193972827681,19.092360773254452,16.06259654990927,14.61068985058101,18.552424073557514,10.385584211999467
4.708708708708708,21.02908946058504,15.29716827382132,12.501088542405787,19.129189097811004,16.10741534645804,14.628351288452675,18.577357073958648,10.40857942432875
4.804804804804805,21.089374720982686,15.363655286588745,12.558099700675257,19.166756478215152,16.15313628179765,14.646369601479789,18.602789856393024,10.432035856283154
4.900900900900901,21.150706250888778,15.431294463187033,12.616093128616106,19.204974759111696,16.19965227288348,14.664702737188932,18.628662626480054,10.45589842805822
4.996996996996997,21.212942707296175,15.499929744028812,12.67493450720835,19.243755785145407,16.246856236670922,14.683308643106699,18.654915589839135,10.480112059849478
5.093093093093093,21.275942747197767,15.56940506952671,12.73448951743201,19.283011400961083,16.294641090115356,14.702145266759672,18.68148895208968,10.504621671852465
5.1891891891891895,21.33956502758643,15.63956438009335,12.794623840267109,19.322653451203518,16.34289975017217,14.721170555674444,18.708322918851085,10.52937218426272
5.285285285285285,21.403668205455027,15.710251616141361,12.855203156693655,19.362593780517496,16.391525133796748,14.740342457377604,18.73535769574276,10.554308517275768
5.381381381381381,21.468110937796446,15.781310718083368,12.91609314769167,19.402744233547804,16.440410157944473,14.759618919395734,18.762533488384108,10.579375591087153
5.4774774774774775,21.532751881603563,15.852585626331997,12.977159494241178,19.443016654939232,16.48944773957074,14.778957889255432,18.78979050239453,10.604518325892405
5.573573573573573,21.59744969386924,15.923920281299875,13.038267877322186,19.483322889336577,16.538530795630926,14.798317314483272,18.817068943393437,10.629681641887062
5.66966966966967,21.662063031586364,15.995158623399629,13.099283977914721,19.52357478138462,16.587552243080417,14.817655142605856,18.84430901700024,10.654810459266658
5.7657657657657655,21.726450551747806,16.066144593043884,13.160073476998797,19.563684175728152,16.636404998874603,14.83692932114976,18.871450928834328,10.679849698226729
5.861861861861862,21.790470911346453,16.136722130645264,13.220502055554432,19.60356291701196,16.684981979968864,14.856097797641581,18.898434884515115,10.704744278962808
5.957957957957958,21.853982767375157,16.206735176616398,13.280435394561644,19.643122849880843,16.73317610331859,14.875118519607907,18.925201089662,10.729439121670431
6.054054054054054,21.916849519419483,16.276032912815445,13.339743698421506,19.68227877804068,16.780883877349464,14.893950840633035,18.951691761798987,10.753880996710798
6.15015015015015,21.979017246914417,16.34455589768664,13.398376030462606,19.72099709190177,16.8280644222786,14.91257862676705,18.977884192929483,10.77804892925369
6.246246246246246,22.040502257399023,16.412322304769578,13.456348436633933,19.759287999521284,16.87473004065759,14.931006564901,19.0037854672518,10.80194934164085
6.342342342342342,22.101323089838004,16.479352773743518,13.513679091188203,19.797163101216974,16.920894724851877,14.949240003486697,19.029403615580552,10.825589526730932
6.438438438438438,22.161498283196075,16.545667944287707,13.570386168378134,19.834633997306568,16.966572467226925,14.967284290975961,19.054746668730346,10.848976777382585
6.534534534534535,22.221046376437922,16.61128845608141,13.626487842456442,19.87171228810782,17.01177726014818,14.9851447758206,19.07982265751579,10.872118386454467
6.63063063063063,22.27998590852826,16.67623494880388,13.682002287675848,19.908409573938467,17.056523095981092,15.002826806472436,19.104639612751498,10.895021646805223
6.726726726726727,22.33833541843179,16.740528062134377,13.73694767828907,19.944737455116258,17.100823967091124,15.020335731383284,19.12920556525208,10.917693851293512
6.822822822822823,22.39611344511321,16.804188435752145,13.791342188548823,19.980707531958924,17.144693865843717,15.03767689900496,19.153528545832145,10.940142292777981
6.918918918918919,22.453338527537227,16.867236709336456,13.845203992707829,20.016331404784225,17.18814678460433,15.054855657789275,19.177616585306296,10.962374264117283
7.015015015015015,22.510029204668534,16.92969352256656,13.898551265018797,20.051620673909888,17.231196715738417,15.071877356188047,19.20147771448915,10.984397058170071
7.111111111111111,22.566204015471847,16.991579515121714,13.951402179734458,20.086586939653664,17.27385765161143,15.088747342653091,19.225119964195322,11.006217967794996
7.207207207207207,22.621881498911858,17.05291532668117,14.00377491110752,20.121241802333294,17.316143584588815,15.105470965636218,19.248551365239404,11.027844285850712
7.303303303303303,22.677080193953266,17.11372159692419,14.055687633390704,20.15559686226652,17.358068507036034,15.122053573589259,19.271779948436023,11.04928330519587
7.3993993993994,22.731818639560792,17.174018965530028,14.107158520836728,20.189663719771087,17.399646411318532,15.138500514964012,19.29481374459978,11.070542318689121
7.495495495495495,22.786115374699126,17.233828072177943,14.158205747698313,20.223453975164738,17.440891289801762,15.154817138212298,19.31766078454529,11.091628619189116
7.591591591591592,22.839988938332972,17.293169556547184,14.208847488228173,20.256979228765214,17.481817134851187,15.171008791785933,19.340329099087157,11.112549499554511
7.687687687687688,22.893457869427028,17.35206405831702,14.259101916679027,20.29025108089025,17.522437938832248,15.187080824136734,19.362826719039987,11.133312252643954
7.783783783783783,22.946540706946006,17.410532217166693,14.30898720730359,20.323281131857602,17.562767694110402,15.203038583716515,19.385161675218406,11.153924171316099
7.87987987987988,22.999255989854603,17.468594672775474,14.358521534354585,20.356080981985013,17.6028203930511,15.21888741897709,19.407341998437005,11.174392548429601
7.975975975975976,23.051622257117522,17.526272064822606,14.407723072084726,20.388662231590217,17.6426100280198,15.234632678370279,19.429375719510407,11.194724676843105
8.072072072072071,23.10365804769946,17.583585032987354,14.456609994746733,20.42103648099096,17.682150591381948,15.25027971034789,19.451270869253218,11.214927849415268
8.168168168168169,23.155381900565132,17.64055421694897,14.505200476593325,20.453215330504985,17.721456075503,15.265833863361744,19.47303547848004,11.235009359004742
8.264264264264265,23.206812354679236,17.697200256386715,14.553512691877218,20.485210380450038,17.76054047274841,15.281300485863657,19.494677578005494,11.254976498470176
8.36036036036036,23.25796794900647,17.75354379097984,14.60156481485113,20.517033231143852,17.79941777548363,15.29668492630544,19.51620519864418,11.274836560670227
8.456456456456456,23.308867222511534,17.809605460407607,14.64937501976778,20.548695482904183,17.838101976074107,15.311992533138909,19.53762637121072,11.29459683846354
8.552552552552552,23.35952871415914,17.865405904349267,14.696961480879883,20.580208736048764,17.876607066885303,15.327228654815883,19.55894912651971,11.314264624708773
8.64864864864865,23.409970962913988,17.92096576248408,14.744342372440158,20.61158459089534,17.914947040282662,15.342398639788176,19.580181495385773,11.333847212264576
8.744744744744745,23.460212507740778,17.9763056744913,14.791535868701326,20.64283464776166,17.953135888631643,15.357507836507605,19.601331508623506,11.3533518939896
8.84084084084084,23.510271887604215,18.031446280050183,14.838560143916103,20.67397050696546,17.991187604297693,15.372561593425974,19.622407197047522,11.372785962742501
8.936936936936936,23.560167641468993,18.086408218839992,14.885433372337205,20.705003768824483,18.029116179646266,15.387565258995117,19.643416591472437,11.392156711381926
9.033033033033034,23.60991890390555,18.14121277935682,14.932174265690003,20.735946403254925,18.066936061165528,15.402524367404514,19.664367964947584,11.41147166136573
9.12912912912913,23.659578005441706,18.195917411764725,14.978831491622861,20.766830979663286,18.104687005775375,15.417454804893374,19.68528309142286,11.430751075079243
9.225225225225225,23.709247320463113,18.25063408097927,15.02549887719718,20.797721121778494,18.14244692659745,15.432388063712715,19.706204097842967,11.45003442222137
9.32132132132132,23.759033367536183,18.305479266335873,15.072273989169473,20.82868302496826,18.180296896505734,15.447356928462655,19.727174796603993,11.469362763067416
9.417417417417417,23.80904266522733,18.36056944716994,15.119254394296258,20.859782884600303,18.218317988374224,15.46239418374331,19.74823900010202,11.488777157892692
9.513513513513514,23.859381732102957,18.416021102816877,15.166537659334054,20.891086896042328,18.2565912750769,15.477532614154786,19.769440520733138,11.508318666972507
9.60960960960961,23.910157086729477,18.4719507126121,15.214221351039376,20.92266125466205,18.295197829487748,15.4928050042972,19.790823170893425,11.528028350582161
9.705705705705705,23.96147524767331,18.528474755891004,15.262403036168736,20.954572155827183,18.334218724480763,15.508244138770664,19.812430762978973,11.547947268996971
9.801801801801801,24.013442733500852,18.585709711989008,15.311180281478658,20.986885794905433,18.37373503292993,15.523882802175292,19.83430710938587,11.56811648249224
9.897897897897899,24.06616606277852,18.643772060241524,15.360650653725651,21.019668367264515,18.413827827709238,15.539753779111193,19.856496022510186,11.588577051343277
9.993993993993994,24.11975175407273,18.702778279983953,15.410911719666244,21.05298606827214,18.454578181692664,15.555889854178483,19.87904131474802,11.609370035825389
10.09009009009009,24.174306325949892,18.76284485055171,15.462061046056938,21.08690509329602,18.49606716775421,15.572323811977274,19.901986798495454,11.630536496213885
10.186186186186186,24.22993629697641,18.824088251280198,15.514196199654258,21.12149163770387,18.53837585876785,15.589088437107684,19.925376286148573,11.652117492784072
10.282282282282281,24.2867481857187,18.88662496150483,15.567414747214718,21.156811896863392,18.581585327607577,15.606216514169818,19.94925359010346,11.674154085811256
10.378378378378379,24.344848510743173,18.95057146056101,15.621814255494835,21.19293206614231,18.625776647147386,15.62374082776379,19.973662522756207,11.696687335570749
10.474474474474475,24.404343790616238,19.016044227784157,15.677492291251127,21.229918340908327,18.67103089026125,15.641694162489717,19.998646896502894,11.719758302337855
10.57057057057057,24.46534054390431,19.08315974250967,15.734546421240106,21.26783691652916,18.717429129823167,15.660109302947708,20.024250523739603,11.74340804638788
10.666666666666666,24.527945289173793,19.15203448407296,15.793074212218295,21.306753988372524,18.765052438707123,15.67901903373788,20.050517216862428,11.76767762799614
10.762762762762762,24.592264544991096,19.22278493180944,15.853173230942206,21.34673575180612,18.813981889787105,15.698456139460342,20.077490788267447,11.792608107437935
10.85885885885886,24.658404829922645,19.29552756505452,15.914941044168357,21.387848402197662,18.864298555937093,15.718453404715213,20.10521505035075,11.818240544988576
10.954954954954955,24.72647266253483,19.370378863143596,15.97847521865326,21.430158134914873,18.916083510031086,15.739043614102599,20.13373381550842,11.84461600092337
11.05105105105105,24.796574561394085,19.44745530541209,16.04387332115344,21.47373114532545,18.96941782494306,15.760259552222612,20.16309089613654,11.871775535517624
11.147147147147146,24.868817045066805,19.526873371195407,16.111232918425408,21.51863362879712,19.024382573547015,15.78213400367537,20.193330104631197,11.899760209046647
11.243243243243244,24.943306632119402,19.60874953982896,16.18065157722568,21.564931780697577,19.081058828716927,15.804699753060989,20.224495253388486,11.928611081785746
11.33933933933934,25.02014984111829,19.69320029064815,16.252226864310774,21.612691796394547,19.13952766332679,15.827989584979573,20.25663015480448,11.958369214010231
11.435435435435435,25.09945319062988,19.78034210298839,16.32605634643721,21.66197987125574,19.199870150250586,15.852036284031236,20.289778621275264,11.989075665995408
11.531531531531531,25.181323199220586,19.870291456185086,16.402237590361494,21.71286220064886,19.262167362362305,15.876872634816099,20.32398446519693,12.020771498016583
11.627627627627627,25.265866385456818,19.96316482957365,16.48086816284015,21.765404979941632,19.32650037253594,15.902531421934267,20.359291498965558,12.053497770349065
11.723723723723724,25.35318926790498,20.059078702489494,16.562045630629697,21.81967440450175,19.39295025364547,15.929045429985859,20.395743534977242,12.087295543268166
11.81981981981982,25.44339836513148,20.15814955426802,16.645867560486646,21.875736669696938,19.461598078564887,15.95644744357098,20.433384385628056,12.122205877049186
11.915915915915916,25.536600195702746,20.26049386424464,16.732431519167516,21.93365797089491,19.53252492016818,15.984770247289749,20.472257863314088,12.158269831967438
12.012012012012011,25.632901134541143,20.366227954457685,16.82183494121227,21.993504414203016,19.605811742046406,16.014046581727428,20.512407721079242,12.19552841285582
12.108108108108109,25.732303414644953,20.47535410656573,16.9140794041635,22.055277391976364,19.681460277673146,16.044277276705344,20.553834681629432,12.233982428801198
12.204204204204204,25.834521550013882,20.587559536185033,17.00890165581787,22.11879950809309,19.759253366831828,16.075375000306636,20.596420585233396,12.273521637746555
12.3003003003003,25.93922078474423,20.702477506034935,17.10599309369606,22.183862750131976,19.838936365264097,16.107237323521986,20.640026914358593,12.31401678088883
12.396396396396396,26.046066362932308,20.8197412788348,17.205045115318747,22.250259105671805,19.920254628711586,16.13976181734207,20.684515151472496,12.355338599424952
12.492492492492492,26.15472352867441,20.93898411730398,17.3057491182066,22.31778056229137,20.002953512915937,16.172846052757578,20.729746779042557,12.397357834551858
12.588588588588589,26.26485752606684,21.059839284161825,17.407796499880302,22.38621910756946,20.086778373618795,16.206387600759193,20.775583279536235,12.439945227466476
12.684684684684685,26.376133599205914,21.181940042127682,17.510878657860513,22.455366729084858,20.17147456656179,16.240284032337588,20.821886135421003,12.482971519365742
12.78078078078078,26.488216992187922,21.304919653920905,17.614686989667916,22.52501541441634,20.25678744748657,16.27443291848345,20.868516829164317,12.52630745144659
12.876876876876876,26.60077294910917,21.428411382260848,17.718912892823187,22.59495715114272,20.34246237213477,16.30873183018746,20.91533684323364,12.569823764905951
12.972972972972974,26.713466714065966,21.552048489866866,17.823247764846993,22.664983926842755,20.428244696248033,16.343078338440307,20.96220766009643,12.61339120094076
13.06906906906907,26.8259635311546,21.6754642394583,17.92738300326001,22.734887729095252,20.513879775567993,16.37737001423266,21.00899076222015,12.656880500747949
13.165165165165165,26.93792864447139,21.79829189375451,18.031010005582917,22.80446054547899,20.59911296583629,16.41150442855521,21.055547632072265,12.70016240552445
13.26126126126126,27.04902729811264,21.920164715474847,18.133820169336378,22.873494363572757,20.68368962279457,16.445379152398637,21.101739752120235,12.743107656467195
13.357357357357357,27.158924736174647,22.04071596733866,18.235504892041078,22.941781170955338,20.767355102184467,16.478891756753626,21.14742860483152,12.785586994773121
13.453453453453454,27.267286202753716,22.159578912065307,18.335755571217685,23.009112955205527,20.84985475974763,16.511939812610848,21.19247567267359,12.82747116163916
13.54954954954955,27.373776941946154,22.276386812374135,18.434263604386867,23.075281703902103,20.930933951225686,16.544420890960996,21.2367424381139,12.868630898262243
13.645645645645645,27.478062197848246,22.390772930984493,18.530720389069312,23.14007940462385,21.01033803236028,16.57623256279475,21.280090383619907,12.908936945839303
13.741741741741741,27.57980721455632,22.502370530615732,18.624817322785685,23.203298044949566,21.087812358893046,16.60727239910279,21.32238099165908,12.948260045567272
13.837837837837839,27.67867723616667,22.610812873987218,18.716245803056662,23.26472961245803,21.16310228656564,16.6374379708758,21.363475744698885,12.986470938643091
13.933933933933934,27.774337506775595,22.715733223818283,18.804697227402908,23.32416609472803,21.235953171119682,16.666626849104453,21.403236125206774,13.023440366263682
14.03003003003003,27.866456276416706,22.81676812961652,18.889865752126525,23.381401349098578,21.30611265003665,16.694737528513034,21.44152484949113,13.05904022907567
14.126126126126126,27.95491247525723,22.913784505302676,18.971638891001145,23.436360280662964,21.373488283378894,16.721733246465554,21.47829111130307,13.093223691235268
14.222222222222221,28.03993033149417,23.007026824734616,19.050221064538707,23.48918257761046,21.438249739226023,16.747683351450828,21.513625838168313,13.126077105203017
14.318318318318319,28.121766080544916,23.096774559491205,19.125846068755617,23.540027837337174,21.500590981623308,16.772667027872902,21.547633095550797,13.157699169259718
14.414414414414415,28.200675957826853,23.183307181151335,19.198747699668264,23.589055657239182,21.560705974616003,16.796763460135832,21.580416948914433,13.188188581686168
14.51051051051051,28.27691619875737,23.26690416129387,19.269159753293053,23.636425634712595,21.618788682249374,16.820051832643685,21.612081463723136,13.217644040763172
14.606606606606606,28.350743038753862,23.347844971497707,19.337316025646384,23.682297367153495,21.675033068568688,16.842611329800498,21.642730705440822,13.246164244771528
14.702702702702702,28.42241271323372,23.426409083341724,19.403450312744663,23.72683045195799,21.729633097619214,16.864521136010342,21.672468739531414,13.273847891992032
14.7987987987988,28.492181457614315,23.50287596840479,19.467796410604286,23.77018448652217,21.78278273344622,16.885860435677262,21.701399631458816,13.300793680705493
14.894894894894895,28.560305507313053,23.577525098265795,19.53058811524166,23.812519068242125,21.834675940094954,16.906708413205315,21.729627446686948,13.327100309192703
14.99099099099099,28.627041097747323,23.65063594450362,19.592059222673175,23.853993794513954,21.8855066816107,16.92714425299856,21.757256250679724,13.352866475734464
15.087087087087086,28.69264446433452,23.72248797869714,19.652443528915242,23.89476826273376,21.93546892203871,16.947247139461048,21.784390108901068,13.378190878611576
15.183183183183184,28.757371842492013,23.793360672425237,19.71197482998426,23.935002070297617,21.98475662542426,16.96709625699684,21.811133086814895,13.403172216104842
15.27927927927928,28.82147946763721,23.863533497266786,19.770886921896622,23.974854814601642,22.033563755812605,16.986770790009984,21.83758924988511,13.427909186495059
15.375375375375375,28.885223575187496,23.93328592480068,19.82941360066874,24.014486093041914,22.08208427724902,17.00634992290454,21.863862663575638,13.452500488063027
15.471471471471471,28.948860400560243,24.00289742660579,19.887788662317007,24.05405550301454,22.13051215377876,17.025912840084562,21.890057393350393,13.477044819089548
15.567567567567567,29.01264617917287,24.072647474260997,19.94624590285783,24.093722641915605,22.179041349447097,17.0455387259541,21.91627750467329,13.501640877855419
15.663663663663664,29.07683714644275,24.142815539345182,20.005019118307604,24.13364710714121,22.227865828299294,17.065306764917217,21.942627063008242,13.52638736264144
15.75975975975976,29.141689537787272,24.21368109343723,20.064342104682733,24.173988496087446,22.277179554380616,17.085296141377967,21.96921013381918,13.551382971728417
15.855855855855856,29.207459588623827,24.285523608116012,20.12444865799962,24.21490640615042,22.327176491736328,17.105586039740402,21.99613078257,13.576726403397144
15.951951951951951,29.27440353436981,24.358622554960412,20.18557257427466,24.256560434726207,22.378050604411694,17.12625564440858,22.023493074724627,13.602516355928422
16.04804804804805,29.342777610442603,24.433257405549313,20.247947649524253,24.299110179210917,22.42999585645198,17.147384139786553,22.051401075746977,13.628851527603052
16.144144144144143,29.412838052259595,24.509707631461595,20.31180767976481,24.342715237000636,22.483206211902456,17.169050710278377,22.07995885110097,13.655830616701834
16.24024024024024,29.48484109523818,24.58825270427613,20.377386461012723,24.38753520549147,22.53787563480838,17.191334540288103,22.10927046625051,13.683552321505568
16.336336336336338,29.55904297479575,24.669172095571813,20.4449177892844,24.433729682079502,22.594198089215016,17.214314814219797,22.13943998665953,13.712115340295055
16.43243243243243,29.635699926349695,24.75274527692751,20.51463546059623,24.481458264160825,22.652367539167635,17.23807071647751,22.17057147779193,13.741618371351091
16.52852852852853,29.715068185317385,24.83925171992211,20.586773270964624,24.530880549131552,22.712577948711502,17.26268143146529,22.20276900511163,13.77216011295448
16.624624624624623,29.797403987116233,24.928970896134487,20.661565016405984,24.582156134387763,22.775023281891876,17.288226143587202,22.236136634082552,13.80383926338602
16.72072072072072,29.88296356716362,25.02218227714353,20.739244492936706,24.63544461732556,22.839897502754027,17.314784037247293,22.27077843016861,13.836754520926515
16.816816816816818,29.97200316087693,25.119165334528113,20.82004549657319,24.690905595341032,22.907394575343222,17.342434296849625,22.306798458833715,13.871004583856758
16.912912912912912,30.064779003673564,25.220199539867114,20.904201823331835,24.748698665830272,22.977708463704715,17.371256106798242,22.344300785541783,13.906688150457553
17.00900900900901,30.16154724010405,25.32556426582356,20.99194718679013,24.808983369579,23.051033063156748,17.401328623273812,22.3833894391152,13.943903884064117
17.105105105105103,30.262420084992065,25.435382206004398,21.08338472033058,24.871829578617326,23.127453407927582,17.432686297630127,22.424110409540315,13.982695095500386
17.2012012012012,30.367074181227345,25.549301899017838,21.178222384849075,24.937035802039194,23.20672508789434,17.46522829181057,22.46633404492183,14.02293758328474
17.2972972972973,30.475104092009467,25.666882533143593,21.276093674470996,25.00434941298605,23.288541612051155,17.498828273662106,22.50989759520062,14.06447557971867
17.393393393393392,30.586104380538025,25.78768329666136,21.37663208332169,25.073517784599336,23.37259648939215,17.53335991103169,22.554638310317564,14.107153317103663
17.48948948948949,30.69966961001259,25.91126337785087,21.479471105526546,25.144288290020512,23.458583228911472,17.568696871766274,22.60039344021356,14.150815027741212
17.585585585585587,30.815394343632754,26.037181964991827,21.58424423521092,25.216408302391017,23.546195339603244,17.60471282371283,22.647000234829477,14.195304943932815
17.68168168168168,30.932873144598098,26.164998246363943,21.690584966500186,25.289625194852302,23.635126330461592,17.641281434718298,22.694295944106194,14.240467297979954
17.77777777777778,31.05170057610821,26.29427141024694,21.798126793519714,25.363686340545815,23.725069710480657,17.67827637262965,22.742117817984607,14.286146322184127
17.873873873873872,31.17147120136267,26.424560644920515,21.90650321039486,25.438339112613008,23.815718988654567,17.715571305293835,22.790303106405588,14.332186248846824
17.96996996996997,31.291779583561066,26.555425138664397,22.015347711251,25.51333088419533,23.90676767397745,17.753039900557813,22.83868905931002,14.378431310269534
18.066066066066067,31.412220285902983,26.68642407975829,22.1242937902135,25.588409028434224,23.99790927544344,17.790555826268545,22.88711292663879,14.42472573875375
18.16216216216216,31.532387871587993,26.8171166564819,22.23297494140773,25.663320918471143,24.088837302046674,17.82799275027298,22.935411958332775,14.470913766600965
18.25825825825826,31.651876903815698,26.94706205711496,22.341024658959054,25.737813927447537,24.179245262781276,17.865224340418084,22.983423404332857,14.51683962611267
18.354354354354353,31.770281945785662,27.075819469937166,22.448076436992835,25.811635428504847,24.268826666641377,17.90212426455081,23.03098451457992,14.562347549590351
18.45045045045045,31.887197560697487,27.202948083228236,22.55376376963446,25.884532794784533,24.357275022621117,17.938566190518117,23.077932539014846,14.607281769335511
18.546546546546548,32.00221831175075,27.328007085267885,22.657720151009283,25.95625339942804,24.444283839714625,17.974423786166966,23.124104727578523,14.651486517649632
18.64264264264264,32.11493876214504,27.45055566433582,22.75957907524267,26.026544615576807,24.52954662691602,18.009570719344303,23.169338330211822,14.694806026834206
18.73873873873874,32.22495347507993,27.570153008711763,22.858974036459994,26.09515381637229,24.612756893219448,18.0438806578971,23.213470596855636,14.737084529190728
18.834834834834833,32.331857013755005,27.686358306675416,22.955538528786615,26.16182837495594,24.693608147619035,18.077227269672303,23.256338777450836,14.778166257020686
18.93093093093093,32.43524394136987,27.7987307465065,23.04890604634792,26.2263156644692,24.771793899108918,18.109484222516876,23.297780121938313,14.817895442625577
19.027027027027028,32.5347113062407,27.90683221141921,23.13871231710618,26.288364605818998,24.847009526858372,18.140525962181144,23.337632866986432,14.856117270995693
19.123123123123122,32.63008116370987,28.010468588949585,23.224795324724884,26.347864257443252,24.919119739132164,18.17029736721598,23.375824589383964,14.892763185317035
19.21921921921922,32.72157682511595,28.109880900588863,23.307353736328196,26.404953585640843,24.98829120949838,18.19886891928803,23.412442186540112,14.927918453386486
19.315315315315313,32.809463078359734,28.20535514624784,23.386623501747852,26.459797388895158,25.054721824722638,18.226324083260415,23.447589024332295,14.961684243364033
19.41141141141141,32.894004711341964,28.297177325837325,23.46284057081564,26.5125604656896,25.118609471570572,18.252746323996274,23.481368468637946,14.994161723409672
19.50750750750751,32.975466511963425,28.385633439268105,23.53624089336331,26.563407614507557,25.18015203680781,18.278219106358726,23.51388388533449,15.025452061683392
19.603603603603602,33.05411326812487,28.47100948645099,23.607060419222623,26.612503633832443,25.23954740719998,18.30282589521091,23.54523864029935,15.055656426345186
19.6996996996997,33.130209767727074,28.553591467296783,23.675535098225357,26.660013322147638,25.296993469512707,18.32665015541595,23.57553609940995,15.084875985555044
19.795795795795797,33.20402079867082,28.633665381716295,23.741900880203264,26.706101477936553,25.35268811051163,18.34977535183697,23.60487962854371,15.11321190747296
19.89189189189189,33.27581114885684,28.7115172296203,23.806393714988104,26.75093289968257,25.406829216962365,18.37228494933711,23.63337259357806,15.140765360258921
19.98798798798799,33.34584560618595,28.787433010919628,23.869249552411656,26.794672385869102,25.45961467563055,18.39426241277949,23.661118360390425,15.167637512072925
20.084084084084083,33.41438895855887,28.86169872552506,23.93070434230567,26.837484734979537,25.51124237328181,18.415791207027244,23.688220294858233,15.193929531074959
20.18018018018018,33.481705993876396,28.93460037334741,23.990994034501913,26.879534745497278,25.561910196681776,18.436954796943503,23.714781762858905,15.219742585425017
20.276276276276278,33.548061500039296,29.00642395429748,24.050354578832152,26.92098721590571,25.611816032596074,18.45783664739139,23.740906130269863,15.24517784328309
20.37237237237237,33.61372026494833,29.077455468286054,24.10902192512815,26.96200694468825,25.661157767790336,18.47852022323403,23.766696762968536,15.270336472809165
20.46846846846847,33.678947076504265,29.147980915223954,24.16723202322166,27.00275873032828,25.71013328903019,18.49908898933457,23.792257026832345,15.295319642163241
20.564564564564563,33.74400672260788,29.218286295021976,24.225220822944465,27.0434073713092,25.75894048308126,18.51962641055612,23.817690287738724,15.320228519505305
20.66066066066066,33.80916399115993,29.288657607590917,24.283224274128315,27.084117666114413,25.80777723670918,18.54021595176182,23.843099911565087,15.34516427299535
20.756756756756758,33.874683670061195,29.359380852841582,24.34147832660498,27.125054413227303,25.856841436679574,18.560941077814796,23.86858926418887,15.370228070793367
20.852852852852852,33.94083054721243,29.43074203068477,24.40021893020622,27.166382411131284,25.90633096975808,18.58188525357818,23.894261711487484,15.395521081059346
20.94894894894895,34.00786941051442,29.50302714103129,24.45968203476379,27.208266458309748,25.95644372271032,18.603131943915095,23.920220619338366,15.421144471953284
21.045045045045043,34.07606504786791,29.576522183791926,24.52010359010947,27.250871353246083,26.00737758230192,18.624764613688672,23.94656935361893,15.447199411635166
21.14114114114114,34.145682247173696,29.6515131588775,24.581719546075018,27.29436189442369,26.059330435298513,18.646866727762042,23.973411280206612,15.47378706826499
21.237237237237238,34.21698579633252,29.728286066198805,24.644765852492196,27.338902880325985,26.112500168465733,18.669521750998335,24.00084976497883,15.501008610002742
21.333333333333332,34.290240483245164,29.807126905666635,24.709478459192756,27.38465910943634,26.167084668569196,18.69281314826068,24.028988173813012,15.528965205008413
21.42942942942943,34.3657110958124,29.888321677191804,24.776093316008485,27.431795380238157,26.223281822374545,18.716824384412195,24.05792987258658,15.557758021442002
21.525525525525524,34.44366242193499,29.972156380685107,24.84484637277113,27.480476491214844,26.281289516647398,18.741638924316028,24.087778227176962,15.587488227463492
21.62162162162162,34.5243592495137,30.058917016057343,24.91597357931246,27.53086724084979,26.341305638153383,18.767340232835295,24.118636603461578,15.618256991232883
21.71771771771772,34.60806636644931,30.148889583219322,24.989710885464245,27.583132427626396,26.403528073658137,18.794011774833134,24.15060836731786,15.650165480910161
21.813813813813812,34.69504856064257,30.242360082081838,25.066294241058227,27.637436850028053,26.468154709927287,18.821737015172666,24.183796884623227,15.683314864655316
21.90990990990991,34.78557061999425,30.339614512555695,25.14595959592619,27.693945306538172,26.53538343372646,18.850599418717024,24.218305521255107,15.717806310628342
22.006006006006007,34.879897307765624,30.44093884798327,25.228942878020593,27.752822580236327,26.605412113426762,18.880682442521543,24.25423763355345,15.753740977564332
22.1021021021021,34.97817243184458,30.54648863729226,25.31537260979518,27.814157836920973,26.67834831869142,18.91203121520978,24.2916497584256,15.791173757356075
22.1981981981982,35.08013839779938,30.655986603144466,25.405020877977574,27.877789298995328,26.75399995402784,18.944563668729327,24.33044305788035,15.830006000823275
22.294294294294293,35.18545445283914,30.769065799756056,25.497585926647563,27.943503201019087,26.832112842432085,18.978171383742932,24.370486504970472,15.870107249742494
22.39039039039039,35.29377984417297,30.885359281343227,25.59276599988498,28.011085777551944,26.912432806900235,19.01274594091333,24.411649072748748,15.911347045890302
22.486486486486488,35.40477381900997,31.004500102122158,25.690259341769604,28.080323263153584,26.994705670428356,19.048178920903283,24.453799734267964,15.953594931043261
22.58258258258258,35.51809562455927,31.126121316309018,25.78976419638124,28.151001892383704,27.078677256012526,19.084361904375537,24.49680746258089,15.996720446977937
22.67867867867868,35.63340450802996,31.249855978120003,25.890978807799694,28.222907899801996,27.164093386648815,19.121186471992836,24.540541230740306,16.040593135470893
22.774774774774773,35.75035971663116,31.37533714177129,25.993601420104763,28.295827519968153,27.250699885333304,19.15854420441792,24.584870011798984,16.0850825382987
22.87087087087087,35.86862049757199,31.50219786147906,26.09733027737626,28.369546987441876,27.338242575062054,19.196326682313554,24.62966277880972,16.13005819723792
22.966966966966968,35.987846098061546,31.63007119145949,26.201863623693978,28.443852536782845,27.42646727883114,19.234425486342474,24.674788504825276,16.175389654065114
23.063063063063062,36.10769576530894,31.75859018592876,26.306899703137717,28.518530402550756,27.515119819636645,19.272732197167425,24.72011616289843,16.220946450556855
23.15915915915916,36.22782874652329,31.88738789910307,26.412136759787288,28.593366819305306,27.60394602047463,19.311138395451167,24.76551472608197,16.266598128489708
23.255255255255253,36.34790428891371,32.01609738519858,26.51727303772248,28.66814802160619,27.692691704341172,19.349535661856436,24.810853167428668,16.31221422964023
23.35135135135135,36.46758163968931,32.14435169843148,26.622006781023114,28.7426602440131,27.781102694232345,19.387815577045988,24.856000459991307,16.357664295784993
23.44744744744745,36.58652004605919,32.271783893017954,26.72603623376897,28.81668972108572,27.868924813144226,19.425869721682563,24.900825576822655,16.402817868700566
23.543543543543542,36.70437875523246,32.39802702317417,26.829059640039862,28.89002268738375,27.955903884072875,19.463589676428914,24.945197490975502,16.4475444901635
23.63963963963964,36.820817014418246,32.52271414311633,26.930775243915605,28.962445377466878,28.041785730014382,19.500867021947787,24.98898517550262,16.49171370195038
23.735735735735737,36.93549407082565,32.645478307060614,27.03088128947597,29.03374402589481,28.126316173964806,19.537593338901928,25.032057603456785,16.53519504583776
23.83183183183183,37.048069171663776,32.76595256922318,27.12907602080078,29.103704867227222,28.209241038920222,19.57366020795409,25.074283747890778,16.5778580636022
23.92792792792793,37.158201564141756,32.88376998382023,27.22505768196984,29.17211413602381,28.290306147876713,19.60895920976702,25.115532581857384,16.619572297020277
24.024024024024023,37.265551643329246,32.99856484352685,27.318525538170935,29.238758788842386,28.36925818347127,19.643382289482364,25.15567352326934,16.660207728689343
24.12012012012012,37.36991869542452,33.110121294546616,27.4093024086592,29.303513144011486,28.445947844893944,19.67686549418991,25.194629818096054,16.699687680522754
24.216216216216218,37.47137175385904,33.218514520927656,27.497451073068493,29.366421189414424,28.520427846954277,19.70943052352327,25.232429254400415,16.7380390673203
24.31231231231231,37.57001084429958,33.32385314510873,27.583061880948506,29.42754640688335,28.592774114767046,19.741108918046653,25.26911163146456,16.775300706043197
24.40840840840841,37.66593599241291,33.426245789528636,27.66622518184894,29.486952278250428,28.663062573447025,19.77193221832425,25.30471674857063,16.811511413652646
24.504504504504503,37.759247223865806,33.52580107662614,27.747031325319497,29.544702285347807,28.73136914810898,19.801931964920257,25.33928440500077,16.84671000710987
24.6006006006006,37.850044564325025,33.622627628840014,27.825570660909875,29.600859910007646,28.7977697638677,19.83113969839888,25.37285440003712,16.88093530337607
24.696696696696698,37.938428039457364,33.71683406860905,27.901933538169782,29.655488634062106,28.86234034583794,19.859586959324307,25.405466532961825,16.91422611941247
24.792792792792792,38.02449767492957,33.80852901837203,27.976210306648905,29.708651939343326,28.925156819134486,19.88730528826074,25.43716060305702,16.946621272180266
24.88888888888889,38.108353496408434,33.89782110056771,28.048491315896953,29.76041330768348,28.986295108872113,19.914326225772378,25.467976409604848,16.978159578640685
24.984984984984983,38.19009552956071,33.98481893763487,28.11886691546363,29.810836220914705,29.045831140165582,19.940681312423415,25.497953751887447,17.008879855754927
25.08108108108108,38.26982380005317,34.06963115201231,28.18742745489863,29.859984160869175,29.103840838129674,19.966402088778047,25.52713242918697,17.03882092048421
25.177177177177178,38.3476383335526,34.1523663661388,28.254263283751655,29.907920609379033,29.160400127879164,19.991520095400475,25.55555224078555,17.068021589789744
25.273273273273272,38.42363915572576,34.233133202453104,28.3194647515724,29.954709048276438,29.215584934528827,20.0160668728549,25.583252985965323,17.096520680632736
25.36936936936937,38.497926292239434,34.312040283394,28.38312220791057,30.000412959393554,29.269471183193424,20.04007396170551,25.610274464008437,17.1243570099744
25.465465465465464,38.57059976876037,34.38919623140028,28.44532600231587,30.04509582456252,29.32213479898774,20.06357290251651,25.636656474197036,17.151569394775947
25.56156156156156,38.64175961095537,34.46470966891071,28.506166484337996,30.0888211256155,29.373651707026553,20.086595235852098,25.662438815813253,17.178196651998594
25.65765765765766,38.711505844491164,34.53868921836407,28.565734003526643,30.13165234438466,29.42409783242462,20.109172502276465,25.68766128813924,17.204277598603547
25.753753753753752,38.779938495034564,34.61124350219913,28.62411890943152,30.173652962702125,29.47354910029673,20.13133624235381,25.712363690457128,17.229851051552018
25.84984984984985,38.84715758825233,34.6824811428547,28.681411551602324,30.214886462400084,29.522081435757645,20.153117996648334,25.73658582204906,17.254955827805215
25.945945945945947,38.91326314981122,34.75251076276952,28.73770227958875,30.255416325310676,29.569770763922147,20.174549305724234,25.760367482197182,17.279630744324358
26.04204204204204,38.97835520537802,34.821440984382384,28.793081442940505,30.29530603326606,29.616693009905,20.195661710145707,25.78374847018363,17.30391461807065
26.13813813813814,39.042533780619486,34.889380430132064,28.84763939120729,30.33461906809839,29.662924098820987,20.21648675047695,25.806768585290556,17.32784626600531
26.234234234234233,39.105898901202416,34.95643772245734,28.901466473938797,30.373418911639828,29.70853995578487,20.23705596728216,25.829467626800085,17.35146450508954
26.33033033033033,39.168550592793544,35.02272148379699,28.954653040684736,30.41176904572251,29.75361650591144,20.257400901125536,25.851885393994376,17.374808152284565
26.426426426426428,39.23058888105968,35.0883403365898,29.0072894409948,30.449732952178618,29.798229674315458,20.27755309257127,25.874061686155553,17.397916024551584
26.52252252252252,39.29211379166757,35.15340290327453,29.059466024418697,30.487374112840296,29.842455386111695,20.29754408218357,25.89603630256577,17.420826938851814
26.61861861861862,39.353225350283985,35.21801780628998,29.111273140506125,30.52475600953969,29.886369566414935,20.31740541052662,25.917849042507164,17.443579712146462
26.714714714714713,39.414023582575716,35.28229366807491,29.16280113880677,30.561942124108963,29.93004814033994,20.337168618164633,25.939539705261875,17.466213161396745
26.81081081081081,39.474608514209514,35.34633911106809,29.214140368870357,30.598995938380273,29.973567033001487,20.35686524566179,25.961148090112044,17.488766103563872
26.906906906906908,39.535080170852154,35.410262757708324,29.265381180246568,30.635980934185778,30.017002169514356,20.3765268335823,25.982713996339807,17.511277355609057
27.003003003003002,39.5955385780675,35.47417323029907,29.316613922340313,30.672960593253208,30.060429474877438,20.396184922460407,26.004277223154734,17.53378573443213
27.0990990990991,39.656080063142085,35.53817428962369,29.36792374174699,30.709994645232893,30.103920710430167,20.41586997661691,26.025874961546613,17.556327851603896
27.195195195195193,39.7167874826913,35.60235198877786,29.419376834255804,30.747129153141476,30.14753247172443,20.435608540353552,26.047534902279065,17.578932285965305
27.29129129129129,39.77774062719691,35.66678835031304,29.47103508215868,30.784407069257913,30.191317902343755,20.45542626571497,26.069282573716947,17.601625787983473
27.38738738738739,39.83901928714069,35.73156539678067,29.522960367747526,30.821871345861144,30.235330145871657,20.475348804745792,26.091143504225126,17.624435108125496
27.483483483483482,39.90070325300439,35.79676515073217,29.57521457331427,30.8595649352301,30.279622345891674,20.49540180949065,26.11314322216845,17.647386996858494
27.57957957957958,39.9628723152698,35.862469634719005,29.627859581150815,30.89753078964374,30.324247645987313,20.51561093199418,26.135307255911783,17.670508204649572
27.675675675675677,40.02560626441866,35.92876087129262,29.680957273549087,30.935811861380994,30.36925918974211,20.53600182430101,26.15766113381998,17.69382548196584
27.77177177177177,40.088984890932764,35.99572088300444,29.734569532800993,30.974451102720803,30.414710120739578,20.556600138455774,26.180230384257897,17.7173655792744
27.86786786786787,40.15308798529387,36.06343169240593,29.78875824119846,31.01349146594212,30.460653582563253,20.57743152650311,26.203040535590393,17.741155247042364
27.963963963963963,40.217995337983744,36.13197532204851,29.843585281033402,31.05297590332388,30.50714271879665,20.59852164048764,26.22611711618233,17.765221235736842
28.06006006006006,40.28378673948416,36.201433794483634,29.899112534597737,31.09294736714502,30.554230673023305,20.619896132454006,26.24948565439856,17.78959029582494
28.156156156156158,40.35054198027689,36.27188913226274,29.955401884183384,31.133448809684495,30.601970588826717,20.641580654446834,26.273171678603948,17.814289177773773
28.25225225225225,40.418340850843684,36.34342335793729,30.012515212082246,31.174523183221243,30.650415609790432,20.663600858510762,26.297200717163342,17.839344632050437
28.34834834834835,40.487263141666325,36.41611849405871,30.070514400586248,31.2162134400342,30.699618879497965,20.685982396690413,26.321598298441607,17.864783409122047
28.444444444444443,40.55738864322658,36.490056563178435,30.12946133198731,31.25856253240232,30.749633541532837,20.708750921030433,26.34638995080359,17.890632259455714
28.54054054054054,40.628797146006214,36.565319587847924,30.18941788857735,31.301613412604524,30.800512739478577,20.73193208357544,26.371601202614166,17.916917933518544
28.636636636636638,40.701568440487,36.64198959061861,30.250445952648267,31.34540903291978,30.852309616918706,20.755551536370074,26.397257582238186,17.94366718177764
28.73273273273273,40.77578231715069,36.720148594041945,30.312607406492003,31.389992345627018,30.905077317436753,20.77963493145897,26.423384618040505,17.970906754700124
28.82882882882883,40.85151856647908,36.79987862066936,30.37596413240046,31.435406303005177,30.958868984616224,20.804207920886753,26.45000783838598,17.998663402753095
28.924924924924923,40.92885697895391,36.8812616930523,30.440578012665554,31.481693857333198,31.01373776204067,20.82929615669806,26.477152771639467,18.026963876403656
29.02102102102102,41.00787734505697,36.96437983374222,30.50651092957921,31.528897960890035,31.069736793293586,20.854925290937526,26.504844946165825,18.055834926118926
29.117117117117118,41.08865945527001,37.04931506529056,30.57382476543334,31.577061565954626,31.126919221958524,20.88112097564978,26.53310989032992,18.085303302366007
29.213213213213212,41.17128310007481,37.13614941024874,30.642581402519856,31.626227624805903,31.185338191618982,20.907908862879445,26.5619731324966,18.115395755612006
29.30930930930931,41.25582806995315,37.224964891168234,30.71284272313068,31.676439089722823,31.245046845858496,20.93531460467117,26.59146020103073,18.14613903632404
29.405405405405403,41.342374155386764,37.315843530600475,30.784670609557725,31.727738912984318,31.30609832826059,20.96336385306958,26.621596624297162,18.17755989496921
29.5015015015015,41.43100114685743,37.40886735109688,30.858126944092916,31.78017004686934,31.368545782408784,20.992082260119307,26.652407930660758,18.209685082014627
29.5975975975976,41.52178883484695,37.50411837520893,30.93327360902816,31.833775443656823,31.432442351886607,21.021495477864985,26.68391964848637,18.2425413479274
29.693693693693692,41.61481700983706,37.601678625488056,31.010172486655375,31.888598055625703,31.49784118027758,21.05162915835124,26.71615730613886,18.27615544317463
29.78978978978979,41.71016546230954,37.70163012448568,31.088885459266482,31.944680835054942,31.56479541116522,21.082508953622717,26.74914643198309,18.310554118223436
29.885885885885887,41.80791398274614,37.80405489475328,31.1694744091534,32.00206673422346,31.63335818813305,21.114160515724038,26.78291255438391,18.345764123540917
29.98198198198198,41.908142361628656,37.90903495884227,31.252001218608033,32.060798705410214,31.70358265476461,21.146609496699835,26.817481201706176,18.38181220959419
30.07807807807808,42.01090050162177,38.016621317847296,31.336503736539623,32.12090265484742,31.775501403974076,21.179871810249367,26.852867911958246,18.4187145906224
30.174174174174173,42.11602607059995,38.12664468804395,31.422849149680122,32.182283443990286,31.849001097409232,21.21389421762475,26.889017281158527,18.456412662615982
30.27027027027027,42.223264896358934,38.23884046215076,31.510830794344333,32.24479355474856,31.923905248074874,21.24859355583155,26.925843206692385,18.494815445564022
30.366366366366368,42.33236243938854,38.352943651648474,31.60024171148913,32.30828525954481,32.000037116418625,21.2838865421961,26.963259463168853,18.53383182997079
30.46246246246246,42.44306416017856,38.4686892680179,31.690874942071364,32.3726108308016,32.0772199628881,21.319689894044693,27.001179825196953,18.573370706340548
30.55855855855856,42.55511551921884,38.585812322739784,31.782523527047942,32.437622540941526,32.15527704793095,21.35592032870366,27.039518067385718,18.61334096517757
30.654654654654653,42.66826197699917,38.70404782729493,31.87498050737571,32.50317266238715,32.23403163199479,21.392494563499305,27.07818796434417,18.653651496986114
30.75075075075075,42.78224899400939,38.82313079316409,31.96803892401155,32.56911346756105,32.31330697552725,21.429329315757947,27.11710329068134,18.694211192270448
30.846846846846848,42.89682203073931,38.94279623182807,32.061491817912334,32.63529722888582,32.392926338975954,21.466341302805898,27.156177821006253,18.73492894153484
30.942942942942942,43.01172654767874,39.062779154767604,32.15513223003494,32.70157621878402,32.472712982788536,21.503447241969468,27.195325329927933,18.77571363528355
31.03903903903904,43.126708005317504,39.1828145734635,32.248753201336235,32.767802709678236,32.55249016741262,21.540563850574983,27.234459592055412,18.816474164020853
31.135135135135133,43.24151186414541,39.30263749939654,32.342147772773096,32.833828973991025,32.63208115329584,21.57760784594874,27.273494381997708,18.85711941825101
31.23123123123123,43.3558835846523,39.42198294404747,32.4351089853024,32.899507284144995,32.71130920088582,21.61449594541707,27.312343474363864,18.897558288478287
31.32732732732733,43.46956862732795,39.54058591889709,32.527429879881005,32.96468991256271,32.789997570630184,21.651144866306275,27.35092064376289,18.93769966520695
31.423423423423422,43.582312452662215,39.65818143542616,32.6189034974658,33.029229131666746,32.86796952297656,21.687471325942678,27.389139664803828,18.977452438941263
31.51951951951952,43.69386052114489,39.77450450511547,32.70932287901365,33.09297721387967,32.945048318372585,21.723392041652584,27.426914312095693,19.016725500185494
31.615615615615614,43.8039582932658,39.88929013944579,32.79848106548142,33.15578643162407,33.021057217265884,21.758823730762316,27.464158360247517,19.055427739443907
31.71171171171171,43.912351229514776,40.0022733498979,32.88617109782601,33.21750905732252,33.09581948010408,21.79368311059818,27.500785583868325,19.093468047220775
31.80780780780781,44.01878479038161,40.11318914795257,32.97218601700427,33.27799736339761,33.169158367334816,21.827886898486497,27.536709757567145,19.13075531402035
31.903903903903903,44.12300443635613,40.22177254509057,33.056318863973075,33.33710362227188,33.240897139405696,21.86135181175358,27.571844655953008,19.167198430346915
32.0,44.224755627928154,40.32775855279269,33.138362679689315,33.39468010636795,33.310859056764365,21.893994567725738,27.606104053634937,19.20270628670472
32.0960960960961,44.323840512981086,40.430941346610595,33.21815708343551,33.450612543466065,33.378907144018804,21.92575054096143,27.639421177836244,19.237208388142573
32.192192192192195,44.420287988972625,40.53135175837945,33.29572800779687,33.50492048277721,33.44506348241846,21.95662973494769,27.671807066237395,19.270716697887387
32.288288288288285,44.51418364075406,40.62907978400534,33.37114796368427,33.55765692887008,33.50938991737311,21.986660810403684,27.70329220913314,19.30326379371061
32.38438438438438,44.605613053176704,40.724215419394326,33.44448946200858,33.60887488631338,33.571948294292575,22.015872428048592,27.733907096818214,19.334882253383693
32.48048048048048,44.69466181109184,40.81684866045251,33.51582501368068,33.65862735967578,33.63280045858663,22.044293248601583,27.763682219587384,19.365604654678087
32.57657657657658,44.78141549935077,40.90706950308592,33.58522712961145,33.70696735352596,33.69200825566508,22.071951932781825,27.79264806773539,19.395463575365234
32.672672672672675,44.86595970280477,40.99496794320066,33.652768320711736,33.753947872432626,33.74963353093772,22.098877141308495,27.820835131556976,19.42449159321659
32.768768768768766,44.948380006305136,41.080633976702785,33.71852109789243,33.79962192096443,33.805738129814344,22.125097534900764,27.848273901346897,19.452721286003598
32.86486486486486,45.02876199470318,41.16415759949837,33.782557972064396,33.844042503690076,33.860383897704764,22.150641774277805,27.8749948673999,19.480185231497714
32.96096096096096,45.10719125285018,41.24562880749349,33.84495145413851,33.887262625178266,33.913632680018765,22.17553852015879,27.901028520010733,19.50691600747038
33.05705705705706,45.183753365597425,41.3251375965942,33.90577405502566,33.929335289997674,33.965546322166134,22.199816433262896,27.926405349474145,19.532946191693046
33.153153153153156,45.25853391779622,41.4027739627066,33.965098285636685,33.97031350271697,34.01618666955668,22.223504174309284,27.951155846084884,19.558308361937165
33.249249249249246,45.33161849429785,41.47862790173673,34.02299665688248,34.010250267904844,34.06561556760019,22.24663040401714,27.97531050013769,19.583035095974175
33.34534534534534,45.40309267995361,41.552789409590694,34.07954167967392,34.049198590130004,34.11389486170647,22.269223783105627,27.998899801927326,19.60715897157554
33.44144144144144,45.4730420596148,41.62534848217453,34.134805864921866,34.08721147396111,34.16108639728532,22.291312972293923,28.021954241748535,19.6307125665127
33.53753753753754,45.5415522181327,41.69639511539433,34.18886172353721,34.124341923966874,34.20725201974653,22.312926632301195,28.044504309896066,19.653728458557104
33.633633633633636,45.608708740358615,41.76601930515616,34.2417817664308,34.16064294471595,34.25245357449988,22.334093423846625,28.066580496664663,19.676239225480206
33.729729729729726,45.674597211143826,41.834311047366086,34.29363850451351,34.19616754077705,34.29675290695519,22.35484200764937,28.08821329234908,19.698277445053446
33.825825825825824,45.73930321533964,41.901360337930186,34.344504448696235,34.23096871671884,34.34021186252225,22.375201044428618,28.10943318724406,19.71987569504828
33.92192192192192,45.802912337797345,41.96725717275453,34.394452109889826,34.26509947711002,34.382892286610854,22.395199194903533,28.130270671644354,19.741066553236152
34.01801801801802,45.865510163368235,42.032091547745196,34.44355399900517,34.298612826519275,34.4248560246308,22.41486511979329,28.150756235844717,19.761882597388517
34.114114114114116,45.92718227690359,42.09595345880823,34.49188262695313,34.33156176951528,34.46616492199188,22.434227479817057,28.17092037013989,19.78235640527682
34.21021021021021,45.98801426325472,42.15893290184973,34.539510504644575,34.36399931066672,34.50688082410391,22.45331493569401,28.19079356482462,19.80252055467251
34.306306306306304,46.04809170727291,42.22111987277576,34.586510142990385,34.39597845454231,34.54706557637665,22.472156148143327,28.210406310193658,19.822407623347033
34.4024024024024,46.10750019380946,42.28260436749238,34.63295405290145,34.4275522057107,34.58678102421993,22.490779777884175,28.229789096541754,19.84205018907184
34.4984984984985,46.16632530771566,42.34347638190569,34.6789147452886,34.45877356874058,34.626089013043526,22.50921448563572,28.24897241416366,19.86148082961838
34.5945945945946,46.22465263384279,42.40382591192172,34.724464731062746,34.489695548200665,34.665051388257254,22.527488932117144,28.267986753354116,19.880732122758108
34.69069069069069,46.28256775704215,42.46374295344657,34.76967652113475,34.5203711486596,34.70372999527089,22.54563177804762,28.286862604407872,19.89983664626246
34.786786786786784,46.34015626216506,42.523317502386305,34.81462262641546,34.55085337468609,34.74218667949423,22.563671684146314,28.305630457619685,19.918826977902896
34.88288288288288,46.397503734062774,42.58263955464699,34.85937555781579,34.581195230848834,34.780483286337095,22.581637311132404,28.32432080328429,19.93773569545086
34.97897897897898,46.45469575758661,42.64179910613471,34.90400782624659,34.611449721716504,34.81868166120926,22.599557319725058,28.342964131696448,19.956595376677804
35.07507507507508,46.51181751309486,42.70088563644492,34.94859079649968,34.641668518582385,34.85684254704892,22.617459787023336,28.36159035584757,19.975437681462296
35.171171171171174,46.56895100472452,42.75998457092058,34.99318683363675,34.67189282339217,34.89501802979912,22.63536820733575,28.38022485554013,19.99428706206495
35.267267267267265,46.62617673650665,42.81917942011103,35.03785405221319,34.7021588934957,34.93325610676786,22.653303910552584,28.398890869584847,20.013164566641514
35.36336336336336,46.68357520359287,42.87855368323154,35.08265054162482,34.732502956974834,34.971604751061726,22.67128821375251,28.41761162411949,20.032091223198154
35.45945945945946,46.741226901134816,42.93819085949742,35.127634391267456,34.7629612419114,35.01011193578725,22.689342434014186,28.43641034528182,20.05108805974104
35.55555555555556,46.799212324284106,42.99817444812394,35.17286369053688,34.793569976387204,35.048825634051006,22.707487888416267,28.455310259209593,20.070176104276328
35.651651651651655,46.857611968192394,43.0585879483264,35.218396528828926,34.824365388484104,35.087793818959554,22.72574589403743,28.47433459204057,20.089376384810194
35.747747747747745,46.91650632801127,43.11951485932009,35.26429099553939,34.8553837062839,35.12706446361943,22.744137767956325,28.493506569912515,20.108709929348787
35.84384384384384,46.97597589889239,43.18103868032029,35.310605180064066,34.88666115786844,35.16668554113723,22.762684827251615,28.512849418963196,20.12819776589829
35.93993993993994,47.036101175987376,43.24324291054229,35.35739717179879,34.918233971319545,35.20670502461948,22.78140838900197,28.532386365330364,20.14786092246485
36.03603603603604,47.09696265444787,43.306211049201394,35.40472506013934,34.95013837471903,35.24717088717276,22.80032977028605,28.552140635151783,20.167720427054647
36.132132132132135,47.15864082942548,43.37002659551287,35.45264693448155,34.982410596148746,35.288131101903616,22.819470288182515,28.572135454565224,20.18779730767384
36.228228228228225,47.221216196071836,43.434773048692016,35.501220884221205,35.015086863690506,35.329633641918605,22.838851259770024,28.59239404970844,20.20811259232859
36.32432432432432,47.28476924953858,43.50053390795412,35.55050499875413,35.04820340542614,35.37172648032429,22.858494002127244,28.612939646719195,20.228687309025062
36.42042042042042,47.34938048497733,43.56739267251447,35.60055736747612,35.08179644943748,35.41445759022724,22.87841983233284,28.633795471735244,20.249542485769428
36.51651651651652,47.41513039753972,43.63543284158836,35.65143607978299,35.11590222380636,35.45787494473399,22.898650067465468,28.65498475089436,20.27069915056785
36.612612612612615,47.482099482377386,43.704737914391075,35.70319922507055,35.150556956614594,35.50202651695112,22.919206024603795,28.6765307103343,20.29217833142649
36.708708708708706,47.55036823464193,43.77539139013789,35.75590489273459,35.18579687594401,35.54696027998518,22.94010902082648,28.698456576192825,20.314001056351515
36.8048048048048,47.62001714948501,43.84747676804412,35.80961117217094,35.221658209876445,35.59272420694272,22.961380373212187,28.720785574607696,20.336188353349087
36.9009009009009,47.691126722058236,43.92107754732504,35.86437615277541,35.258177186493725,35.63936627093032,22.983041398839582,28.743540931716673,20.35876125042538
36.996996996997,47.763777447513256,43.99627722719593,35.92025792394377,35.29539003387768,35.68693444505452,23.00511341478732,28.76674587365752,20.38174077558655
37.093093093093096,47.838049821001675,44.0731593068721,35.97731457507187,35.33333298011012,35.73547670242188,23.02761773813407,28.790423626568,20.40514795683876
37.189189189189186,47.91402433767514,44.15180728556881,36.0356041955555,35.3720422532729,35.78504101613896,23.050575685958485,28.814597416585872,20.42900382218818
37.28528528528528,47.99178149268526,44.23230466250137,36.095184874790455,35.41155408144784,35.83567535931233,23.07400857533924,28.839290469848898,20.45332939964097
37.38138138138138,48.07140178118369,44.31473493688507,36.15611470217257,35.45190469271675,35.887427705048545,23.097937723354985,28.864526012494846,20.478145717203304
37.47747747747748,48.15296569832204,44.399181607935176,36.218451767097626,35.49313031516149,35.94034602645415,23.122384447084396,28.89032727066147,20.503473802881338
37.573573573573576,48.236553739251946,44.485728174867006,36.28225415896145,35.53526717686385,35.994478296635705,23.147370063606118,28.916717470486528,20.529334684681245
37.669669669669666,48.32224639912503,44.57445813689583,36.347579967159845,35.57835150590569,36.04987248869978,23.17291588999883,28.943719838107793,20.555749390609186
37.765765765765764,48.41012417309292,44.665454993236935,36.41448728108861,35.62241953036881,36.10657657575293,23.199043243341187,28.97135759966302,20.58273894867132
37.86186186186186,48.500267556307264,44.758802243105634,36.48303419014356,35.66750747833507,36.16463853090172,23.22577344071185,28.999653981289974,20.610324386873813
37.95795795795796,48.59275704391967,44.85458338571719,36.5532787837205,35.713651577886274,36.2241063272527,23.253127799189485,29.02863220912641,20.63852673322284
38.054054054054056,48.687662208048174,44.952870603579385,36.62527109078297,35.76088291925486,36.285021199223166,23.281124591388178,29.058312235187298,20.667363951707387
38.15015015015015,48.78486219442682,45.05353878971336,36.698920618986136,35.809143022127394,36.34730690249007,23.309729014338693,29.08865693216422,20.696800589863415
38.246246246246244,48.88407440098767,45.15629525983216,36.77401751745791,35.85829732514213,36.4107874065157,23.338861182774057,29.119580689682017,20.726755823395095
38.34234234234234,48.98501108629306,45.260842005052595,36.850348142831955,35.90820884954044,36.47528351015819,23.368439778983735,29.150996356866028,20.757147386363393
38.43843843843844,49.08738450890535,45.36688101649146,36.92769885174196,35.95874061656371,36.54061601227569,23.39838348525719,29.182816782841606,20.78789301282928
38.53453453453454,49.190906927386884,45.47411428526554,37.0058560008216,36.00975564745324,36.60660571172633,23.428610983883903,29.21495481673409,20.818910436853706
38.63063063063063,49.2952906003,45.58224380249163,37.08460594670458,36.06111696345045,36.673073407368264,23.459040957153338,29.247323307668825,20.85011739249765
38.726726726726724,49.40024778620705,45.690971559286545,37.163735046024556,36.112687585796685,36.73983989805963,23.489592087354964,29.279835104771163,20.88143161382208
38.82282282282282,49.505490743670386,45.799999546767054,37.24302965541523,36.164330535733306,36.806725982658584,23.52018305677826,29.312403057166446,20.912770834887958
38.91891891891892,49.61073173125234,45.90902975604996,37.32227613151028,36.21590883450168,36.873552460023255,23.550732547712684,29.34494001398002,20.94405278975625
39.01501501501502,49.715683007515274,46.01776417825207,37.40126083094338,36.267285503343174,36.94014012901179,23.58115924244771,29.37735882433723,20.975195212487932
39.111111111111114,49.82005683102153,46.125904804490176,37.479770110348234,36.31832356349915,37.006309788482326,23.611381823272808,29.409572337363425,21.00611583714396
39.207207207207205,49.923565460333435,46.233153625881044,37.557590326358486,36.368886036210945,37.071882237293025,23.64131897247745,29.44149340218394,21.036732397785293
39.3033033033033,50.02592115401337,46.339212633541514,37.63450783560787,36.418835942719966,37.13667827430202,23.670889372351102,29.473034867924135,21.066962628472922
39.3993993993994,50.126836170623655,46.44378381858835,37.710308994730035,36.46803630426755,37.20051869836745,23.700011705183236,29.50410958370935,21.096724263267795
39.4954954954955,50.22602276872666,46.54656917213836,37.784780160358665,36.51635014209506,37.263224308347475,23.728604653263325,29.534630398664923,21.125935036230885
39.591591591591595,50.3231932068847,46.64727068530834,37.85770768912746,36.56364047744387,37.32461590310022,23.756586898880833,29.564510161916214,21.154512681423157
39.687687687687685,50.41805974366015,46.745590349215064,37.92887793767007,36.60977033155533,37.384514281483824,23.78387712432523,29.593661722588553,21.182374932905574
39.78378378378378,50.51033463761534,46.84123015497537,37.99807726262023,36.65460272567081,37.44274024235645,23.810394011885993,29.621997929807296,21.209439524739103
39.87987987987988,50.599730147312634,46.93389209370601,38.06509202061158,36.69800068103169,37.49911458457624,23.83605624385259,29.649431632697794,21.23562419098473
39.97597597597598,50.685958531314355,47.0232781565238,38.12970856827782,36.739827218879306,37.55345810700132,23.860782502514482,29.675875680385374,21.26084666570339
40.072072072072075,50.76876716892887,47.10912674795008,38.19173923190334,36.77996209212516,37.60561320540104,23.88450122530198,29.701253410626506,21.285034557482795
40.168168168168165,50.84820912003161,47.191493203990234,38.25122236991765,36.81843068118004,37.65561024866061,23.907225755500807,29.725579451115067,21.308201419865483
40.26426426426426,50.92449483747086,47.27059604664781,38.30831272325903,36.85533334912453,37.70357639182281,23.929013153879673,29.748915434151026,21.330405058902656
40.36036036036036,50.99783607486328,47.346655146571,38.36316599470464,36.89077107873076,37.749639589816,23.949920842508817,29.771323380502157,21.351703646368733
40.45645645645646,51.068444585825496,47.41989037440794,38.41593788703165,36.92484485277081,37.793927797568564,23.970006243458467,29.792865310936246,21.372155354038142
40.552552552552555,51.136532123974185,47.490521600806815,38.46678410301728,36.9576556540168,37.836568970008855,23.989326778798855,29.813603246221074,21.391818353685274
40.648648648648646,51.202310442925956,47.558768696415775,38.515860345438675,36.98930446524081,37.87769106206525,24.00793987060021,29.833599207124426,21.41075081708457
40.74474474474474,51.26599129629751,47.62485153188301,38.56332231707302,37.01989226921496,37.91742202866614,24.025902940932774,29.852915214414075,21.42901091601044
40.84084084084084,51.32778643770546,47.68898997785665,38.60932572069751,37.04952004871134,37.95588982473985,24.043273411866764,29.871613288857812,21.446656822237294
40.93693693693694,51.38790762076646,47.7514039049849,38.654026259089314,37.07828878650204,37.993222405214794,24.060108705472416,29.88975545122342,21.463746707539563
41.033033033033036,51.44656659909718,47.8123131839159,38.69757963502562,37.10629946535918,38.0295477250193,24.07646624381997,29.907403722278673,21.480338743691654
41.129129129129126,51.50397512631425,47.8719376852978,38.740141551283585,37.13365306805485,38.064993739081764,24.092403448979645,29.924620122791357,21.496491102467992
41.22522522522522,51.56034495603432,47.93049727977881,38.78186771064042,37.16045057736115,38.09968840233056,24.10797774302169,29.941466673529252,21.512261955642984
41.32132132132132,51.61588784187406,47.98821183800708,38.8229138158733,37.18679297605019,38.13375966969403,24.12324654801631,29.958005395260145,21.527709474991056
41.41741741741742,51.6708155374501,48.04530123063076,38.86343556975938,37.212781246894075,38.16733549610058,24.138267286033763,29.974298308751816,21.54289183228662
41.513513513513516,51.725339796379096,48.10198532829803,38.903588675075866,37.23851637266487,38.200543836478545,24.15309737914427,29.990407434772045,21.5578671993041
41.609609609609606,51.779672372277695,48.158484001657044,38.94352883459993,37.26409933613471,38.23351264575633,24.167794249418055,30.006394794088614,21.5726937478179
41.705705705705704,51.83402501876254,48.215017121355984,38.983411751108754,37.28963112007569,38.266369878862264,24.182415318925358,30.022322407469307,21.587429649602456
41.8018018018018,51.88860948945031,48.271804558043,39.02339312737951,37.31521270725991,38.29924349072474,24.197018009736414,30.0382522956819,21.602133076432168
41.8978978978979,51.94363753795762,48.329066182366276,39.06362866618938,37.34094508045947,38.332261436272134,24.211659743921448,30.054246479494182,21.616862200081464
41.993993993993996,51.99932091790112,48.38702186497396,39.10427407031555,37.366929222446466,38.3655516704328,24.22639794355069,30.07036697967394,21.631675192324764
42.09009009009009,52.0558713828975,48.44589147651422,39.1454850425352,37.393266115992986,38.399242148135116,24.241290030694376,30.08667581698894,21.646630224936466
42.186186186186184,52.11350068656337,48.50589488763524,39.18741728562551,37.420056743871164,38.433460824307446,24.256393427422736,30.103235012206973,21.66178546969101
42.28228228228228,52.17242058251539,48.56725196898516,39.23022650236365,37.44740208885307,38.46833565387817,24.271765555806002,30.120106586095826,21.6771990983628
42.37837837837838,52.23284282437022,48.63018259121217,39.27406839552682,37.47540313371082,38.50399459177565,24.28746383791441,30.13735255942327,21.69292928272626
42.474474474474476,52.29497916574451,48.694906624964425,39.31909866789217,37.50416086121651,38.540565592928246,24.30354569581818,30.1550349529571,21.709034194555805
42.57057057057057,52.35904136025488,48.76164394089008,39.365473022236905,37.533776254142246,38.578176612264336,24.32006855158755,30.17321578746508,21.72557200562585
42.666666666666664,52.42524116151802,48.83061440963731,39.41334716133821,37.56435029526011,38.6169556047123,24.337089827292754,30.191957083715007,21.742600887710807
42.76276276276276,52.49379032315054,48.902037901854285,39.462876787973244,37.59598396734223,38.6570305252005,24.35466694500402,30.211320862474658,21.760179012585112
42.85885885885886,52.56490059876914,48.97613428818918,39.514217604919196,37.62877825316068,38.6985293286573,24.372857326791586,30.23136914451182,21.778364552023163
42.95495495495496,52.63878374199044,49.05312343929013,39.56752531495325,37.66283413548759,38.741579970011074,24.391718394725675,30.252163950594266,21.797215677799386
43.05105105105105,52.7156394527689,49.13321267210411,39.62294679727012,37.69824689023523,38.786303197006646,24.41130437070349,30.273763817640372,21.816787331258787
43.147147147147145,52.79542700306558,49.21635890157144,39.68045293175447,37.73499796161644,38.8326759995288,24.43160564447154,30.296157792075846,21.83707001808756
43.24324324324324,52.877884064408356,49.3022882492363,39.73985238122635,37.77296387613641,38.88054286706751,24.452553772226835,30.319270871531327,21.8579948541742
43.33933933933934,52.96274002802587,49.390718212840405,39.8009477471195,37.81201723995597,38.92974333811654,24.474078111798004,30.34302566039673,21.879490736254063
43.43543543543544,53.049724285146844,49.48136629012543,39.863541630867694,37.85203065923597,38.98011695116961,24.49610802101367,30.36734476306195,21.901486561062498
43.531531531531535,53.13856622699992,49.573949978833056,39.92743663390468,37.89287674013726,39.03150324472049,24.51857285770244,30.392150783916893,21.923911225334862
43.627627627627625,53.22899524481381,49.66818677670501,39.9924353576642,37.934428088820674,39.0837417572629,24.541401979692957,30.41736632735147,21.94669362580651
43.72372372372372,53.320740729817196,49.76379418148295,40.05834040358004,37.97655731144706,39.136672027290594,24.564524744813816,30.44291399775559,21.969762659212805
43.81981981981982,53.41353207323875,49.86048969090861,40.124954373085934,38.01913701417724,39.19013359329731,24.587870510893648,30.46871639951914,21.993047222289107
43.91591591591592,53.507098666307165,49.95799080272365,40.192079867615654,38.06203980317209,39.24396599377681,24.61136863576107,30.494696137032044,22.016476211770765
44.012012012012015,53.6011699002511,50.056015014669775,40.25951948860294,38.10513828459242,39.298008767222825,24.634948477244713,30.5207758146842,22.039978524393142
44.108108108108105,53.69547516629926,50.15427982448868,40.327075837481566,38.14830506459909,39.3521014521291,24.658539393173182,30.546878036865508,22.063483056891585
44.2042042042042,53.78974385568032,50.25250272992205,40.39455151568527,38.19141274935294,39.40608358698938,24.682070741375103,30.57292540796588,22.086918706001455
44.3003003003003,53.88370535962297,50.3504012287116,40.461749124647845,38.23433394501482,39.45979471029741,24.705471879679095,30.598840532375224,22.110214368458116
44.3963963963964,53.977089069355884,50.447692818599,40.528471265803,38.276941257745555,39.51307436054693,24.728672165913782,30.624546014483435,22.133298940996916
44.492492492492495,54.06962437610775,50.544094997325956,40.59452054058452,38.319107293706004,39.56576207623169,24.751600957907776,30.649964458680433,22.156101320353216
44.588588588588586,54.16104067110724,50.63932526263416,40.659699550426154,38.360704659057,39.61769739584544,24.7741876134897,30.675018469356107,22.17855040326237
44.68468468468468,54.25106734558306,50.7331011122653,40.723810896761655,38.40160595995938,39.66871985788191,24.79636149048818,30.69963065090037,22.200575086459743
44.78078078078078,54.339433790763856,50.8251400439611,40.7866571810248,38.441683802574,39.71866900083486,24.81805194673183,30.723723607703125,22.22210426668068
44.87687687687688,54.42586939787835,50.915159555463205,40.848041004649325,38.48081079306169,39.76738436319802,24.839188340049276,30.74721994415429,22.243066840660546
44.972972972972975,54.5101035581552,51.00287714451334,40.907764969068985,38.5188595375833,39.81470548346514,24.859700028269124,30.77004226464375,22.263391705134687
45.069069069069066,54.591887614923166,51.08803323140414,40.96564780787198,38.5557130777418,39.86048511345608,24.879522214393045,30.79211954825397,22.28301365921996
45.16516516516516,54.67118528233725,51.17058999567105,41.02166432167225,38.59135541055946,39.90470383444545,24.89864664928031,30.813442444646594,22.301924603341483
45.26126126126126,54.74807936293619,51.25063396985158,41.07587682672875,38.62582714449584,39.947413908943176,24.91709679338553,30.83403618567952,22.32014845787095
45.35735735735736,54.822653974544416,51.328253059914594,41.128348605877356,38.65916951326221,39.98866839115101,24.9348964573837,30.85392638515781,22.337709496828154
45.453453453453456,54.89499323498638,51.403535171829,41.17914294195389,38.69142375056982,40.028520335270734,24.952069451949797,30.8731386568865,22.354631994232854
45.549549549549546,54.96518126208652,51.47656821156369,41.22832311779421,38.722631090129944,40.067022795504094,24.968639587758805,30.89169861467066,22.370940224104835
45.645645645645644,55.033302173669256,51.54744008508757,41.27595241623414,38.75283276565384,40.10422882605286,24.984630675485715,30.90963187231534,22.386658460463885
45.74174174174174,55.09944008755903,51.61623869836953,41.32209412010955,38.78207001085277,40.14019148111881,25.00006652580551,30.926964043625592,22.401810977329767
45.83783783783784,55.16367912158028,51.68305195737845,41.366811512256255,38.810384059437986,40.17496381490369,25.014970949393174,30.943720742406462,22.41642204872226
45.933933933933936,55.22610339355743,51.74796776808324,41.41016787551012,38.837816145120755,40.20859888160927,25.029367756923687,30.959927582463017,22.430515948661146
46.03003003003003,55.286797021314946,51.811074036452794,41.45222649270696,38.864407501612334,40.241149735437304,25.043280759072037,30.97561017760029,22.444116951166187
46.126126126126124,55.34584412267723,51.872458668456,41.49305064668266,38.89019936262398,40.27266943058957,25.05673376651322,30.990794141623358,22.457249330257184
46.22222222222222,55.40332881546874,51.93220957006175,41.53270362027303,38.91523296186697,40.30321102126783,25.0697505899222,31.005505088337255,22.469937359953903
46.31831831831832,55.459335217513896,51.99041464723896,41.57124869631392,38.939549533052556,40.332827561673845,25.082355039973976,31.01976863154705,22.482205314276122
46.414414414414416,55.51394744663713,52.04716180595649,41.60874915764118,38.963190309891985,40.361572106009376,25.094570927343533,31.033610385057777,22.494077467243613
46.51051051051051,55.56724962066289,52.10253895218325,41.64526828709066,38.986196526096535,40.38949770847619,25.10642206270585,31.047055962674506,22.505578092876164
46.606606606606604,55.61932585741561,52.15663399188815,41.68086936749818,39.00860941537747,40.41665742327605,25.117932256735912,31.06013097820228,22.516731465193537
46.7027027027027,55.670260274719745,52.20953483104006,41.71561568169961,39.03047021144604,40.44310430461073,25.129125320108706,31.07286104544616,22.52756185821552
46.7987987987988,55.720136990399695,52.26132937560789,41.74957051253077,39.0518201480135,40.46889140668197,25.140025063499216,31.085271778211194,22.538093545961893
46.8948948948949,55.76904012227991,52.31210553156053,41.78279714282751,39.072700458791125,40.49407178369155,25.150655297582425,31.09738879030244,22.54835080245242
46.99099099099099,55.817053788184815,52.36195120486687,41.81535885542568,39.09315237749016,40.51869848984124,25.16103983303333,31.10923769552494,22.558357901706884
47.087087087087085,55.864262105938884,52.410954301495806,41.84731893316112,39.11321713782189,40.54282457933279,25.171202480526894,31.12084410768376,22.56813911774507
47.18318318318318,55.9107491933665,52.459202727416255,41.87874065886967,39.13293597349755,40.566503106367975,25.181167050738114,31.13223364058394,22.577718724586745
47.27927927927928,55.956599168292136,52.50678438859706,41.909687315387174,39.15235011822842,40.58978712514855,25.190957354341982,31.14343190803055,22.5871209962517
47.37537537537538,56.00189614854022,52.553787191007174,41.94022218554948,39.17150080572575,40.612729689876275,25.20059720201347,31.15446452382863,22.596370206759694
47.471471471471475,56.046724251935174,52.60029904061545,41.970408552192424,39.19042926970079,40.63538385475294,25.210110404427564,31.165357101783236,22.60549063013051
47.567567567567565,56.091167596301446,52.64640784339079,42.00030969815185,39.20917674386484,40.65780267398027,25.21952077225926,31.17613525569942,22.614506540383935
47.66366366366366,56.13531029946347,52.692201505302094,42.02998890626362,39.227784461929126,40.68003920176006,25.228852116183532,31.18682459938224,22.62344221153974
47.75975975975976,56.17923647924567,52.73776793231827,42.05950945936354,39.2462936576049,40.70214649229406,25.23812824687537,31.19745074663675,22.632321917617695
47.85585585585586,56.2230302534725,52.783195030408194,42.08893464028748,39.26474556460346,40.72417759978404,25.24737297500975,31.20803931126799,22.641169932637588
47.951951951951955,56.266775739968395,52.82857070554078,42.11832773187129,39.28318141663603,40.74618557843176,25.256610111261672,31.218615907081027,22.65001053061919
48.048048048048045,56.310556352665294,52.873982066196945,42.147751238115085,39.301641817441954,40.768222687657044,25.265863073144782,31.229205780723166,22.65886754215515
48.14414414414414,56.354439315968435,52.91949787863497,42.17724974979793,39.32015288140571,40.790322906895234,25.275146235462287,31.23982573421364,22.66775459901428
48.24024024024024,56.3984756647562,52.96516856689045,42.206849944477746,39.33872623355702,40.8125019355971,25.284464930306928,31.250484124943593,22.67667513414154
48.33633633633634,56.44271573001455,53.01104375751102,42.23657772087678,39.3573728689536,40.834774678431536,25.29382409661012,31.26118894314643,22.685632137054746
48.432432432432435,56.48720984272943,53.0571730770443,42.266458977717264,39.3761037826532,40.85715604006741,25.30322867330328,31.271948179055553,22.69462859727173
48.528528528528525,56.5320083338868,53.10360615203794,42.296519613721436,39.39492996971358,40.87966092517358,25.312683599317822,31.282769822904374,22.70366750431033
48.62462462462462,56.577161534472616,53.15039260903957,42.326785527611534,39.41386242519248,40.90230423841895,25.32219381358516,31.293661864926293,22.71275184768838
48.72072072072072,56.622719775472824,53.19758207459684,42.357282618109785,39.43291214414764,40.925100884472364,25.33176425503672,31.30463229535472,22.72188461692371
48.81681681681682,56.66873338787336,53.24522417525737,42.38803678393844,39.452090121636815,40.94806576800271,25.3413998626039,31.315689104423047,22.731068801534136
48.912912912912915,56.71525270266018,53.29336853756881,42.419073923819724,39.47140735271774,40.97121379367884,25.351105575218135,31.326840282364692,22.740307391037497
49.009009009009006,56.76232805081924,53.34206478807879,42.450419936475875,39.49087483244818,40.99455986616963,25.36088633181083,31.33809381941306,22.749603374951633
49.1051051051051,56.8100097633365,53.39136255333494,42.48210072062914,39.51050355588584,41.018118890143974,25.37074707131341,31.34945770580155,22.75895974279436
49.2012012012012,56.85834817119791,53.44131145988492,42.514142175001744,39.530304518088506,41.041905770270716,25.38069273265728,31.360939931763568,22.768379484083525
49.2972972972973,56.90739360538938,53.491961134276366,42.546570198315926,39.55028871411391,41.065935411218746,25.390728254773855,31.37254848753252,22.777865588336944
49.393393393393396,56.95719639689691,53.543361203056875,42.57941068929393,39.5704671390198,41.09022271765693,25.400858576594565,31.384291363341813,22.78742104507245
49.489489489489486,57.00780687670643,53.59556129277413,42.612689546658,39.59085078786391,41.11478259425412,25.411088637050817,31.396176549424844,22.79704884380788
49.585585585585584,57.0592753758039,53.648611029975754,42.64643266913034,39.611450655704,41.13962994567924,25.421423375074028,31.408212036015026,22.806751974061058
49.68168168168168,57.11165222517524,53.702560041209374,42.68066595543322,39.6322777375978,41.16477967660111,25.431867729595613,31.420405813345766,22.816533425349824
49.77777777777778,57.16498775580644,53.75745795302263,42.71541530428885,39.653343028603075,41.190246691688614,25.44242663954699,31.432765871650464,22.826396187191996
49.873873873873876,57.21933229868343,53.813354391963166,42.75070661441949,39.67465752377756,41.216045895610634,25.453105043859573,31.44530020116252,22.83634324910541
49.969969969969966,57.27473618479217,53.870298984578625,42.78656578454737,39.696232218179,41.24219219303603,25.463907881464777,31.458016792115345,22.84637760060791
50.066066066066064,57.33124974511859,53.92834135741663,42.82301871339471,39.718078106865136,41.268700488633684,25.474840091294023,31.47092363474235,22.8565022312173
50.16216216216216,57.38892331064867,53.98753113702482,42.860091299683766,39.740206184893715,41.29558568707246,25.485906612278725,31.484028719276928,22.866720130451434
50.25825825825826,57.447807212368325,54.04791794995084,42.89780944213677,39.762627447322494,41.322862693021236,25.4971123833503,31.49734003595249,22.87703428782813
50.354354354354356,57.507951781263536,54.10955142274232,42.93619903947596,39.78535288920921,41.35054641114888,25.508462343440158,31.510865575002438,22.887447692865223
50.45045045045045,57.56940734832025,54.1724811819469,42.975285990423565,39.80839350561161,41.37865174612426,25.519961431479718,31.524613326660184,22.897963335080547
50.546546546546544,57.63222424452439,54.236756854112215,43.01509619370182,39.831760291587436,41.40719360261626,25.531614586400398,31.538591281159125,22.90858420399193
50.64264264264264,57.69645280086194,54.30242806578592,43.05565554803298,39.85546424219444,41.43618688529374,25.543426747133616,31.55280742873267,22.9193132891172
50.73873873873874,57.76214334831882,54.36954444351562,43.096989952139275,39.87951635249036,41.46564649882558,25.555402852610786,31.56726975961422,22.93015357997418
50.83483483483484,57.82934621788102,54.438155613848984,43.139125304742926,39.90392761753296,41.49558734788063,25.56754784176332,31.581986264037187,22.941108066080716
50.93093093093093,57.89811174053445,54.508311203333626,43.18208750456618,39.92870903237995,41.526024337127794,25.57986665352264,31.59696493223497,22.952179736954633
51.027027027027025,57.96848942112276,54.580060006840114,43.22590196951588,39.953871333972494,41.55697205058764,25.592364102514612,31.612213594136144,22.963371480233548
51.12312312312312,58.040453964045646,54.65337551766768,43.27055058358784,39.97940188889929,41.588416040196414,25.605033748512497,31.627725565375304,22.974676959133596
51.21921921921922,58.11384668174973,54.72809694349996,43.31593759656755,40.00524638729917,41.6202900848496,25.617849080462538,31.643468278184223,22.98607338692039
51.31531531531532,58.18849509837778,54.804049611341604,43.36195923343782,40.03134621134827,41.65252261182734,25.630781512653122,31.65940648930927,22.997536276480275
51.411411411411414,58.264226738072516,54.881058848197235,43.4085117191815,40.057642743222715,41.685042048409784,25.643802459372658,31.67550495549681,23.009041140699573
51.507507507507505,58.34086912497667,54.95894998107146,43.45549127878146,40.08407736509866,41.71777682187708,25.65688333490952,31.69172843349321,23.02056349246461
51.6036036036036,58.41824978323297,55.037548336968946,43.50279413722052,40.110591459152225,41.75065535950938,25.669995553552113,31.708041680044833,23.03207884466172
51.6996996996997,58.49619623698417,55.1166792428943,43.55031651948156,40.13712640755954,41.78360608858682,25.683110529588824,31.72440945189805,23.04356271017722
51.7957957957958,58.574536010372974,55.19616802585216,43.597954650547415,40.16362359249677,41.81655743638957,25.696199677308044,31.740796505799217,23.054990601897444
51.891891891891895,58.65309662754213,55.27584001284717,43.64560475540092,40.19002439614001,41.849437830197765,25.709234410998167,31.757167598494703,23.066338032708728
51.987987987987985,58.73170561263435,55.355520530883936,43.69316305902495,40.21627020066542,41.882175697291544,25.72218614494759,31.773487486730875,23.077580515497374
52.08408408408408,58.81019048979238,55.435034906967104,43.74052578640232,40.24230238824912,41.914699464951056,25.735026293444694,31.7897209272541,23.088693563149732
52.18018018018018,58.88837878315896,55.5142084681013,43.78758916251591,40.26806234106727,41.94693756045646,25.747726270777882,31.805832676810738,23.099652688552126
52.27627627627628,58.966098016876806,55.592866541291166,43.834249412348555,40.29349144129598,41.97881841108791,25.760257491235542,31.82178749214716,23.11043340459088
52.372372372372375,59.04317571508866,55.67083445354132,43.8804027608831,40.318531071111394,42.010270444125524,25.772591369106067,31.837550130009724,23.121011224152312
52.468468468468465,59.11943940193725,55.74793753185639,43.925945433102406,40.34312261268965,42.04122208684947,25.784699318677845,31.8530853471448,23.13136166012277
52.56456456456456,59.1947166015653,55.824001103241024,43.97077365398931,40.36720744820687,42.07160176653991,25.796552754239276,31.86835790029875,23.141460225388556
52.66066066066066,59.26883483811556,55.898850494699836,44.01478364852667,40.390726959839206,42.10133791047696,25.808123090078745,31.88333254621794,23.15128243283602
52.75675675675676,59.34162163573074,55.972311033237474,44.05787164169732,40.41362252976279,42.13035894594079,25.81938174048465,31.89797404164874,23.160803795351484
52.852852852852855,59.412904518553596,56.04420804585855,44.09993385848412,40.435835540153754,42.15859330021154,25.830300119745385,31.912247143337517,23.169999825821264
52.948948948948946,59.48251101072682,56.1143668595677,44.14086652386991,40.457307373188215,42.185969400569356,25.84084964214933,31.926116608030625,23.17884603713169
53.04504504504504,59.55027265254176,56.182616891415954,44.18056835112412,40.47798087888078,42.212417443265,25.85100244461154,31.939548052343888,23.18731858129462
53.14114114114114,59.61612846594513,56.248897017790476,44.21900464596286,40.497838190082064,42.23791496639592,25.8607500032492,31.95253010503787,23.195410714835447
53.23723723723724,59.68013408636849,56.313264874271226,44.25621296435971,40.51690406001719,42.262490872152306,25.87010477647406,31.965076362169903,23.203134252022558
53.333333333333336,59.74235099556575,56.3757840503338,44.29223448449616,40.535205378649124,42.286176637821434,25.879080274628155,31.9772016715125,23.21050193750171
53.429429429429426,59.8028406752908,56.43651813545381,44.32711038455375,40.55276903594085,42.30900374069057,25.887690008053532,31.988920880838144,23.217526515918657
53.525525525525524,59.86166460729756,56.495530719106846,44.360881842714,40.56962192185534,42.331003658046995,25.895947487092236,32.00024883791933,23.22422073191914
53.62162162162162,59.91888427333992,56.55288539076855,44.393590037158425,40.585790926355564,42.35220786717796,25.903866222086307,32.011200390528565,23.23059733014891
53.71771771771772,59.97456115517175,56.6086457399145,44.42527614606854,40.6013029394045,42.37264784537075,25.911459723377796,32.02179038643833,23.236669055253735
53.813813813813816,60.028756734546995,56.662875356020315,44.45598134762588,40.61618485096512,42.392355069912625,25.918741501308734,32.03203367342113,23.242448651879343
53.909909909909906,60.08153249321955,56.7156378285616,44.48574682001197,40.63046355100041,42.41136101809086,25.925725066221183,32.04194509924947,23.247948864671507
54.006006006006004,60.132949912943296,56.76699674701398,44.51461374140831,40.64416592947333,42.42969716719271,25.93242392845717,32.051539511695815,23.253182438275964
54.1021021021021,60.18307047547216,56.81701570085302,44.54262328999644,40.65731887634687,42.44739499450546,25.938851598358745,32.06083175853268,23.258162117338465
54.1981981981982,60.231955662560004,56.86575827955437,44.56981664395787,40.669949281584,42.46448597731637,25.94502158626795,32.06983668753256,23.262900646504775
54.294294294294296,60.27966695596077,56.91328807259363,44.59623498147413,40.682084035147675,42.48100159291272,25.950947402526833,32.07856914646794,23.267410770420632
54.39039039039039,60.32626583742833,56.95966866944638,44.621919480726746,40.693750027000895,42.49697331858178,25.95664255747743,32.08704398311133,23.271705233731794
54.486486486486484,60.3718137887166,57.00496365958826,44.64691131989722,40.704974147106626,42.5124326316108,25.962120561461788,32.09527604523521,23.275796781084004
54.58258258258258,60.41637229157947,57.04923663249487,44.671251677167085,40.71578328542784,42.527411009287064,25.967394924821956,32.10328018061208,23.279698157123022
54.67867867867868,60.46000282777086,57.09255117764181,44.69498173071786,40.726204331927505,42.54193992889785,25.972479157899976,32.11107123701444,23.283422106494598
54.77477477477478,60.502766879044664,57.134970884504696,44.718142658731075,40.73626417656862,42.556050867730406,25.97738677103789,32.11866406221479,23.286981373844483
54.87087087087087,60.544725927154765,57.176559342559116,44.74077563938824,40.745989709314124,42.569775303072014,25.982131274577732,32.12607350398561,23.290388703818422
54.966966966966964,60.58594145385509,57.2173801412807,44.762921850870875,40.755407820127026,42.58314471220995,25.98672617886156,32.1333144100994,23.293656841062173
55.06306306306306,60.62647494089952,57.257496870145054,44.784622471360514,40.764545398970284,42.59619057243147,25.99118499423141,32.14040162832867,23.296798530221487
55.15915915915916,60.666387870041966,57.296973118627776,44.805918679038676,40.77342933580687,42.608944361023845,25.99552123102933,32.14735000644588,23.299826515942115
55.25525525525526,60.705741723036304,57.335872476204486,44.82685165208687,40.78208652059977,42.62143755527434,25.999748399597358,32.15417439222357,23.3027535428698
55.351351351351354,60.744597981636495,57.37425853235077,44.84746256868663,40.790543843311944,42.63370163247025,26.00388001027754,32.160889633434195,23.30559235565031
55.447447447447445,60.783018127596385,57.41219487654226,44.867792607019474,40.798828193906374,42.64576806989881,26.00792957341192,32.16751057785027,23.308355698929383
55.54354354354354,60.82106364266988,57.44974509825454,44.88788294526691,40.80696646234605,42.657668344847316,26.011910599342542,32.17405207324429,23.311056317352772
55.63963963963964,60.8587960086109,57.486972786963236,44.907774761610476,40.81498553859391,42.66943393460302,26.015836598411454,32.18052896738875,23.313706955566232
55.73573573573574,60.896276707173364,57.52394153214395,44.927509234231685,40.822912312612964,42.68109631645319,26.01972108096069,32.186956108056144,23.316320358215513
55.831831831831835,60.93356722011112,57.5607149232723,44.94712754131208,40.83077367436618,42.69268696768512,26.0235775573323,32.19334834301897,23.318909269946367
55.927927927927925,60.970729029178095,57.59735654982388,44.96667086103313,40.83859651381652,42.70423736558606,26.027419537868326,32.1997205200497,23.321486435404545
56.02402402402402,61.007823576646764,57.633929952196496,44.98618031142152,40.846407644679395,42.71577890886162,26.03126048953257,32.20608745695317,23.32406455326575
56.12012012012012,61.044907527534114,57.670492732374115,45.00568973176166,40.85422465471505,42.72733348783758,26.035108630522103,32.21246034544296,23.32665075983038
56.21621621621622,61.08202826871652,57.70709095905764,45.025218824937916,40.862047213506294,42.73890452615152,26.038961985148152,32.218843334824186,23.32924138843852
56.312312312312315,61.11923212107114,57.74376937584733,45.044785669652434,40.86987293195173,42.75049332573644,26.042817406509524,32.22523976527415,23.331831531239054
56.408408408408405,61.156565405475185,57.78057272634347,45.06440834460742,40.87769942094999,42.76210118852537,26.046671747705062,32.23165297697016,23.33441628038087
56.5045045045045,61.19407444280582,57.81754575414635,45.084104928505106,40.88552429139964,42.77372941645129,26.050521861833563,32.238086310089514,23.33699072801288
56.6006006006006,61.23180555394028,57.85473320285623,45.103893500047654,40.89334515419931,42.7853793114472,26.054364601993854,32.24454310480956,23.33954996628396
56.6966966966967,61.269805059755704,57.892179816073394,45.123792137937265,40.901159620247604,42.79705217544611,26.058196821284746,32.25102670130758,23.342089087343012
56.792792792792795,61.3081192811293,57.92993033739812,45.14381892087611,40.90896530044312,42.80874931038102,26.06201537280507,32.2575404397609,23.344603183338926
56.888888888888886,61.34679453893829,57.96802951043068,45.16399192756643,40.91675980568446,42.82047201818492,26.065817109653636,32.26408766034682,23.347087346420594
56.98498498498498,61.38587715405982,58.00652207877137,45.184329236710376,40.92454074687024,42.83222160079084,26.069598884929267,32.270671703242655,23.349536668736903
57.08108108108108,61.425413447371106,58.04545278602045,45.20484892701017,40.932305734899074,42.84399936013177,26.07335755173078,32.27729590862572,23.35194624243676
57.17717717717718,61.465449739749324,58.084866375778205,45.22556907716798,40.940052380669535,42.8558065981407,26.077089963156986,32.283963616673304,23.354311159669045
57.273273273273276,61.506032352071664,58.12480759164491,45.24650776588603,40.94777829508026,42.86764461675064,26.080792972306718,32.29067816756275,23.35662651258265
57.369369369369366,61.54720760521533,58.16532117722085,45.26768307186648,40.95548108902984,42.8795147178946,26.084463432278774,32.29744290147135,23.358887393326484
57.46546546546546,61.5890218200575,58.20645187610629,45.28911307381154,40.96315837341688,42.89141820350558,26.088098196171988,32.304261158576416,23.36108889404943
57.56156156156156,61.63152131747537,58.248244431901526,45.31081585042342,40.970807759139994,42.903356375516566,26.091694117085176,32.31113627905527,23.363226106900377
57.65765765765766,61.67475241834614,58.29074358820682,45.33280948040428,40.97842685709778,42.915330535860576,26.095248048117156,32.31807160308521,23.365294124028225
57.753753753753756,61.71876144354699,58.333994088622454,45.355112042456334,40.98601327818884,42.92734198647062,26.098756842366743,32.32507047084355,23.367288037581858
57.849849849849846,61.76359471395508,58.37804067674871,45.377741615281785,40.99356463331179,42.939392029279674,26.102217352932758,32.332136222507614,23.369202939710178
57.945945945945944,61.80929855044767,58.422928096185856,45.4007162775828,41.001078533365224,42.95148196622076,26.10562643291402,32.33927219825468,23.37103392256207
58.04204204204204,61.85591927390188,58.46870109053419,45.4240541080616,41.00855258924776,42.963613099226876,26.108980935409342,32.3464817382621,23.372776078286435
58.13813813813814,61.903503205194944,58.51540440339397,45.44777318542035,41.01598441185799,42.975786730231036,26.112277713517553,32.35376818270716,23.37442449903216
58.234234234234236,61.95209666520406,58.563082778365484,45.471891588361274,41.02337161209454,42.98800416116621,26.11551362033746,32.36113487176718,23.375974276948142
58.33033033033033,62.00174597480636,58.61178095904901,45.496427395586544,41.03071180085599,43.000266693965436,26.118685508967886,32.368585145619456,23.37742050418327
58.426426426426424,62.05249745487907,58.66154368904482,45.52139868579835,41.03800258904096,43.01257563056169,26.12179023250765,32.37612234444131,23.378758272886436
58.52252252252252,62.10439742629941,58.712415711953184,45.54682353769892,41.04524158754805,43.02493227288799,26.124824644055572,32.383749808410066,23.37998267520654
58.61861861861862,62.15749220994453,58.76444177137441,45.57272002999042,41.052426407275874,43.037337922877335,26.127785596710464,32.39147087770301,23.38108880329247
58.71471471471472,62.211828126691636,58.817666610908745,45.59910624137503,41.05955465912303,43.04979388246272,26.130669943571153,32.399288892497474,23.382071749293118
58.81081081081081,62.2674514974179,58.87213497415648,45.626000250554966,41.06662395398812,43.06230145357715,26.133474537736454,32.40720719297075,23.382926605357376
58.906906906906904,62.32440864300053,58.9278916047179,45.65342013623243,41.07363190276976,43.07486193815363,26.136196232305178,32.415229119300164,23.383648463634145
59.003003003003,62.38274588319799,58.984981245107015,45.681383976627295,41.080576116336175,43.08747663799405,26.138831880392374,32.423358011546455,23.3842324163303
59.0990990990991,62.44246933840066,59.04340960583931,45.709892519662475,41.087453114245676,43.100142143407325,26.14137891785205,32.431593021166485,23.384675639568663
59.1951951951952,62.50343870610377,59.10304022658254,45.73888338907799,41.094255441049846,43.11283788347642,26.14383690311712,32.43991804297162,23.384982899964577
59.29129129129129,62.565480355681494,59.16370428671533,45.76827984057118,41.100974736527085,43.1255393811232,26.146205877752344,32.448313499124176,23.38516069184717
59.387387387387385,62.62842065650796,59.225232965616314,45.79800512983939,41.107602640455795,43.13822215926952,26.148485883322483,32.456759811786505,23.385215509545567
59.48348348348348,62.69208597795741,59.287457442664135,45.82798251257995,41.11413079261441,43.15086174083724,26.150676961392293,32.4652374031209,23.3851538473889
59.57957957957958,62.75630268940396,59.350208897237394,45.85813524449022,41.120550832781326,43.16343364874825,26.152779153526545,32.473726695289706,23.384982199706293
59.67567567567568,62.82089716022178,59.41331850871474,45.888386581267504,41.12685440073495,43.17591340592438,26.15479250129,32.48220811045523,23.384707060826877
59.771771771771775,62.88569575978507,59.4766174564748,45.91865977860916,41.133033136253715,43.18827653528752,26.15671704624741,32.490662070779806,23.384334925079777
59.867867867867865,62.95052485746796,59.5399369198962,45.94887809221253,41.13907867911601,43.20049855975951,26.15855282996356,32.49906899842576,23.383872286794116
59.96396396396396,63.01521082264464,59.60310807835757,45.97896477777494,41.14498266910025,43.21255500226222,26.16029989400319,32.5074093155554,23.383325640299027
60.06006006006006,63.07958002468927,59.66596211123755,46.00884309099374,41.15073674598486,43.22442138571752,26.161958279931078,32.51566344433107,23.38270147992364
60.15615615615616,63.143458832976044,59.72833019791475,46.03843628756627,41.15633254954823,43.236073233047264,26.163528029311976,32.52381180691507,23.382006299997073
60.252252252252255,63.20667361687908,59.79004351776782,46.06766762318986,41.161761719568794,43.24748606717333,26.16500918371065,32.531834825469744,23.38124659484847
60.348348348348345,63.26905074577257,59.85093325017537,46.09646035356186,41.16701589582494,43.25863541101755,26.166401784691864,32.539712922157406,23.380428858806937
60.44444444444444,63.3304165890307,59.91083057451605,46.12473773437958,41.1720867180951,43.26949678750182,26.167705873820385,32.54742651914037,23.379559586201623
60.54054054054054,63.390597516027604,59.96956667016847,46.152423021340404,41.17696582615767,43.28004571954799,26.168921492660964,32.554956038580976,23.37864527136164
60.63663663663664,63.44941989613749,60.026972716511274,46.179439470141624,41.18164485979108,43.29025773007793,26.17004868277837,32.562281902641544,23.377692408616127
60.732732732732735,63.506710098734494,60.08287989292308,46.205710336480614,41.18611545877371,43.300108342013495,26.17108748573736,32.56938453348439,23.3767074922942
60.828828828828826,63.5622944931928,60.137119378782515,46.23115887605468,41.190369262884,43.30957307827654,26.172037943102712,32.57624435327183,23.375697016725
60.92492492492492,63.61599944888656,60.189522353468234,46.25570834456119,41.194397911900346,43.318627461788935,26.172900096439168,32.58284178416623,23.374667476237633
61.02102102102102,63.66765185683396,60.23992050562318,46.27928222852091,41.19819306957926,43.327247080675804,26.173673982959333,32.589157302642306,23.37362534153275
61.11711711711712,63.71716673547349,60.288231559869224,46.30184301015487,41.20175045057777,43.33541853860909,26.174358904612134,32.59518056081194,23.372573091472418
61.213213213213216,63.76464569819378,60.334555407504,46.32343573850304,41.20507434665159,43.34315176282354,26.17495260654973,32.60092063865112,23.371504752873776
61.309309309309306,63.810214121321074,60.37901513882021,46.34411597752101,41.20817014185318,43.3504596508184,26.175452635665625,32.60638909028166,23.370413276182852
61.4054054054054,63.853997381181635,60.421733844110605,46.36393929116439,41.21104322023501,43.35735510009296,26.175856538853306,32.61159746982538,23.36929161184566
61.5015015015015,63.89612085410163,60.46283461366791,46.38296124338876,41.213698965849574,43.36385100814647,26.17616186300627,32.616557331404096,23.368132710308224
61.5975975975976,63.93670991640729,60.502440537784835,46.40123739814974,41.21614276274931,43.36996027247819,26.176366155018023,32.621280229139636,23.366929522016562
61.693693693693696,63.975889944424885,60.540674706754146,46.41882331940292,41.21837999498671,43.37569579058741,26.17646696178205,32.62577771715382,23.36567499741669
61.789789789789786,64.01378631448057,60.57766021086856,46.4357745711039,41.22041604661424,43.38107045997339,26.176461830191858,32.630061349568464,23.364362086954642
61.885885885885884,64.0505244029006,60.61352014042078,46.45214671720827,41.22225630168436,43.38609717813539,26.17634830714094,32.63414268050539,23.362983741076434
61.98198198198198,64.08622958601123,60.64837758570358,46.46799532167165,41.22390614424956,43.390788842572675,26.176123939522785,32.638033264086445,23.361532910228078
62.07807807807808,64.12102724013866,60.682355637009664,46.483375948449634,41.22537095836231,43.395158350784534,26.1757862742309,32.64174465443341,23.360002544855604
62.174174174174176,64.15504274160907,60.71557738463178,46.49834416149779,41.22665612807506,43.3992186002702,26.175332858158775,32.645288405668126,23.358385595405025
62.27027027027027,64.18840146674873,60.74816591886263,46.51295552477177,41.227767037440294,43.40298248852898,26.174761238199913,32.64867607191242,23.35667501232237
62.366366366366364,64.22122879188387,60.78024432999498,46.527265602227125,41.22870907051049,43.4064629130601,26.174068961247812,32.6519192072881,23.35486374605366
62.46246246246246,64.2536500933407,60.81193570832153,46.54132995781949,41.22948761133811,43.40967277136287,26.17325357419596,32.655029365917,23.3529447470449
62.55855855855856,64.28579074744542,60.84336314413503,46.55520415550444,41.23010804397561,43.412624960936526,26.17231262393786,32.65801810192093,23.350910965742138
62.65465465465466,64.31777613052427,60.87464972772821,46.56894375923759,41.23057575247549,43.41533237928034,26.171243657366997,32.66089696942172,23.34875535259136
62.75075075075075,64.34973161890349,60.90591854939378,46.58260433297453,41.23089612089021,43.41780792389359,26.170044221376887,32.663677522541185,23.34647085803862
62.846846846846844,64.38178258890926,60.9372926994245,46.59624144067087,41.23107453327223,43.42006449227554,26.168711862861016,32.66637131540116,23.34405043252992
62.94294294294294,64.41405441686788,60.96889526811309,46.609910646282195,41.23111637367404,43.422114981925446,26.16724412871288,32.66898990212344,23.34148702651128
63.03903903903904,64.4466724791055,61.00084934575226,46.62366751376411,41.23102702614809,43.4239722903426,26.165638565825976,32.671544836829874,23.33877359042873
63.13513513513514,64.47976215194836,61.03327802263477,46.63756760707222,41.23081187474687,43.42564931502625,26.163892721093802,32.674047673642264,23.335903074728286
63.23123123123123,64.5134488117227,61.066304389053336,46.651666490162114,41.23047630352284,43.42715895347566,26.16200414140986,32.676509966682445,23.332868429855964
63.327327327327325,64.54785783475475,61.10005153530068,46.6660197269894,41.230025696528465,43.42851410319011,26.159970373667633,32.67894327007223,23.32966260625779
63.42342342342342,64.5831145973707,61.13464255166954,46.680682881509675,41.22946543781624,43.42972766166886,26.157788964760634,32.68135913793345,23.326278554379783
63.51951951951952,64.61934447589678,61.17020052845268,46.695711517678525,41.22880091143861,43.43081252641118,26.155457461582348,32.68376912438791,23.322709224667975
63.61561561561562,64.65667284665926,61.20684855594278,46.71116119945159,41.22803750144805,43.431781594916345,26.152973411026274,32.68618478355743,23.318947567568365
63.711711711711715,64.6952250859843,61.244709724432596,46.72708749078441,41.227180591897046,43.43264776468361,26.150334359985912,32.688617669563854,23.314986533526984
63.807807807807805,64.73512657019816,61.28390712421485,46.743545955632634,41.22623556683806,43.43342393321225,26.147537855354756,32.691079336529,23.310819072989858
63.9039039039039,64.77650267562703,61.324563845582276,46.76059215795184,41.22520781032355,43.43412299800151,26.144581444026308,32.69358133857467,23.306438136403003
64.0,64.81947877859719,61.3668029788276,46.77828166169763,41.22410270640601,43.4347578565507,26.141462672894054,32.696135229822694,23.30183667421244
64.09609609609609,64.86413333337538,61.41070153303366,46.796649854878694,41.22292503451582,43.43533830541002,26.13818105761887,32.69874882346383,23.297011166097967
64.1921921921922,64.91035710599073,61.456152192443625,46.815651421716076,41.22167715559511,43.43586173733359,26.13474398893108,32.701414968964535,23.2919722086745
64.28828828828829,64.95799394041288,61.503001560090745,46.83522087048393,41.22036082596389,43.436322444126475,26.131160826328404,32.70412277486022,23.286733927790735
64.38438438438439,65.00688768061153,61.551096239008345,46.8552927094564,41.21897780194222,43.436714717593745,26.12744092930853,32.706861349686264,23.281310449295354
64.48048048048048,65.05688217055629,61.60028283222963,46.875801446907616,41.21752983985014,43.43703284954047,26.12359365736917,32.70961980197807,23.27571589903706
64.57657657657657,65.10782125421687,61.65040794278791,46.89668159111174,41.216018696007666,43.43727113177172,26.119628370008027,32.71238724027105,23.269964402864552
64.67267267267268,65.15954877556291,61.70131817371646,46.917867650342885,41.21444612673486,43.43742385609256,26.1155544267228,32.71515277310059,23.26407008662651
64.76876876876877,65.21190857856408,61.752860128048525,46.93929413287523,41.212813888351754,43.43748531430808,26.111381187011197,32.71790550900209,23.258047076171636
64.86486486486487,65.26474450719007,61.80488040881741,46.96089554698289,41.211123737178376,43.43744979822332,26.107118010370918,32.72063455651092,23.251909497348613
64.96096096096096,65.31790040541048,61.85722561905635,46.98260640094001,41.209377429534776,43.43731159964338,26.102774256299675,32.72332902416253,23.245671476006144
65.05705705705705,65.37122011719507,61.90974236179863,47.00436120302074,41.20757672174097,43.4370650103733,26.098359284295167,32.72597802049228,23.239347137992922
65.15315315315316,65.42454748651343,61.96227724007754,47.026094461499234,41.20572337011703,43.436704322218176,26.09388245385509,32.728570654035565,23.232950609157633
65.24924924924925,65.47772635733523,62.014676856926314,47.047740684649604,41.20381913098297,43.436223826983074,26.089353124477164,32.731096033327795,23.226496015348985
65.34534534534535,65.53060057363018,62.066787815378255,47.069234380746025,41.201865760658826,43.435617816473055,26.084780655659078,32.73354326690438,23.219997482415657
65.44144144144144,65.5830139793679,62.11845671846661,47.09051005806261,41.19986501546466,43.43488058249319,26.080174406898546,32.735901463300685,23.213469136206342
65.53753753753753,65.63481041851807,62.169530169224686,47.111502224873526,41.197818651720475,43.43400641684856,26.075543737693266,32.73815973105213,23.20692510256974
65.63363363363364,65.68583373505038,62.21985477068571,47.13214538945291,41.195728425746346,43.432989611344226,26.07089800754094,32.740307178694096,23.200379507354548
65.72972972972973,65.73592777293445,62.269277125882965,47.152374060074884,41.193596093862276,43.43182445778527,26.066246575939275,32.74233291476201,23.19384647640944
65.82582582582583,65.78493637613997,62.317643837849744,47.17212274501361,41.19142341238833,43.43050524797673,26.061598802385973,32.74422604779123,23.187340135583128
65.92192192192192,65.83270338863662,62.3648015096193,47.191325952543245,41.18921213764454,43.42902627372372,26.05696404637874,32.74597568631718,23.180874610724302
66.01801801801801,65.87907288143396,62.410596966793605,47.20991828718331,41.186964025642055,43.427381839680756,26.0523516563242,32.74757095692892,23.174464010048368
66.11411411411412,65.92394569394108,62.45493268539464,47.227858418371,41.184680755160976,43.4255694633451,26.047768207445834,32.74900550030129,23.168118032795554
66.2102102102102,65.96735385262042,62.49783974494042,47.245160627568374,41.1823638265068,43.42359408682667,26.043213866371456,32.75028338878626,23.161836189430893
66.30630630630631,66.00934785826038,62.539367335447125,47.26184702776231,41.180014714851495,43.421461697801234,26.03868789724279,32.75141016376948,23.15561655559219
66.4024024024024,66.04997821164923,62.57956464693089,47.27793973193965,41.177634895367,43.4191782839446,26.0341895642016,32.75239136663662,23.149457206917262
66.49849849849849,66.08929541357529,62.618480869407854,47.29346085308729,41.175225843225256,43.416749832932574,26.029718131389618,32.75323253877333,23.143356219043923
66.5945945945946,66.12734996482692,62.6561651928942,47.308432504192076,41.17278903359822,43.41418233244094,26.025272862948594,32.753939221565275,23.137311667609985
66.69069069069069,66.16419236619242,62.69266680740605,47.322876798240905,41.17032594165786,43.411481770145485,26.020853023020273,32.7545169563981,23.131321628253275
66.78678678678679,66.19987311846012,62.728034902959564,47.336815848220624,41.16783804257608,43.40865413372204,26.016457875746394,32.754971284657486,23.125384176611597
66.88288288288288,66.23444272241832,62.76231866957088,47.3502717671181,41.16532681152487,43.405705410846366,26.012086685268706,32.755307747729056,23.119497388322763
66.97897897897897,66.26795167885538,62.79556729725617,47.36326666792022,41.16279372367617,43.402641589194275,26.007738715728948,32.755531886998504,23.1136593390246
67.07507507507508,66.30045048855959,62.82782997603156,47.37582266361384,41.160240254201916,43.39946865644157,26.003413231268876,32.75564924385147,23.107868104354914
67.17117117117117,66.3319896523193,62.85915589591323,47.387961867185844,41.157667878274076,43.39619260026404,25.99910949603023,32.755665359673614,23.102121759951523
67.26726726726727,66.36261967092278,62.88959424691731,47.39970639162308,41.15507807106459,43.39281940833747,25.994826774154753,32.75558577585059,23.096418381452246
67.36336336336336,66.3923910451584,62.919194219059946,47.41107834991243,41.15247230774539,43.389355068337686,25.990564329784178,32.75541603376807,23.09075604449488
67.45945945945945,66.42135427581448,62.94800500235729,47.42209985504076,41.14985206348845,43.38580556794046,25.98632142706027,32.755161674811696,23.08513282471727
67.55555555555556,66.44955986367933,62.97607578682552,47.43279301999494,41.14721881346572,43.382176894821605,25.982097330124763,32.75482824036714,23.07954679775721
67.65165165165165,66.47705830954126,63.00345576248075,47.44317995776185,41.14457403284914,43.37847503665691,25.977891303119403,32.75442127182005,23.073996039252513
67.74774774774775,66.50390011418861,63.03019411933915,47.45328278132835,41.14191919681067,43.374705981122176,25.97370261018593,32.75394631055608,23.068478624841006
67.84384384384384,66.53013577840971,63.05634004741685,47.46312360368129,41.139255780522234,43.370875715893185,25.969530515466104,32.75340889796091,23.062992630160494
67.93993993993993,66.55581580299287,63.08194273673003,47.47272453780756,41.1365852591558,43.366990228645754,25.965374283101653,32.75281457542017,23.057536130848796
68.03603603603604,66.58099068872642,63.107051377294816,47.48210769669404,41.13390910788332,43.36305550705566,25.961233177234327,32.75216888431954,23.05210720254373
68.13213213213213,66.60571093639865,63.13171515912737,47.491295193327566,41.131228801876745,43.359077538798715,25.957106462005868,32.75147736604466,23.046703920883104
68.22822822822823,66.63002704679792,63.15598327224384,47.50030914069504,41.12854581630801,43.355062311550725,25.95299340155803,32.750745561981205,23.041324361504742
68.32432432432432,66.65398952071254,63.17990490666037,47.50917165178331,41.12586162634907,43.35101581298746,25.94889326003255,32.749979013514825,23.03596660004645
68.42042042042041,66.67764885893081,63.20352925239312,47.51790483957925,41.12317770717188,43.346944030784734,25.94480530157117,32.749183262031174,23.030628712146047
68.51651651651652,66.7010555622411,63.22690549945824,47.52653081706975,41.12049553394838,43.34285295261834,25.940728790315642,32.74836384891592,23.025308773441353
68.61261261261261,66.72426013143169,63.25008283787187,47.535071697241655,41.11781658185054,43.33874856616407,25.936662990407704,32.747526315554715,23.02000485957017
68.70870870870871,66.74731306729092,63.27311045765016,47.54354959308183,41.11514232605028,43.33463685909774,25.932607165989104,32.74667620333321,23.014715046170323
68.8048048048048,66.77026487060712,63.296037548809274,47.551986617577164,41.11247424171956,43.33052381909513,25.928560581201587,32.74581905363708,23.009437408879627
68.9009009009009,66.7931660421686,63.31891330136535,47.56040488371452,41.10981380403035,43.32641543383204,25.924522500186903,32.74496040785196,23.004170023335895
68.996996996997,66.81606708276368,63.34178690533455,47.56882650448076,41.10716248815457,43.322317690984256,25.920492187086783,32.74410580736354,22.998910965176933
69.09309309309309,66.83901415676888,63.36470357605111,47.5772710965542,41.10452051755449,43.31823378839868,25.916467668440596,32.74325908438506,22.993656605700977
69.1891891891892,66.86203437708261,63.3876910665858,47.58574730939652,41.101882616463655,43.314154667160835,25.91244153353779,32.742416562096516,22.98839582840524
69.28528528528528,66.88514962615488,63.41077233586874,47.594260781497745,41.09924199934138,43.310067903349264,25.908404878909366,32.74157250212602,22.983115461064266
69.38138138138137,66.90838178629028,63.4339703426966,47.602817151264134,41.096591880604954,43.30596107294892,25.90434880104479,32.74072116604432,22.977802331395367
69.47747747747748,66.93175273979327,63.45730804586605,47.61142205710195,41.09392547467169,43.301821751944686,25.90026439643353,32.73985681542217,22.97244326711587
69.57357357357357,66.95528436896842,63.48080840417377,47.620081137417436,41.09123599595886,43.297637516321494,25.896142761565056,32.73897371183031,22.967025095943107
69.66966966966967,66.97899855612019,63.50449437641647,47.62880003061685,41.08851665888377,43.293395942064265,25.891974992928827,32.738066116839505,22.961534645594398
69.76576576576576,67.00291718355314,63.52838892139081,47.63758437510646,41.0857606778637,43.28908460515791,25.887752187014325,32.7371282920205,22.955958743787058
69.86186186186187,67.02706213357177,63.552514997893475,47.64643980929251,41.082961267315966,43.284691081587354,25.883465440311,32.736154498944025,22.95028421823843
69.95795795795796,67.05145528848061,63.57689556472114,47.65537197158127,41.08011164165783,43.280202947337514,25.879105849308328,32.73513899918084,22.94449789666583
70.05405405405405,67.07611853058415,63.60155358067048,47.66438650037896,41.077205015306625,43.27560777839331,25.87466451049577,32.7340760543017,22.938586606786565
70.15015015015015,67.10107374218697,63.62651200453821,47.67348903409188,41.0742346026796,43.27089315073964,25.870132520362798,32.732959925877346,22.932537176317986
70.24624624624624,67.12634280559351,63.65179379512099,47.682685211126255,41.07119361819409,43.26604664036145,25.865500975398877,32.731784875478525,22.926336432977394
70.34234234234235,67.15194760310834,63.67742191121549,47.691980669888345,41.06807527626736,43.261055823243645,25.86076097209347,32.73054516467597,22.91997120448213
70.43843843843844,67.17791001703591,63.7034193116184,47.70138104878441,41.06487279131671,43.25590827537113,25.85590360693605,32.72923505504047,22.913428318549514
70.53453453453453,67.20425192968082,63.72980895512641,47.71089198622071,41.06157937775944,43.25059157272884,25.850919976416087,32.72784880814274,22.90669460289687
70.63063063063063,67.23099522334755,63.756613800536186,47.720519120603484,41.05818825001285,43.24509329130169,25.84580117702303,32.726380685553536,22.89975688524151
70.72672672672672,67.25816178034063,63.78385680664442,47.730268090338996,41.05469262249421,43.239401007074605,25.840538305246362,32.72482494884361,22.892601993300772
70.82282282282283,67.28577348296457,63.81156093224779,47.74014453383351,41.05108570962083,43.233502296032476,25.835122457575547,32.7231758595837,22.885216754791983
70.91891891891892,67.31385221352386,63.83974913614298,47.750154089493286,41.04736072580999,43.22738473416024,25.829544730500054,32.72142767934457,22.87758799743245
71.01501501501501,67.34241985432305,63.868444377126664,47.760302395724544,41.04351088547901,43.22103589744282,25.823796220509337,32.71957466969696,22.86970254893952
71.11111111111111,67.37149828766667,63.89766961399553,47.77059509093357,41.03952940304515,43.21444336186512,25.817868024092874,32.71761109221161,22.861547237030493
71.2072072072072,67.40110939585921,63.927447805546265,47.78103781352661,41.03540949292573,43.20759470341207,25.811751237740133,32.71553120845928,22.853108889422714
71.30330330330331,67.43127506120518,63.95780191057554,47.79163620190992,41.031144369538026,43.20047749806859,25.80543695794057,32.71332928001071,22.844374333833493
71.3993993993994,67.46201716600913,63.98875488788002,47.802395894489756,41.02672724729935,43.19307932181956,25.79891628118367,32.71099956843666,22.835330397980158
71.49549549549549,67.49335759257553,64.02032969625641,47.81332252967237,41.022151340626976,43.18538775064995,25.79218030395888,32.708536335307876,22.825963909580032
71.5915915915916,67.52531822320896,64.0525492945014,47.82442174586402,41.01740986393821,43.177390360544656,25.78522012275568,32.7059338421951,22.816261696350445
71.68768768768768,67.55792094021388,64.08543664141166,47.835699181470964,41.012496031650336,43.169074727488585,25.778026834063525,32.70318635066908,22.806210586008717
71.78378378378379,67.59118762589483,64.11901469578386,47.847160474899454,41.007403058180664,43.16042842746667,25.77059153437189,32.70028812230056,22.79579740627217
71.87987987987988,67.62514016255633,64.1533064164147,47.85881126455573,41.002124157946454,43.15143903646383,25.76290532017024,32.697233418660296,22.78500898485813
71.97597597597597,67.65980043250292,64.18833476210081,47.870657188846074,40.99665254536504,43.14209413046497,25.754959287948047,32.69401650131903,22.773832149483923
72.07207207207207,67.69518289366403,64.22411512986547,47.88270159788573,40.99098302480768,43.13238418619048,25.746746727685647,32.690632816675844,22.76225685585554
72.16816816816817,67.73123738440842,64.26059710129594,47.89492792518297,40.9851242391341,43.122324927502774,25.738280020858117,32.68708812352443,22.75030028476553
72.26426426426427,67.76788047090557,64.29769637003176,47.90730934931231,40.979091956553376,43.11194507785656,25.729581379029263,32.68339349044469,22.73799363502973
72.36036036036036,67.80502844434807,64.33532834964669,47.91981896409675,40.972902004161774,43.10127346814119,25.720673095003328,32.67956002989906,22.725368221315428
72.45645645645645,67.84259759592851,64.37340845371457,47.93242986335928,40.96657020905559,43.09033892924599,25.711577461584525,32.67559885434993,22.712455358289887
72.55255255255256,67.88050421683948,64.41185209580922,47.94511514092287,40.960112398331056,43.079170292060326,25.70231677157709,32.67152107625973,22.699286360620377
72.64864864864865,67.91866459827358,64.4505746895044,47.95784789061053,40.95354439908444,43.067796387473535,25.692913317785262,32.667337808090885,22.685892542974173
72.74474474474475,67.95699503142342,64.48949164837397,47.97060120624523,40.946882038412035,43.056246046374966,25.683389393013247,32.66306016230581,22.672305220018558
72.84084084084084,67.99541180748156,64.5285183859917,47.98334818164997,40.940141143410095,43.04454809965396,25.673767290065296,32.65869925136693,22.658555706420806
72.93693693693693,68.0338312176406,64.56757031593142,47.99606191064775,40.933337541174886,43.03273137819987,25.664069301745617,32.65426618773666,22.64467531684818
73.03303303303304,68.07216955309315,64.60656285176692,48.008715487061544,40.926487058802664,43.02082471290205,25.654317720858447,32.64977208387743,22.630695365967952
73.12912912912913,68.1103431050318,64.64541140707203,48.02128200471433,40.91960552338972,43.00885693464981,25.644534840208014,32.64522805225165,22.616647168447408
73.22522522522523,68.14826816464915,64.68403139542055,48.03373455742911,40.91270876203229,42.99685687433254,25.63474295259855,32.64064520532174,22.602562038953806
73.32132132132132,68.18586102313776,64.72233823038627,48.046046239028875,40.90581260182667,42.98485336283958,25.62496435083427,32.636034655550134,22.588471292154438
73.41741741741741,68.22303797169027,64.76024732554302,48.05819014333664,40.898932869869114,42.97287523106026,25.61522132771941,32.631407515399225,22.574406242716563
73.51351351351352,68.25971530149926,64.79767409446461,48.070139364175326,40.89208539325589,42.96095130988392,25.605536176058205,32.626774897331465,22.560398205307457
73.6096096096096,68.29580930375732,64.83453395072483,48.08186699536799,40.88528599908327,42.94911043019992,25.595931188654866,32.62214791380924,22.546478494594403
73.70570570570571,68.33123626965704,64.8707423078975,48.09334613073758,40.87855051444752,42.937381422897616,25.58642865831364,32.617537677295005,22.53267842524467
73.8018018018018,68.365912490391,64.90621457955643,48.1045498641071,40.871894766444896,42.92579311886634,25.577050877838747,32.61295530025116,22.51902931192552
73.89789789789789,68.39975425715181,64.94086617927542,48.11545128929953,40.86533458217168,42.91437434899543,25.567820140034414,32.60841189514013,22.505562469304245
73.993993993994,68.43267786113208,64.97461252062828,48.126023500137876,40.858885788724116,42.90315394417426,25.558758737704864,32.60391857442433,22.492309212048106
74.09009009009009,68.46461555979718,65.00738504362798,48.13624487590255,40.85256147858026,42.89215578204991,25.54988505703279,32.59948466335374,22.479295474440526
74.18618618618619,68.49557667922,65.03919254731555,48.14611930858127,40.84636154431714,42.88137983115272,25.54119862708337,32.5951108603701,22.466521219851366
74.28228228228228,68.52559376871284,65.07006714148461,48.15565837795748,40.840281900958935,42.870818855430414,25.532693294668427,32.59079526438154,22.453978585782536
74.37837837837837,68.55469938231883,65.10004094067735,48.164873665380675,40.83431846271954,42.86046561736313,25.52436290544224,32.58653597376668,22.441659708141742
74.47447447447448,68.582926074081,65.1291460594359,48.173776752200375,40.82846714381288,42.85031287943099,25.5162013050591,32.58233108690409,22.429556722836722
74.57057057057057,68.6103063980425,65.15741461230246,48.18237921976604,40.82272385845286,42.84035340411411,25.5082023391733,32.57817870217238,22.417661765775186
74.66666666666667,68.63687290824635,65.18487871381917,48.19069264942721,40.81708452085341,42.83057995389263,25.500359853439125,32.57407691795016,22.405966972864846
74.76276276276276,68.66265815873564,65.21157047852822,48.19872862253337,40.811545045228435,42.82098529124666,25.492667693510874,32.570023832616,22.39446448001344
74.85885885885885,68.68769470355346,65.23752202097174,48.206498720434034,40.80610134579184,42.81156217865634,25.485119705042834,32.566017544548515,22.38314642312868
74.95495495495496,68.7120150967429,65.26276545569196,48.21401452447869,40.80074933675754,42.80230337860177,25.477709733689295,32.5620561521263,22.37200493811828
75.05105105105105,68.73565189234702,65.287332897231,48.22128761601683,40.795484932339455,42.793201653563095,25.470431625104553,32.558137753727955,22.361032160889962
75.14714714714715,68.75863764440896,65.31125646013102,48.22832957639796,40.79030404675149,42.78424976602044,25.463279224942884,32.55426044773207,22.35022022735145
75.24324324324324,68.7810049069717,65.33456825893423,48.235151986971594,40.78520259420756,42.775440478453916,25.456246378858587,32.55042233251724,22.339561273410467
75.33933933933933,68.80278623407841,65.35730040818275,48.24176642908722,40.78017648892159,42.76676655334364,25.449326932505958,32.54662150646208,22.329047434974733
75.43543543543544,68.82401417977212,65.3794850224188,48.248184484094345,40.77522164510747,42.758220753169766,25.442514731539283,32.54285606794517,22.318670847951957
75.53153153153153,68.84472129809595,65.4011542161845,48.25441773334247,40.77033397697913,42.749795840412396,25.43580362161285,32.539124115345125,22.308423648249864
75.62762762762763,68.86494014309295,65.42234010402204,48.2604777581811,40.765509398750474,42.74148457755166,25.42918744838095,32.53542374704052,22.29829797177618
75.72372372372372,68.88470326880619,65.44307480047358,48.26637613995971,40.76074382463542,42.73327972706767,25.422660057497875,32.53175306140997,22.28828595443862
75.81981981981981,68.90404322927881,65.46339042008128,48.27212446002784,40.756033168847885,42.725174051440575,25.416215294617917,32.528110156832064,22.278379732144906
75.91591591591592,68.92299257855382,65.48331907738735,48.27773429973495,40.75137334560176,42.71716031315049,25.409847005395363,32.5244931316854,22.268571440802752
76.01201201201201,68.94158387067435,65.50289288693389,48.28321724043058,40.746760269110986,42.70923127467753,25.40354903548451,32.52090008434858,22.258853216319885
76.10810810810811,68.95984965968347,65.52214396326312,48.288584863464195,40.74218985358947,42.70137969850182,25.39731523053964,32.51732911320019,22.24921719460402
76.2042042042042,68.97782249962424,65.54110442091718,48.293848750185326,40.7376580132511,42.69359834710349,25.39113943621504,32.51377831661885,22.23965551156288
76.3003003003003,68.99553494453977,65.55980637443827,48.299020481943444,40.73316066230982,42.68587998296267,25.385015498165014,32.51024579298311,22.230160303104185
76.3963963963964,69.01301954847312,65.5782819383685,48.30411164008808,40.72869371497953,42.678217368559466,25.378937262043845,32.50672964067163,22.220723705135654
76.49249249249249,69.03030886546739,65.5965632272501,48.30913380596871,40.724253085474146,42.670603266374016,25.372898573505825,32.50322795806297,22.211337853565013
76.58858858858859,69.04743544956565,65.6146823556252,48.31409856093486,40.71983468800756,42.663030438886445,25.366893278205243,32.49973884353574,22.201994884299964
76.68468468468468,69.06443185481098,65.63267143803597,48.31901748633601,40.715434436793714,42.65549164857687,25.36091522179639,32.496260395468525,22.192686933248254
76.78078078078077,69.08133063524647,65.6505625890246,48.32390216352166,40.71104824604651,42.64797965792542,25.35495824993356,32.49279071223994,22.18340613631758
76.87687687687688,69.0981643449152,65.66838792313324,48.328764173841314,40.706672029979856,42.640487229412216,25.349016208271035,32.48932789222856,22.17414462941567
76.97297297297297,69.11496553786023,65.68617955490404,48.333615098644486,40.70230170280768,42.633007125517395,25.343082942463113,32.485870033813,22.16489454845025
77.06906906906907,69.13176567114036,65.70396881644285,48.338466019709436,40.69793297556123,42.62553186661448,25.337152080878102,32.48241495621658,22.155647501633368
77.16516516516516,69.14858558927784,65.72177947034479,48.343323185820964,40.69355959362548,42.61805163086942,25.331215149798318,32.47895777803549,22.14638999210002
77.26126126126125,69.16544018574297,65.73963103455044,48.34819013563,40.689174200135845,42.61055528303936,25.32526249674706,32.47549210347095,22.137105660278536
77.35735735735736,69.18234428827901,65.75754298011984,48.35307037785504,40.68476942605381,42.60303167337533,25.31928445622868,32.47201151999823,22.127778114979726
77.45345345345345,69.19931272462918,65.775534778113,48.3579674212146,40.68033790234088,42.59546965212836,25.31327136274754,32.468509615092614,22.118390965014434
77.54954954954955,69.21636032253664,65.79362589958994,48.362884774427194,40.67587225995854,42.58785806954947,25.307213550807987,32.464979976229415,22.108927819193468
77.64564564564564,69.23350190974463,65.81183581561065,48.36782594621133,40.67136512986829,42.58018577588972,25.30110135491439,32.46141619088389,22.09937228632768
77.74174174174173,69.2507523139964,65.83018399723517,48.372794445285535,40.666809143031635,42.57244162140012,25.294925109571103,32.45781184653133,22.089707975227874
77.83783783783784,69.26812636303515,65.8486899155235,48.37779378036831,40.66219693041004,42.56461445633172,25.288675149282483,32.454160530647016,22.079918494704884
77.93393393393393,69.28563888460411,65.86737304153566,48.38282746017814,40.65752112296504,42.556693130935535,25.28234180855288,32.45045583070625,22.06998745356954
78.03003003003003,69.30330470644648,65.88625284633166,48.387898993433595,40.6527743516581,42.54866649546261,25.27591542188666,32.44669133418431,22.05989846063266
78.12612612612612,69.32113865630546,65.9053488009715,48.393011888853124,40.647949247450725,42.54052340016398,25.269386323788172,32.44286062855648,22.049635124705084
78.22222222222223,69.33915556192431,65.92468037651523,48.39816965515529,40.643038441304405,42.53225269529067,25.262744848761784,32.438957301298046,22.03918105459762
78.31831831831832,69.3573702510462,65.94426704402282,48.403375801058566,40.638034564180636,42.52384323109372,25.255981331311844,32.43497493988429,22.028519859121104
78.41441441441441,69.3757975514144,65.96412827455433,48.4086338352815,40.632930247040925,42.51528385782416,25.24908610594271,32.430907131790505,22.017635147086366
78.51051051051051,69.39445229077211,65.98428353916974,48.41394726654257,40.627718120846744,42.50656342573302,25.24204950715874,32.426747464491974,22.00651052730423
78.6066066066066,69.41334929686252,66.00475230892907,48.419319603560304,40.6223908165596,42.497670785071335,25.23486186946429,32.42248952546397,21.995129608585522
78.70270270270271,69.43250339742889,66.02555405489235,48.42475435505321,40.61694096514099,42.48859478609014,25.22751352736372,32.41812690218181,21.98347599974106
78.7987987987988,69.45192942021441,66.04670824811957,48.430255029739804,40.61136119755241,42.47932427904046,25.219994815361385,32.413653182120754,21.97153330958168
78.89489489489489,69.47164219296232,66.06823435967077,48.4358251363386,40.60564414475535,42.469848114173345,25.212296067961642,32.4090619527561,21.959285146918212
78.990990990991,69.49165654341581,66.09015186060594,48.441468183568105,40.599782437711305,42.46015514173981,25.204407619668846,32.404346801563115,21.946715120561464
79.08708708708708,69.51198729931812,66.1124802219851,48.44718768014683,40.59376870738177,42.450234211990896,25.196319804987358,32.399501316017094,21.933806839322287
79.18318318318319,69.53264928841247,66.13523891486828,48.45298713479329,40.587595584728234,42.440074175177635,25.188022958421527,32.39451908359333,21.92054391201149
79.27927927927928,69.55365733844206,66.15844741031546,48.458870056226,40.581255700712205,42.429663881551065,25.179507414475722,32.38939369176711,21.906909947439907
79.37537537537537,69.57502627715013,66.18212517938669,48.464839953163455,40.57474168629516,42.418992181362206,25.170763507654296,32.38411872801372,21.892888554418356
79.47147147147147,69.5967709322799,66.20629169314198,48.47090033432418,40.56804617243861,42.4080479248621,25.1617815724616,32.37868777980842,21.878463341757673
79.56756756756756,69.61890613157453,66.23096642264132,48.477054708426685,40.561161790104045,42.396819962301784,25.152551943401992,32.37309443462653,21.86361791826868
79.66366366366367,69.6414467027773,66.25616883894473,48.483306584189485,40.55408117025296,42.38529714393228,25.143064954979835,32.36733227994332,21.848335892762194
79.75975975975976,69.66440747363143,66.28191841311224,48.489659470331084,40.54679694384684,42.37346832000463,25.13331094169948,32.36139490323407,21.832600874049064
79.85585585585585,69.68780327188009,66.30823461620386,48.49611687557001,40.53930174184719,42.36132234076987,25.12328023806529,32.355275891974074,21.8163964709401
79.95195195195195,69.71164892526653,66.33513691927959,48.50268230862475,40.531588195215505,42.348848056479014,25.11296317858162,32.348968833638615,21.799706292246128
80.04804804804805,69.73595774354035,66.36264298159413,48.509358892524965,40.52364953370017,42.3360352554581,25.102350888369667,32.34246782130175,21.782515261685575
80.14414414414415,69.76070812259806,66.3907287908797,48.516140879456266,40.51549275914827,42.322895301758045,25.09145267673814,32.33577857680909,21.764838545851575
80.24024024024024,69.78584354448296,66.41932866334606,48.52301365076024,40.50713864550556,42.309461135154606,25.08029603718323,32.328918450777834,21.746721554211987
80.33633633633633,69.8113059732448,66.44837510339761,48.52996220208959,40.49860856550469,42.295766633498566,25.06890925381798,32.32190529942395,21.728211011142257
80.43243243243244,69.83703737293334,66.4778006154388,48.53697152909706,40.48992389187832,42.281845674640685,25.057320610755436,32.314756978963395,21.709353641017827
80.52852852852853,69.8629797075983,66.50753770387404,48.54402662743536,40.4811059973591,42.267732136431746,25.04555839210863,32.30749134561211,21.69019616821415
80.62462462462463,69.88907494128941,66.53751887310776,48.551112492757206,40.47217625467969,42.253459896722504,25.033650881990617,32.30012625558608,21.670785317106677
80.72072072072072,69.91526503805642,66.56767662754439,48.55821412071531,40.463156036572755,42.23906283336373,25.021626364514425,32.29267956510124,21.65116781207086
80.81681681681681,69.94149196194905,66.59794347158834,48.565316506962404,40.45406671577094,42.22457482420623,25.009513123793113,32.28516913037357,21.631390377482134
80.91291291291292,69.96769767701707,66.62825190964405,48.572404647151195,40.444929665006896,42.21002974710072,24.99733944393971,32.277612807619015,21.61149973771596
81.009009009009,69.99382414731019,66.65853444611597,48.579463536934405,40.435766257013285,42.19546147989802,24.985133609067265,32.27002845305354,21.59154261714778
81.10510510510511,70.01981333687817,66.68872358540847,48.58647817196476,40.42659786452277,42.18090390044887,24.97292390328882,32.262433922893116,21.57156574015304
81.2012012012012,70.04560720977071,66.718751831926,48.59343354789496,40.417445860267996,42.16639088660406,24.960738610717417,32.25484707335369,21.551615831107206
81.29729729729729,70.07114773003761,66.748551690073,48.60031466037774,40.40833161698163,42.151956316214346,24.948606015466094,32.24728576065122,21.531739614385707
81.3933933933934,70.09637686172852,66.7780556642539,48.607106505065815,40.39927650739631,42.137634067130506,24.936554401647896,32.239767841001665,21.511983814363994
81.48948948948949,70.12123656889324,66.80719625887309,48.61379407761191,40.3903019042447,42.123458017203305,24.924612053375874,32.23231117062099,21.49239515541752
81.58558558558559,70.14566881558153,66.83590597833505,48.62036237366872,40.38142918025947,42.109462044283525,24.912807254763052,32.22493360572515,21.47302036192174
81.68168168168168,70.16961556584306,66.86411732704414,48.62679638888898,40.37267970817326,42.095680026221935,24.901168289922488,32.21765300253011,21.45390615825209
81.77777777777777,70.19301878372761,66.89176280940484,48.63308111892541,40.36407486071872,42.082145840869295,24.889723442967224,32.21048721725183,21.43509926878403
81.87387387387388,70.21582043328488,66.91877492982155,48.63920155943072,40.35563601062854,42.06889336607639,24.87850099801029,32.20345410610626,21.416646417893
81.96996996996997,70.23796247856467,66.94508619269871,48.64514270605764,40.347384530635324,42.055956479693975,24.86752923916474,32.196571525309366,21.39859432995445
82.06606606606607,70.25939132018627,66.97063414912552,48.65089071905888,40.3393402576723,42.0433665924777,24.85683441277786,32.18985605834137,21.380986387876625
82.16216216216216,70.28010122105553,66.99541079447908,48.65644432254245,40.331506460269466,42.03112849984215,24.846420781516677,32.183310558244905,21.363829926387886
82.25825825825825,70.30011564677278,67.01944134277325,48.66180990632677,40.32387629791166,42.019230758118155,24.836279194925943,32.17692950057363,21.3471102857807
82.35435435435436,70.31945847959594,67.04275148197804,48.66699396960296,40.31644278585008,42.00766169194094,24.826400311174957,32.170707241353085,21.33081249253585
82.45045045045045,70.33815360178298,67.06536690006342,48.672003011562104,40.30919893933595,41.99640962594573,24.816774788433033,32.16463813660881,21.314921573134107
82.54654654654655,70.35622489559174,67.08731328499938,48.67684353139527,40.30213777362047,41.985462884767756,24.807393284869462,32.158716542366314,21.29942255405625
82.64264264264264,70.3736962432802,67.10861632475596,48.68152202829359,40.29525230395487,41.974809793042205,24.798246458653562,32.15293681465114,21.284300461783047
82.73873873873873,70.39059152710624,67.12930170730309,48.68604500144814,40.28853554559033,41.96443867540431,24.789324967954624,32.14729330948882,21.269540322795272
82.83483483483484,70.40693462932782,67.1493951206108,48.69041895005001,40.2819805137781,41.95433785648929,24.78061947094196,32.14178038290487,21.255127163573704
82.93093093093093,70.42274943220283,67.16892225264907,48.69465037329028,40.27558022376936,41.94449566093237,24.77212062578486,32.136392390924826,21.241046010599106
83.02702702702703,70.4380598179892,67.1879087913879,48.69874577036007,40.26932769081533,41.93490041336875,24.76381909065265,32.13112368957421,21.22728189035226
83.12312312312312,70.45288966894483,67.20638042479729,48.70271164045047,40.26321593016723,41.92554043843367,24.755705523714617,32.12596863487857,21.213819829313934
83.21921921921921,70.46726286732766,67.22436284084722,48.706554482752544,40.257237957076256,41.91640406076234,24.74777058314007,32.12092158286341,21.20064485396491
83.31531531531532,70.48120329539563,67.24188172750769,48.710280796457404,40.25138678679364,41.90747960498996,24.74000492709831,32.11597688955427,21.187741990785945
83.41141141141141,70.4947348354066,67.25896277274869,48.71389708075615,40.24565543457057,41.89875539575178,24.73239921375864,32.111128910976696,21.17509626625783
83.50750750750751,70.50788136961853,67.27563166454021,48.717409834839856,40.24003691565829,41.890219757682985,24.724944101290372,32.10637200315619,21.16269270686133
83.6036036036036,70.52066678028933,67.29191409085226,48.72082555789964,40.23452424530797,41.88186101541883,24.717630247862807,32.10170052211829,21.150516339077214
83.69969969969969,70.53311494967693,67.3078357396548,48.72415074912656,40.22911043877087,41.873667493594496,24.710448311645244,32.09710882388853,21.13855218938626
83.7957957957958,70.54524976003924,67.32342229891786,48.72739190771174,40.223788511298146,41.86562751684522,24.703388950806982,32.09259126449244,21.126785284269246
83.89189189189189,70.55709509363419,67.33869945661142,48.73055553284626,40.21855147814106,41.857729409806225,24.696442823517337,32.088142199955534,21.115200650206937
83.98798798798799,70.5686748327197,67.35369290070547,48.73364812372122,40.213392354550784,41.849961497112716,24.68960058794561,32.08375598630336,21.10378331368011
84.08408408408408,70.58001285955362,67.36842831917,48.736676179527684,40.208304155778556,41.84231210339992,24.682852902261097,32.07942697956144,21.09251830116954
84.18018018018017,70.59113305639397,67.38293139997499,48.739646199456786,40.20327989707558,41.83476955330305,24.67619042463311,32.0751495357553,21.081390639155998
84.27627627627628,70.60205930549861,67.39722783109046,48.742564682699594,40.19831259369306,41.827322171457325,24.669603813230946,32.070918010910475,21.070385354120255
84.37237237237237,70.6128154891255,67.41134330048641,48.74543812844721,40.19339526088222,41.81995828249798,24.663083726223913,32.066726761052486,21.05948747254309
84.46846846846847,70.62342548953251,67.42530349613281,48.74827303589072,40.18852091389426,41.812666211060204,24.656620821781317,32.062570142206866,21.048682020905275
84.56456456456456,70.6339131889776,67.43913410599966,48.75107590422123,40.183682567980405,41.80543428177923,24.65020575807246,32.058442510399146,21.037954025687583
84.66066066066065,70.64430246971867,67.45286081805693,48.75385323262981,40.178873238391844,41.798250819290274,24.643829193266637,32.05433822165485,21.027288513370777
84.75675675675676,70.65461721401365,67.46650932027465,48.756611520307565,40.174085940379804,41.79110414822856,24.63748178553316,32.050251631999515,21.016670510435645
84.85285285285285,70.66488130412043,67.48010530062281,48.75935726644559,40.1693136891955,41.7839825932293,24.63115419304134,32.04617709745867,21.00608504336295
84.94894894894895,70.67511862229699,67.49367444707138,48.76209697023498,40.16454950009014,41.77687447892771,24.624837073960467,32.042108974057825,20.99551713863348
85.04504504504504,70.68535272695661,67.50724217515285,48.764837046282054,40.15978643674764,41.76976823265628,24.61852115165484,32.03804165025151,20.984951918213234
85.14114114114113,70.69559850966411,67.52082660932562,48.76758164550444,40.15501885902581,41.762655030169896,24.612198894261102,32.03397038237022,20.974377059479636
85.23723723723724,70.70586145878517,67.53443796351169,48.77033246280411,40.150242533081624,41.75552902915659,24.605864662927196,32.029891368356836,20.963783012333742
85.33333333333333,70.71614659126371,67.54808605504472,48.77309106995267,40.145453295575685,41.74838453680121,24.59951291370564,32.02580085336115,20.95316036567481
85.42942942942943,70.72645892404364,67.56178070125839,48.775859038721734,40.1406469831686,41.741215860288584,24.593138102648943,32.02169508253298,20.942499708402117
85.52552552552552,70.73680347406886,67.57553171948632,48.77863794088291,40.135819432521,41.73401730680356,24.586734685809617,32.01757030102213,20.93179162941493
85.62162162162161,70.74718525828331,67.58934892706225,48.781429348207816,40.13096648029349,41.72678318353096,24.58029711924018,32.013422753978425,20.921026717612513
85.71771771771772,70.75760929363088,67.60324214131978,48.784234832468066,40.12608396314665,41.71950779765564,24.57381985899314,32.009248686551665,20.910195561894135
85.81381381381381,70.7680805970555,67.6172211795926,48.787055965435286,40.12116771774114,41.71218545636243,24.567297361121017,32.00504434389166,20.89928875115907
85.90990990990991,70.77860418550108,67.63129585921436,48.789894318881046,40.11621358073755,41.704810466836165,24.560724081676327,32.00080597114824,20.888296874306576
86.006006006006,70.78918507591155,67.64547599751877,48.79275146457701,40.1112173887965,41.697377136261686,24.55409447671158,31.99652981347119,20.877210520235927
86.1021021021021,70.7998282852308,67.65977141183946,48.79562897429475,40.10617497857859,41.68987977182383,24.547403002279296,31.99221211601034,20.866020277846395
86.1981981981982,70.81053883040278,67.6741919195101,48.79852841980591,40.10108218674444,41.68231268070744,24.540644114431984,31.98784912391549,20.85471673603724
86.29429429429429,70.82132172837137,67.68874733786434,48.80145137288209,40.09593484995468,41.67467017009735,24.533812269222164,31.983437082336458,20.843290483707733
86.3903903903904,70.8321819960805,67.70344748423588,48.8043994052949,40.09072880486989,41.6669465471784,24.52690192270234,31.978972236423058,20.831732109757148
86.48648648648648,70.84312465047407,67.71830217595837,48.807374088815955,40.0854598881507,41.659136119135425,24.51990753092504,31.974450831325097,20.82003220308475
86.58258258258259,70.85415470849603,67.73332123036548,48.81037699521687,40.080123936457724,41.65123319315326,24.512823549942773,31.969869112192388,20.8081813525898
86.67867867867868,70.86527718709027,67.74851446479084,48.813409696269254,40.074716786451575,41.643232076416744,24.50564443580805,31.965223324174737,20.796170147171573
86.77477477477477,70.8764971032007,67.76389169656817,48.81647376374473,40.06923427479287,41.635127076110734,24.498364644573392,31.960509712421963,20.783989175729346
86.87087087087087,70.88781947377126,67.7794627430311,48.819570769414895,40.063672238142196,41.62691249942003,24.49097863229131,31.955724522083873,20.77162902716237
86.96696696696696,70.89924931574586,67.79523742151332,48.82270228505137,40.05802651316019,41.618582653529515,24.483480855014314,31.950863998310282,20.759080290369923
87.06306306306307,70.91079164606839,67.81122554934848,48.825869882425785,40.05229293650748,41.61013184562399,24.47586576879492,31.945924386250997,20.746333554251258
87.15915915915916,70.92245148168277,67.82743694387023,48.82907513330972,40.04646734484463,41.60155438288831,24.468127829685653,31.94090193105583,20.733379407705677
87.25525525525525,70.93423383953294,67.84388142241227,48.8323196094748,40.0405455748323,41.59284457250732,24.46026149373902,31.9357928778746,20.720208439632415
87.35135135135135,70.94614373656279,67.86056880230824,48.83560488269266,40.03452346313107,41.583996721665834,24.45226121700753,31.930593471857108,20.706811238930754
87.44744744744744,70.95818618971626,67.87750890089181,48.83893252473488,40.02839684640157,41.575005137548715,24.4441214555437,31.925299958153175,20.69317839449996
87.54354354354355,70.97036621593725,67.89471153549665,48.8423041073731,40.02216156130441,41.56586412734079,24.435836665400053,31.9199085819126,20.679300495239303
87.63963963963964,70.98268883216969,67.91218652345644,48.84572120237892,40.015813444500196,41.55656799822689,24.427401302629097,31.914415588285205,20.665168130048052
87.73573573573573,70.99515905535748,67.9299436821048,48.84918538152396,40.00934833264955,41.54711105739187,24.418809823283343,31.9088172224208,20.65077188782547
87.83183183183183,71.00778190244452,67.94799282877545,48.8526982165798,40.002762062413076,41.53748761202055,24.410056683415313,31.903109729469193,20.636102357470826
87.92792792792793,71.02056239037472,67.96634378080203,48.85626127931811,39.9960504704514,41.527691969297784,24.401136339077517,31.8972893545802,20.621150127883404
88.02402402402403,71.03350544859762,67.98500621295187,48.85987611596159,39.98920944924071,41.51771851534699,24.392043320593952,31.891352392221094,20.60590591318377
88.12012012012012,71.04660541973618,68.00397254946394,48.86354118131988,39.98224164494394,41.50757118786187,24.382781145137532,31.885301104273054,20.59037557927315
88.21621621621621,71.05983608522138,68.023201711485,48.86724892621847,39.9751628203883,41.4972724751064,24.373370783678673,31.879149342222718,20.57459441906461
88.31231231231232,71.07316886413452,68.04264877087039,48.87099111166336,39.96799024542198,41.48684699668671,24.36383521251772,31.872912289128422,20.558601106447114
88.4084084084084,71.08657517555696,68.06226879947543,48.87475949866056,39.960741189893206,41.476319372208906,24.354197407955013,31.86660512804851,20.54243431530957
88.50450450450451,71.10002643856993,68.08201686915544,48.878545848216106,39.95343292365018,41.4657142212791,24.344480346290894,31.860243042041315,20.526132719540932
88.6006006006006,71.11349407225478,68.10184805176577,48.88234192133601,39.94608271654112,41.455056163503414,24.3347070038257,31.853841214165186,20.50973499303013
88.69669669669669,71.12694949569277,68.12171741916173,48.88613947902629,39.93870783841424,41.44436981848796,24.324900356859786,31.847414827478456,20.4932798096661
88.7927927927928,71.14036412796523,68.14158004319862,48.889930282292944,39.93132555911773,41.43367980583886,24.315083381693483,31.84097906503946,20.476805843337758
88.88888888888889,71.15370938815343,68.16139099573181,48.893706092142025,39.92395314849982,41.423010745162216,24.305279054627135,31.83454910990654,20.460351767934064
88.98498498498499,71.16695669533871,68.18110534861658,48.89745866957954,39.9166078764087,41.41238725606416,24.295510351961077,31.82814014513804,20.443956257343935
89.08108108108108,71.18007746860235,68.2006781737083,48.90117977561149,39.90930701269259,41.40183395815079,24.285800249995667,31.821767353792293,20.42765798545632
89.17717717717717,71.19304312702562,68.22006454286226,48.90486117124391,39.90206782719971,41.39137547102824,24.276171725031233,31.815445918927637,20.41149562616014
89.27327327327328,71.20582508968988,68.2392195279338,48.90849461748281,39.894907589778256,41.381036414302606,24.266647753368126,31.809191023602413,20.395507853344334
89.36936936936937,71.21839477567639,68.25809820077824,48.91207187533422,39.88784357027644,41.370841407580016,24.257251311306682,31.803017850874966,20.379733340897836
89.46546546546547,71.23072360406644,68.2766556332509,48.91558470580413,39.880893038542474,41.36081507046658,24.248005375147244,31.796941583803623,20.36421076270959
89.56156156156156,71.24278299394138,68.29484689720711,48.919024869898585,39.87407326442457,41.35098202256842,24.238932921190152,31.790977405446725,20.34897879266851
89.65765765765765,71.25454436438247,68.3126270645022,48.9223841286236,39.86740151777092,41.34136688349164,24.23005692573575,31.785140498862617,20.334076104663552
89.75375375375376,71.26597913447097,68.32995120699148,48.92565424298518,39.860895068429755,41.331994272842365,24.221400365084378,31.779446047109637,20.31954137258364
89.84984984984985,71.27705872328826,68.34677439653031,48.92882697398935,39.85457118624928,41.3228888102267,24.212986215536386,31.773909233246126,20.305413270317707
89.94594594594595,71.28775454991563,68.36305170497398,48.931894082642124,39.84844714107769,41.31407511525077,24.204837453392102,31.768545240330415,20.291730471754683
90.04204204204204,71.29803861132345,68.37873908369507,48.934847493873406,39.84253986953732,41.30557732909545,24.196976611889873,31.763368959931608,20.278530905623178
90.13813813813813,71.30790109198381,68.3938201644994,48.937684291674884,39.836855820863555,41.29740453579732,24.18941228008641,31.758386109781277,20.26582904873959
90.23423423423424,71.31735358859271,68.40831116748618,48.94040763382397,39.83138909744608,41.28954809255212,24.182136630493304,31.75359160721251,20.253611767883108
90.33033033033033,71.32640892607117,68.4222301820492,48.94302102649604,39.82613309344805,41.28199833972762,24.175140893953937,31.748979750037563,20.241864346095632
90.42642642642643,71.33507992934025,68.43559529758231,48.94552797586647,39.82108120303266,41.27474561769157,24.168416301311684,31.74454483606868,20.230572066419064
90.52252252252252,71.34337942332095,68.44842460347935,48.94793198811063,39.81622682036308,41.26778026681174,24.16195408340993,31.740281163118123,20.219720211895293
90.61861861861861,71.35132023293428,68.46073618913412,48.95023656940389,39.811563339602465,41.26109262745589,24.15574547109206,31.736183028998123,20.20929406556623
90.71471471471472,71.35891518310129,68.4725481439405,48.95244522592162,39.807084154914,41.25467303999176,24.14978169520145,31.73224473152095,20.199278910473765
90.8108108108108,71.36617709874295,68.48387855729229,48.954561463839205,39.80278266046087,41.24851184478712,24.144053986581476,31.728460568498843,20.189660029659805
90.90690690690691,71.37311880478035,68.4947455185833,48.95658878933201,39.79865225040622,41.24259938220973,24.138553576075523,31.72482483774406,20.18042270616624
91.003003003003,71.37975312613443,68.50516711720738,48.9585307085754,39.79468631891324,41.236925992627334,24.133271694526968,31.72133183706884,20.17155222303498
91.09909909909909,71.38609288772628,68.51516144255838,48.960390727744766,39.7908782601451,41.23148201640771,24.128199572779195,31.717975864285442,20.163033863307916
91.1951951951952,71.3921509144769,68.52474658403011,48.96217235301547,39.78722146826498,41.226257793918606,24.123328441675582,31.71475121720611,20.154852910026953
91.29129129129129,71.39794003130729,68.5339406310164,48.9638790905629,39.78370933743605,41.22124366552777,24.118649532059514,31.7116521936431,20.146994646233985
91.38738738738739,71.4034730631385,68.5427616729111,48.965514446562395,39.78033526182147,41.216429971602984,24.11415407477436,31.70867309140866,20.13944435497092
91.48348348348348,71.40876283489155,68.551227799108,48.967081927189355,39.77709263558442,41.211807052511986,24.109833300663507,31.705808208315034,20.132187319279645
91.57957957957957,71.41382217148745,68.55935709900098,48.96858503861915,39.773974852888074,41.20736524862255,24.105678440570347,31.703051842174485,20.12520882220206
91.67567567567568,71.41866389784718,68.56716766198385,48.97002728702716,39.770975307895604,41.20309490030241,24.101680725338237,31.700398290799253,20.11849414678008
91.77177177177177,71.42330083889183,68.5746775774504,48.97141217858874,39.768087394770184,41.19898634791935,24.097831385810572,31.69784185200159,20.11202857605559
91.86786786786787,71.4277458195424,68.58190493479454,48.97274321947928,39.76530450767499,41.19502993184112,24.09412165283073,31.69537682359375,20.10579739307049
91.96396396396396,71.43201166471991,68.58886782341004,48.974023915874135,39.762620040773186,41.191215992435474,24.09054275724209,31.692997503387982,20.099785880866687
92.06006006006005,71.43611119934536,68.59558433269075,48.97525777394869,39.76002738822795,41.18753487007017,24.087085929888033,31.690698189196528,20.09397932248607
92.15615615615616,71.4400572483398,68.6020725520305,48.976448299878335,39.75751994420245,41.183976905112964,24.083742401611936,31.68847317883165,20.088363000970553
92.25225225225225,71.4438626366242,68.60835057082313,48.97759899983841,39.75509110285987,41.180532437931625,24.080503403257183,31.686316770105588,20.082922199362017
92.34834834834835,71.44754018911965,68.61443647846247,48.9787133800043,39.752734258363375,41.1771918088939,24.077360165667155,31.684223260830603,20.07764220070237
92.44444444444444,71.45110273074712,68.62034836434233,48.97979494655138,39.750442804876144,41.17394535836755,24.074303919685228,31.682186948818934,20.072508288033518
92.54054054054053,71.45456308642767,68.62610431785654,48.98084720565504,39.74821013656133,41.170783426720334,24.071325896154786,31.680202131882837,20.06750574439735
92.63663663663664,71.4579340810823,68.63172242839897,48.98187366349061,39.746029647582134,41.16769635432002,24.068417325919206,31.67826310783456,20.062619852835773
92.73273273273273,71.46122853963203,68.63722078536341,48.982877826233526,39.74389473210171,41.16467448153435,24.06556943982187,31.67636417448636,20.057835896390678
92.82882882882883,71.46445928699788,68.6426174781437,48.98386320005909,39.741798784283226,41.16170814873109,24.062773468706162,31.674499629650477,20.05313915810397
92.92492492492492,71.46763914810086,68.64793059613369,48.984833291142735,39.73973519828987,41.158787696278,24.060020643415456,31.672663771139167,20.04851492101755
93.02102102102101,71.47078092705488,68.6531782000384,48.985791600048,39.73769737865837,41.15590347979252,24.057302208553487,31.670850905677177,20.04394849126172
93.11711711711712,71.4738939127786,68.65837350382924,48.98674067927153,39.73568048245064,41.15304843120097,24.05461173342131,31.669056845682427,20.039429075561852
93.21321321321321,71.47697995135778,68.66351945933653,48.98768107393814,39.73368337740522,41.150220937329166,24.051947709474508,31.667280591624145,20.03495413949554
93.30930930930931,71.48003994103055,68.66861771150309,48.98861307353303,39.73170540381669,41.147420079686455,24.049309255006893,31.665521549971118,20.030522200408335
93.4054054054054,71.48307478003511,68.67366990527167,48.98953696754146,39.72974590197965,41.14464493978217,24.046695488312285,31.663779127192136,20.02613177564578
93.5015015015015,71.48608536660959,68.67867768558507,48.990453045448646,39.72780421218868,41.141894599125656,24.04410552768451,31.66205272975598,20.02178138255342
93.5975975975976,71.48907259899212,68.68364269738609,48.991361596739814,39.72587967473839,41.13916813922625,24.04153849141739,31.660341764131434,20.01746953847681
93.69369369369369,71.49203737542086,68.68856658561748,48.992262910900216,39.723971629923334,41.13646464159331,24.03899349780475,31.65864563678728,20.013194760761497
93.7897897897898,71.49498059413398,68.69345099522205,48.993157277415065,39.72207941803813,41.13378318773616,24.0364696651404,31.656963754192304,20.008955566753023
93.88588588588588,71.4979031533696,68.69829757114256,48.9940449857696,39.720202379377355,41.13112285916416,24.033966111718176,31.655295522815294,20.004750473796946
93.98198198198197,71.50080595136592,68.70310795832184,48.99492632544905,39.71833985423561,41.128482737386626,24.031481955831882,31.653640349125034,20.000577999238807
94.07807807807808,71.50368988636103,68.70788380170264,48.995801585938636,39.716491182907475,41.12586190391292,24.029016315775344,31.651997639590295,19.99643666042416
94.17417417417417,71.50655585659314,68.71262674622773,48.996671056723606,39.71465570568754,41.12325944025238,24.026568309842393,31.650366800679876,19.992324974698544
94.27027027027027,71.50940476030036,68.71733843683992,48.99753502728918,39.7128327628704,41.12067442791435,24.024137056326843,31.648747238862562,19.988241459407515
94.36636636636636,71.51223749572088,68.722020518482,48.9983937871206,39.71102169475065,41.118105948408164,24.021721673522514,31.647138360607123,19.984184631896618
94.46246246246247,71.5150549610928,68.72667463609675,48.999247625703084,39.70922184162287,41.11555308324317,24.019321279723222,31.645539572382354,19.980153009511405
94.55855855855856,71.51785805465431,68.73130243462693,49.00009683252187,39.70743254378165,41.11301491392871,24.016934993222797,31.64395028065704,19.976145109597415
94.65465465465465,71.52064767464353,68.73590555901535,49.000941697062196,39.70565314152158,41.110490521974114,24.01456193231506,31.642369891899964,19.972159449500207
94.75075075075075,71.52342471929865,68.74048565420479,49.00178250880928,39.703882975137255,41.107978988888746,24.01220121529383,31.640797812579905,19.968194546565325
94.84684684684684,71.52619008685781,68.74504436513803,49.00261955724836,39.70212138492327,41.10547939618192,24.00985196045292,31.63923344916565,19.964248918138317
94.94294294294295,71.52894467555913,68.74958333675784,49.00345313186467,39.70036771117419,41.102990825363,24.007513286086166,31.637676208125992,19.960321081564725
95.03903903903904,71.53168938364081,68.75410421400706,49.00428352214343,39.698621294184626,41.10051235794132,24.005184310487376,31.636125495929697,19.95640955419011
95.13513513513513,71.53442510934096,68.7586086418284,49.00511101756988,39.69688147424917,41.098043075426226,24.002864151950376,31.634580719045566,19.95251285336001
95.23123123123123,71.53715275089775,68.76309826516469,49.00593590762926,39.6951475916624,41.09558205932705,24.00055192876899,31.633041283942376,19.948629496419976
95.32732732732732,71.53987320654934,68.7675747289587,49.00675848180678,39.69341898671892,41.093128391153144,23.99824675923703,31.631506597088915,19.94475800071556
95.42342342342343,71.54258737453384,68.77203967815322,49.00757902958768,39.6916949997133,41.09068115241384,23.995947761648328,31.629976064953958,19.940896883592302
95.51951951951952,71.54529615308945,68.77649475769105,49.0083978404572,39.68997497094015,41.08823942461849,23.993654054296698,31.6284490940063,19.937044662395756
95.61561561561561,71.54800044045433,68.78094161251494,49.00921520390057,39.68825824069405,41.08580228927644,23.991364755475963,31.626925090714717,19.93319985447147
95.71171171171171,71.55070113486659,68.7853818875677,49.01003140940299,39.686544149269594,41.083368827897004,23.989078983479942,31.625403461548,19.929360977164993
95.8078078078078,71.55339913456439,68.7898172277921,49.01084674644974,39.68483203696136,41.080938121989554,23.986795856602463,31.623883612974932,19.92552654782187
95.90390390390391,71.55609533778588,68.79424927813093,49.01166150452602,39.68312124406395,41.078509253063416,23.98451449313734,31.62236495146429,19.92169508378765
96.0,71.5587906427692,68.79867968352698,49.01247597311707,39.68141111087195,41.07608130262795,23.9822340113784,31.62084688348487,19.917865102407884
