Time_h,10_mM,5_mM,2.5_mM,1.25_mM,0.782_mM,0.625_mM,0.313_mM,0.156_mM
0.0,8.431742059982824,8.431742059982824,8.431742059982824,8.431742059982824,8.431742059982824,8.431742059982824,8.431742059982824,8.431742059982824
0.09509509509509509,8.431567681640658,8.431658135518443,8.431761166607583,8.431702473514752,8.431646230033154,8.431698736111745,8.431683235677456,8.431806764975056
0.19019019019019018,8.431051456386736,8.431409682190438,8.431817717176283,8.43158526498795,8.431362515060655,8.431570496205515,8.431509066892277,8.431998314887801
0.2852852852852853,8.430203748879919,8.431001680096529,8.431910557730566,8.431392760718545,8.430896577380114,8.431359937824649,8.431223009823666,8.432312862125135
0.38038038038038036,8.429034923779067,8.430439109334433,8.432038534312069,8.431127287022663,8.430254079306307,8.431069658529664,8.430828520668006,8.432746559091136
0.4754754754754754,8.427555345743047,8.429726950001866,8.432200492962433,8.430791170216432,8.429440683154013,8.430702255881071,8.430329055621682,8.433295558189876
0.5705705705705706,8.425775379430714,8.428870182196547,8.432395279723295,8.430386736615976,8.42846205123801,8.430260327439393,8.42972807088107,8.43395601182544
0.6656656656656657,8.423705389500933,8.427873786016194,8.432621740636298,8.429916312537422,8.427323845873083,8.429746470765139,8.42902902264256,8.434724072401893
0.7607607607607607,8.421355740612569,8.426742741558524,8.43287872174308,8.42938222429689,8.426031729374007,8.429163283418823,8.428235367102529,8.435595892323319
0.8558558558558558,8.41873679742448,8.42548202892125,8.433165069085279,8.428786798210515,8.424591364055559,8.428513362960965,8.42735056045736,8.436567623993788
0.9509509509509508,8.415858924595529,8.424096628202092,8.433479628704536,8.428132360594418,8.423008412232527,8.42779930695208,8.426378058903438,8.437635419817381
1.046046046046046,8.412732486784577,8.422591519498763,8.433821246642486,8.427421237764726,8.42128853621968,8.427023712952678,8.425321318637142,8.438795432198171
1.1411411411411412,8.409367848650486,8.42097168290899,8.434188768940775,8.426655756037565,8.419437398331805,8.42618917852328,8.42418379585486,8.440043813540237
1.2362362362362362,8.405775374852121,8.419242098530482,8.434581041641037,8.425838241729059,8.417460660883679,8.425298301224396,8.422968946752967,8.441376716247653
1.3313313313313313,8.40196543004834,8.417407746460958,8.434996910784916,8.424971021155338,8.415363986190078,8.424353678616544,8.42168022752785,8.442790292724494
1.4264264264264264,8.397948378898008,8.415473606798136,8.435435222414048,8.424056420632525,8.41315303656579,8.42335790826024,8.420321094375886,8.44428069537484
1.5215215215215214,8.393734586059983,8.413444659639731,8.435894822570072,8.423096766476746,8.410833474325587,8.422313587716,8.418895003493464,8.44584407660276
1.6166166166166165,8.38933441619313,8.41132588508346,8.43637455729463,8.422094385004126,8.408410961784249,8.421223314544331,8.417405411076961,8.44747658881234
1.7117117117117115,8.384758233956308,8.409122263227047,8.43687327262936,8.421051602530795,8.405891161256559,8.42008968630576,8.415855773322763,8.449174384407646
1.8068068068068066,8.380016404008384,8.406838774168197,8.4373898146159,8.419970745372874,8.403279735057295,8.418915300560794,8.41424954642725,8.45093361579276
1.9019019019019017,8.375119291008213,8.404480398004639,8.437923029295892,8.418854139846493,8.400582345501231,8.41770275486995,8.412590186586806,8.452750435371756
1.996996996996997,8.370077259614664,8.402052114834085,8.438471762710972,8.417704112267776,8.397804654903156,8.416454646793744,8.410881149997813,8.454620995548714
2.092092092092092,8.364900674486593,8.39955890475425,8.439034860902781,8.416522988952849,8.394952325577842,8.41517357389269,8.409125892856654,8.456541448727704
2.187187187187187,8.359599900282866,8.397005747862853,8.439611169912958,8.415313096217838,8.392031019840074,8.413862133727307,8.407327871359707,8.458507947312807
2.2822822822822824,8.35418530166234,8.394397624257612,8.440199535783146,8.414076760378869,8.389046400004627,8.412522923858106,8.405490541703358,8.460516643708097
2.3773773773773774,8.348667243283883,8.391739514036246,8.44079880455498,8.412816307752067,8.38600412838628,8.411158541845602,8.403617360083988,8.462563690317646
2.4724724724724725,8.343056089806353,8.389036397296469,8.4414078222701,8.411534064653562,8.382909867299816,8.409771585250311,8.40171178269798,8.464645239545538
2.5675675675675675,8.337362205888612,8.386293254135994,8.442025434970148,8.410232357399474,8.379769279060014,8.40836465163275,8.399777265741719,8.466757443795842
2.6626626626626626,8.331595956189522,8.38351506465255,8.442650488696758,8.408913512305933,8.376588025981649,8.406940338553435,8.397817265411582,8.468896455472642
2.7577577577577577,8.325767705367944,8.380706808943843,8.443281829491573,8.407579855689063,8.373371770379505,8.405501243572875,8.395835237903954,8.471058426980006
2.8528528528528527,8.319887818082744,8.377873467107593,8.443918303396233,8.40623371386499,8.370126174568359,8.404049964251591,8.393834639415216,8.473239510722014
2.947947947947948,8.313966658992781,8.375020019241521,8.444558756452377,8.404877413149842,8.366856900862993,8.402589098150097,8.391818926141752,8.47543585910274
3.043043043043043,8.308014493969592,8.372151398251496,8.445202046306038,8.40351325857938,8.3635695587356,8.401121217328772,8.389791522702962,8.47764366125832
3.138138138138138,8.302038718658627,8.36927116590334,8.445847367764328,8.402142936896958,8.360268222338284,8.399648152951823,8.387754936261683,8.479860173560056
3.233233233233233,8.296043480701318,8.366381332353935,8.446494297172409,8.40076743517415,8.356955228424885,8.398170897770843,8.385710635768948,8.48208386008346
3.328328328328328,8.290032753033874,8.363483824301477,8.447142431397818,8.399387702848227,8.353632820297218,8.396690399440478,8.383660034331957,8.484313249864623
3.423423423423423,8.284010508592507,8.36058056844416,8.447791367308078,8.398004689356476,8.350303241257102,8.395207605615381,8.381604545057897,8.486546871939643
3.518518518518518,8.277980720313428,8.357673491480172,8.448440701770716,8.396619344136168,8.34696873460635,8.393723463950192,8.379545581053966,8.488783255344611
3.613613613613613,8.27194736113285,8.354764520107711,8.44909003165326,8.39523261662459,8.343631543646781,8.392238922099564,8.37748455542736,8.49102092911562
3.7087087087087083,8.26591440398698,8.351855581024962,8.44973895382324,8.393845456259019,8.340293911680208,8.390754927718142,8.375422881285266,8.493258422288765
3.8038038038038033,8.25988582181203,8.348948600930123,8.450387065148185,8.392458812476736,8.336958082008449,8.389272428460574,8.373361971734887,8.495494263900138
3.898898898898899,8.253865587544212,8.346045506521389,8.451033962495613,8.391073634715015,8.33362629793332,8.387792371981504,8.371303239883408,8.497726982985835
3.993993993993994,8.247857674119736,8.343148224496943,8.451679242733064,8.389690872411144,8.330300802756634,8.386315705935587,8.369248098838028,8.499955108581947
4.0890890890890885,8.241866054474812,8.340258681554987,8.452322502728055,8.3883114750024,8.326983839780214,8.384843377977466,8.36719796170594,8.502177169724568
4.184184184184184,8.235894701545652,8.33737880439371,8.45296333934812,8.386936391926058,8.32367765230587,8.383376335761787,8.365154241594338,8.504391695449794
4.279279279279279,8.229947588268466,8.334510519711303,8.453601349460785,8.385566572619402,8.320384483635417,8.3819155269432,8.363118351610414,8.506597214793715
4.374374374374374,8.224028687579464,8.331655754205961,8.454236129933577,8.38420296651971,8.317106577070675,8.380461899176353,8.361091704861368,8.508792256792425
4.469469469469469,8.218141972414859,8.328816434575876,8.454867277634023,8.382846523064265,8.313846175913458,8.379016400115892,8.359075714454384,8.51097535048202
4.564564564564565,8.21229141571086,8.325994487519237,8.455494389429647,8.38149819169034,8.310605523465584,8.377579977416463,8.357071793496667,8.513145024898595
4.65965965965966,8.206480990403678,8.323191839734239,8.456117062187987,8.380158921835223,8.30738686302887,8.376153578732717,8.3550813550954,8.515299809078236
4.754754754754755,8.200714669429525,8.320410417919076,8.45673489277656,8.378829662936186,8.304192437905126,8.374738151719297,8.353105812357786,8.517438232057042
4.84984984984985,8.19499642572461,8.317652148771938,8.457347478062898,8.377511364430513,8.301024491396175,8.373334644030857,8.351146578391015,8.519558822871108
4.944944944944945,8.189330232225146,8.314918958991019,8.457954414914528,8.376204975755483,8.29788526680383,8.371944003322037,8.349205066302279,8.521660110556523
5.04004004004004,8.183720061867339,8.312212775274512,8.458555300198979,8.374911446348374,8.294777007429905,8.37056717724749,8.347282689198776,8.523740624149385
5.135135135135135,8.178169887587405,8.309535524320607,8.459149730783777,8.373631725646467,8.291701956576219,8.369205113461861,8.345380860187698,8.525798892685785
5.23023023023023,8.172683682321551,8.306889132827498,8.45973730353645,8.372366763087042,8.288662357544588,8.367858759619798,8.343500992376237,8.527833445201816
5.325325325325325,8.167265419005991,8.304275527493377,8.460317615324522,8.371117508107378,8.285660453636826,8.36652906337595,8.34164449887159,8.529842810733573
5.42042042042042,8.161919070576936,8.301696635016437,8.460890263015527,8.369884910144753,8.28269848815475,8.365216972384959,8.33981279278095,8.531825518317147
5.515515515515515,8.156648609970592,8.299154382094875,8.461454843476988,8.36866991863645,8.27977870440018,8.363923434301478,8.338007287211513,8.533780096988636
5.61061061061061,8.151458010123175,8.296650695426873,8.462010953576431,8.367473483019747,8.276903345674924,8.362649396780157,8.336229395270466,8.53570507578413
5.7057057057057055,8.146351243970892,8.29418750171063,8.46255819018139,8.366296552731923,8.274074655280804,8.361395807475635,8.334480530065012,8.537598983739725
5.8008008008008005,8.141332284449957,8.291766727644339,8.463096150159387,8.36514007721026,8.271294876519637,8.360163614042564,8.332762104702338,8.53946034989151
5.895895895895896,8.136405104496577,8.28939029992619,8.463624430377953,8.364005005892036,8.268566252693233,8.358953764135594,8.33107553228964,8.541287703275582
5.990990990990991,8.131573677046966,8.287060145254378,8.464142627704613,8.362892288214528,8.265891027103411,8.357767205409367,8.329422225934115,8.543079572928038
6.086086086086086,8.126841975037333,8.284778190327096,8.464650339006894,8.361802873615018,8.26327144305199,8.356604885518534,8.327803598742952,8.544834487884966
6.181181181181181,8.122213971403891,8.282546361842531,8.465147161152325,8.360737711530788,8.260709743840783,8.355467752117743,8.326221063823349,8.546550977182461
6.276276276276276,8.117693639082848,8.280366586498882,8.465632691008434,8.359697751399116,8.258208172771607,8.354356752861639,8.324676034282497,8.548227569856616
6.371371371371371,8.113284951010415,8.278240790994335,8.466106525442749,8.35868394265728,8.255768973146276,8.353272835404871,8.323169923227592,8.549862794943527
6.466466466466466,8.108991880122804,8.276170902027088,8.466568261322793,8.357697234742561,8.253394388266612,8.352216947402086,8.321704143765825,8.551455181479284
6.561561561561561,8.104818399356228,8.274158846295332,8.4670174955161,8.356738577092237,8.251086661434424,8.351190036507933,8.320280109004393,8.553003258499983
6.656656656656656,8.100768481646895,8.272206550497259,8.467453824890192,8.355808919143591,8.24884803595153,8.350193050377056,8.31889923205049,8.554505555041716
6.751751751751751,8.096846099931012,8.270315941331061,8.4678768463126,8.3549092103339,8.246680755119748,8.349226936664106,8.317562926011307,8.55596060014058
6.846846846846846,8.093055227144797,8.268488945494932,8.468286156650851,8.354040400100445,8.244587062240894,8.348292643023727,8.31627260399404,8.557366922832664
6.941941941941941,8.089399836224457,8.266727489687064,8.468681352772473,8.353203437880504,8.242569200616783,8.347391117110572,8.315029679105884,8.558723052154063
7.037037037037036,8.08588382896443,8.265033466115096,8.469062038790916,8.352399256144892,8.240629373423133,8.346523289575202,8.313835539195304,8.560027543481658
7.132132132132131,8.082508161437822,8.263407338858764,8.469428118847034,8.351628084844922,8.238768122360389,8.345689386991312,8.312690526239026,8.56128004286815
7.227227227227226,8.07926985555232,8.261847664658042,8.46977989778401,8.350889215680247,8.236983770141565,8.344888695600964,8.311593585397183,8.562481653021042
7.3223223223223215,8.076165659182216,8.260352867397582,8.470117708355854,8.350181874996823,8.235274484916614,8.344120436147644,8.310543564534965,8.563633578110798
7.417417417417417,8.073192320201802,8.258921370962042,8.470441883316576,8.349505289140598,8.233638434835491,8.343383829374828,8.309539311517563,8.56473702230788
7.512512512512512,8.070346586485371,8.257551599236077,8.470752755420193,8.348858684457523,8.23207378804815,8.342678096026,8.308579674210169,8.565793189782745
7.607607607607607,8.067625205907214,8.25624197610434,8.471050657420712,8.34824128729355,8.230578712704546,8.342002456844643,8.307663500477966,8.566803284705857
7.702702702702703,8.065024926341621,8.25499092545149,8.471335922072146,8.34765232399463,8.22915137695463,8.341356132574237,8.306789638186155,8.567768511247678
7.797797797797798,8.062542495662889,8.25379687116218,8.471608882128507,8.347091020906714,8.227789948948356,8.340738343958265,8.305956935199921,8.568690073578669
7.892892892892893,8.060174661745306,8.252658237121064,8.471869870343806,8.34655660437575,8.226492596835682,8.340148311740206,8.305164239384455,8.569569175869288
7.987987987987988,8.057918172463168,8.251573447212806,8.472119219472054,8.346048300747698,8.225257488766557,8.339585256663547,8.304410398604949,8.570407022290004
8.083083083083082,8.055769775690766,8.25054092532205,8.472357262267263,8.345565336368498,8.224082792890938,8.339048399471766,8.303694260726592,8.571204817011267
8.178178178178177,8.05372621930239,8.24955909533346,8.472584331483446,8.34510693758411,8.22296667735878,8.338536960908343,8.303014673614577,8.571963764203549
8.273273273273272,8.051784251172334,8.24862638113169,8.472800759874614,8.344672330740476,8.221907310320036,8.338050161716762,8.302370485134091,8.572685068037304
8.368368368368367,8.049940619174892,8.247741206601393,8.473006880194779,8.344260742183558,8.220902859924657,8.337587222640506,8.301760543150328,8.573369932682997
8.463463463463462,8.048192071184355,8.246901995627228,8.473203025197952,8.343871398259298,8.2199514943226,8.337147364423055,8.301183695528476,8.574019562311088
8.558558558558557,8.046535355075012,8.246107172093845,8.473389527638146,8.34350352531365,8.219051381663819,8.336729807807892,8.30063879013373,8.574635161092038
8.653653653653652,8.044967218721158,8.245355159885904,8.473566720269366,8.343156349692567,8.218200690098264,8.336333773538495,8.300124674831276,8.575217933196308
8.748748748748747,8.043484409997088,8.244644382888062,8.473734935845634,8.342829097741996,8.217397587775897,8.33595848235835,8.299640197486307,8.57576908279436
8.843843843843842,8.04208367677709,8.24397326498497,8.473894507120956,8.342520995807893,8.216640242846665,8.33560315501094,8.299184205964012,8.576289814056654
8.938938938938938,8.040761766935459,8.243340230061285,8.474045766849343,8.342231270236207,8.215926823460526,8.33526701223974,8.298755548129582,8.576781331153656
9.034034034034033,8.039515428346485,8.242743702001667,8.47418904778481,8.341959147372888,8.215255497767432,8.334949274788238,8.29835307184821,8.57724483825582
9.12912912912913,8.038341408884461,8.242182104690766,8.474324682681363,8.341703853563889,8.214624433917333,8.334649163399913,8.297975624985083,8.577681539533613
9.224224224224224,8.03723645642368,8.24165386201324,8.474453004293023,8.341464615155159,8.214031800060189,8.334365898818245,8.297622055405396,8.578092639157493
9.31931931931932,8.036197318838434,8.241157397853744,8.47457434537379,8.341240658492648,8.213475764345954,8.334098701786719,8.297291210974334,8.578479341297923
9.414414414414415,8.035220744003015,8.240691136096935,8.474689038677683,8.34103120992231,8.21295449492458,8.333846793048815,8.296981939557096,8.578842850125362
9.50950950950951,8.034303479791715,8.240253500627464,8.474797416958715,8.340835495790097,8.212466159946018,8.333609393348016,8.296693089018863,8.579184369810276
9.604604604604605,8.033442274078828,8.239842915329993,8.474899812970893,8.340652742441957,8.212008927560229,8.333385723427805,8.29642350722483,8.579505104523122
9.6996996996997,8.032633874738643,8.239457804089172,8.47499655946823,8.34048217622384,8.21158096591716,8.333175004031656,8.29617204204019,8.579806258434362
9.794794794794795,8.031875029645455,8.23909659078966,8.47508798920474,8.340323023481703,8.211180443166768,8.33297645590306,8.295937541330128,8.580089035714456
9.88988988988989,8.031162486673557,8.238757699316112,8.475174434934432,8.340174510561493,8.210805527459009,8.332789299785494,8.29571885295984,8.58035464053387
9.984984984984985,8.030492993697239,8.238439553553183,8.475256229411318,8.34003586380916,8.210454386943834,8.332612756422442,8.295514824794514,8.580604277063058
10.08008008008008,8.029863298590792,8.238140577385531,8.47533370538941,8.339906309570658,8.210125189771196,8.332446046557381,8.295324304699342,8.580839149472489
10.175175175175175,8.029270149228513,8.237859194697807,8.47540719562272,8.339785074191933,8.209816104091052,8.3322883909338,8.295146140539513,8.58106046193262
10.27027027027027,8.02871029348469,8.237593829374669,8.47547703286526,8.339671384018944,8.209525298053356,8.332139010295174,8.294979180180219,8.581269418613912
10.365365365365365,8.028180479233615,8.237342905300773,8.475543549871041,8.339564465397634,8.20925093980806,8.331997125384989,8.294822271486652,8.581467223686827
10.46046046046046,8.027677454349583,8.237104846360772,8.475607079394074,8.339463544673961,8.208991197505117,8.331861956946726,8.294674262323996,8.581655081321827
10.555555555555555,8.027197966706884,8.236878076439327,8.47566795418837,8.339367848193874,8.208744239294484,8.331732725723864,8.29453400055745,8.581834195689371
10.65065065065065,8.026738764179814,8.236661019421089,8.475726507007945,8.33927660230332,8.208508233326114,8.331608652459888,8.2944003340522,8.582005770959924
10.745745745745745,8.026296594642663,8.236452099190712,8.475783070606804,8.339189033348255,8.20828134774996,8.331488957898278,8.294272110673438,8.582171011303947
10.84084084084084,8.025868205969722,8.236249739632857,8.475837977738966,8.339104367674626,8.208061750715977,8.331372862782516,8.294148178286354,8.582331120891897
10.935935935935936,8.025450346035285,8.236052364632176,8.475891561158436,8.339021831628386,8.207847610374118,8.331259587856083,8.29402738475614,8.582487303894236
11.03103103103103,8.025039762713641,8.235858398073326,8.475944153619231,8.338940651555488,8.20763709487434,8.331148353862464,8.293908577947985,8.58264076448143
11.126126126126126,8.024633203879086,8.235666263840962,8.475996087875357,8.33886005380188,8.207428372366591,8.331038381545136,8.293790605727079,8.582792706823934
11.22122122122122,8.024227417405912,8.235474385819737,8.476047696680833,8.338779264713516,8.207219611000832,8.330928891647583,8.293672315958615,8.582944335092217
11.316316316316316,8.02381915116841,8.235281187894312,8.476099312789662,8.338697510636344,8.20700897892701,8.330819104913283,8.293552556507782,8.583096853456732
11.411411411411411,8.023405153040871,8.23508509394934,8.476151268955864,8.338614017916317,8.206794644295085,8.330708242085725,8.29343017523977,8.583251466087944
11.506506506506506,8.022982170897592,8.234884527869475,8.476203897933445,8.338528012899387,8.206574775255007,8.330595523908391,8.293304020019773,8.583409377156316
11.601601601601601,8.02254695261286,8.234677913539374,8.476257532476419,8.338438721931501,8.206347539956733,8.330480171124753,8.293172938712978,8.583571790832305
11.696696696696696,8.022096246060968,8.234463674843692,8.476312505338795,8.338345371358615,8.206111106550212,8.3303614044783,8.29303577918458,8.583739911286377
11.791791791791791,8.021626799116211,8.234240235667086,8.47636914927459,8.338247187526676,8.205863643185403,8.330238444712512,8.292891389299761,8.583914942688988
11.886886886886886,8.02113535965288,8.234006019894212,8.476427797037811,8.33814339678164,8.205603318012258,8.330110512570872,8.292738616923721,8.584098089210606
11.981981981981981,8.020618675545265,8.233759451409723,8.476488781382468,8.33803322546945,8.205328299180731,8.329976828796859,8.292576309921646,8.584290555021687
12.077077077077076,8.020073494667665,8.233498954098275,8.47655243506258,8.337915899936066,8.205036754840778,8.329836614133958,8.29240331615873,8.584493544292693
12.172172172172171,8.019496564894363,8.233222951844523,8.476619090832154,8.337790646527434,8.204726853142349,8.329689089325647,8.292218483500156,8.584708261194088
12.267267267267266,8.018884634099658,8.232929868533125,8.4766890814452,8.337656691589505,8.204396762235401,8.329533475115412,8.292020659811122,8.584935909896329
12.362362362362362,8.018234450157841,8.232618128048736,8.47676273965573,8.337513261468233,8.20404465026989,8.329368992246732,8.291808692956819,8.585177694569879
12.457457457457457,8.017542760943202,8.23228615427601,8.47684039821776,8.337359582509569,8.203668685395762,8.329194861463089,8.291581430802433,8.585434819385203
12.552552552552552,8.016806314330033,8.231932371099605,8.4769223898853,8.337194881059458,8.203267035762979,8.32901030350796,8.291337721213155,8.585708488512758
12.647647647647647,8.01602185819263,8.231555202404177,8.47700904741236,8.337018383463858,8.202837869521492,8.328814539124837,8.291076412054181,8.585999906123003
12.742742742742742,8.015186140405284,8.231153072074376,8.477100703552948,8.336829316068716,8.202379354821254,8.328606789057194,8.290796351190695,8.586310276386405
12.837837837837837,8.014295908842284,8.230724403994863,8.477197691061084,8.336626905219987,8.20188965981222,8.328386274048516,8.29049638648789,8.58664080347342
12.932932932932932,8.013347911377926,8.230267622050292,8.477300342690773,8.336410377263617,8.201366952644346,8.328152214842282,8.29017536581096,8.586992691554515
13.028028028028027,8.0123388958865,8.229781150125316,8.47740899119603,8.336178958545561,8.200809401467582,8.327903832181978,8.289832137025094,8.587367144800147
13.123123123123122,8.011265610242301,8.229263412104597,8.477523969330866,8.33593187541177,8.200215174431882,8.32764034681108,8.28946554799548,8.58776536738078
13.218218218218217,8.010124802319618,8.228712831872786,8.477645609849294,8.335668354208194,8.199582439687205,8.327360979473074,8.289074446587307,8.58818856346687
13.313313313313312,8.008913219992746,8.228127833314538,8.477774245505323,8.335387621280782,8.198909365383503,8.327064950911442,8.288657680665771,8.588637937228889
13.408408408408407,8.007627611135975,8.227506840314508,8.477910209052963,8.335088902975489,8.198194119670726,8.326751481869664,8.288214098096063,8.589114692837283
13.503503503503502,8.006264723623598,8.226848276757355,8.478053833246232,8.334771425638262,8.19743487069883,8.326419793091219,8.287742546743367,8.589620034462527
13.598598598598597,8.004821305329907,8.226150566527734,8.478205450839136,8.334434415615055,8.196629786617772,8.326069105319595,8.28724187447288,8.590155166275077
13.693693693693692,8.003294104129196,8.225412133510297,8.478365394585689,8.334077099251818,8.195777035577501,8.325698639298267,8.286710929149791,8.590721292445389
13.788788788788787,8.001679867895756,8.2246314015897,8.478533997239904,8.333698702894504,8.19487478572798,8.325307615770724,8.286148558639288,8.591319617143933
13.883883883883883,7.999975344503876,8.223806794650605,8.47871159155579,8.33329845288906,8.19392120521915,8.32489525548044,8.285553610806563,8.591951344541165
13.978978978978978,7.998177281827856,8.222936736577664,8.478898510287358,8.332875575581442,8.192914462200973,8.324460779170902,8.284924933516809,8.59261767880755
14.074074074074073,7.996282427741981,8.222019651255529,8.479095086188622,8.332429297317596,8.1918527248234,8.32400340758559,8.284261374635214,8.593319824113546
14.169169169169168,7.994287530120547,8.221053962568858,8.479301652013593,8.331958844443479,8.19073416123639,8.323522361467987,8.28356178202697,8.594058984629614
14.264264264264263,7.992189336837846,8.220038094402309,8.479518540516283,8.331463443305037,8.189556939589894,8.32301686156157,8.282825003557265,8.59483636452622
14.359359359359358,7.989984595768168,8.218970470640533,8.479746084450703,8.330942320248221,8.188319228033864,8.322486128609826,8.282049887091295,8.595653167973815
14.454454454454453,7.987670054785808,8.21784951516819,8.479984616570864,8.330394701618985,8.187019194718255,8.321929383356236,8.281235280494247,8.596510599142873
14.549549549549548,7.985242461765056,8.216673651869934,8.48023446963078,8.329819813763278,8.185655007793022,8.321345846544281,8.280380031631312,8.597409862203847
14.644644644644643,7.982698564580206,8.215441304630417,8.480495976384459,8.329216883027053,8.184224835408118,8.320734738917443,8.279482988367679,8.598352161327199
14.739739739739738,7.980035111105549,8.214150897334301,8.480769469585917,8.328585135756262,8.1827268457135,8.320095281219201,8.27854299856854,8.599338700683397
14.834834834834833,7.9772488492153775,8.212800853866236,8.481055281989162,8.327923798296851,8.181159206859116,8.319426694193039,8.277558910099087,8.600370684442893
14.929929929929928,7.974336526783985,8.211389598110882,8.481353746348205,8.327232096994775,8.179520086994923,8.318728198582438,8.276529570824511,8.601449316776154
15.025025025025023,7.9712948916856625,8.20991555395289,8.481665195417063,8.326509258195983,8.177807654270879,8.31799901513088,8.275453828609997,8.60257580185364
15.120120120120118,7.968120691794703,8.208377145276922,8.481989961949745,8.32575450824643,8.176020076836929,8.31723836458185,8.274330531320743,8.603751343845808
15.215215215215213,7.964810674985398,8.206772795967627,8.48232837870026,8.324967073492063,8.174155522843035,8.316445467678825,8.273158526821938,8.604977146923126
15.31031031031031,7.96136158913204,8.205100929909664,8.48268077842262,8.324146180278834,8.172212160439148,8.315619545165289,8.271936662978769,8.606254415256052
15.405405405405405,7.957770182108923,8.203359970987686,8.483047493870838,8.323291054952698,8.170188157775224,8.31475981778472,8.27066378765643,8.607584353015048
15.5005005005005,7.9540332017903355,8.20154834308635,8.48342885779893,8.322400923859599,8.168081683001214,8.313865506280607,8.269338748720108,8.608968164370573
15.595595595595595,7.950147396050572,8.199664470090312,8.483825202960904,8.321475013345491,8.165890904267071,8.312935831396425,8.267960394034997,8.610407053493093
15.69069069069069,7.9461095127639245,8.19770677588423,8.484236862110766,8.320512549756328,8.163613989722753,8.311970013875658,8.266527571466288,8.611902224553065
15.785785785785786,7.941916299804685,8.195673684352755,8.484664168002537,8.319512759438059,8.161249107518213,8.310967274461788,8.265039128879168,8.613454881720948
15.88088088088088,7.937564505047148,8.193563619380544,8.485107453390222,8.318474868736633,8.158794425803404,8.309926833898295,8.263493914138833,8.615066229167212
15.975975975975976,7.933050876365604,8.191375004852256,8.485567051027838,8.317398103998004,8.156248112728278,8.308847912928666,8.261890775110468,8.616737471062311
16.07107107107107,7.9283721616343446,8.189106264652542,8.48604329366939,8.316281691568122,8.153608336442792,8.307729732296378,8.260228559659266,8.618469811576707
16.166166166166164,7.923525108727661,8.186755822666058,8.486536514068895,8.315124857792938,8.150873265096898,8.306571512744911,8.258506115650418,8.620264454880866
16.26126126126126,7.918506465519849,8.184322102777465,8.487047044980365,8.313926829018405,8.148041066840552,8.305372475017753,8.256722290949114,8.622122605145242
16.356356356356354,7.913312979885198,8.18180352887141,8.487575219157806,8.31268683159047,8.145109909823704,8.30413183985838,8.254875933420548,8.624045466540302
16.45145145145145,7.907941399698001,8.179198524832554,8.488121369355236,8.311404091855087,8.142077962196314,8.302848828010276,8.252965890929904,8.626034243236505
16.546546546546544,7.902388472832553,8.176505514545553,8.488685828326664,8.310077836158205,8.138943392108333,8.301522660216925,8.25099101134238,8.628090139404312
16.64164164164164,7.896650947163142,8.17372292189506,8.489268928826101,8.30870729084578,8.135704367709714,8.300152557221804,8.24895014252316,8.630214359214186
16.736736736736734,7.8907255705640615,8.170849170765731,8.48987100360756,8.307291682263756,8.132359057150412,8.298737739768397,8.24684213233744,8.632408106836586
16.83183183183183,7.884609090909603,8.167882685042223,8.49049238542505,8.305830236758089,8.12890562858038,8.297277428600184,8.244665828650406,8.634672586441978
16.926926926926924,7.878298256074062,8.164821888609191,8.491133407032587,8.304322180674728,8.125342250149572,8.295770844460652,8.242420079327255,8.637009002200815
17.02202202202202,7.871789813931729,8.161665205351293,8.491794401184178,8.302766740359626,8.121667090007945,8.294217208093277,8.240103732233168,8.639418558283566
17.117117117117115,7.865080512356895,8.158411059153178,8.49247570063384,8.301163142158732,8.11787831630545,8.292615740241544,8.237715635233345,8.641902458860686
17.21221221221221,7.858167099223853,8.155057873899509,8.493177638135577,8.299510612417997,8.11397409719204,8.290965661648931,8.23525463619297,8.644461908102643
17.307307307307305,7.851046322406896,8.151604073474934,8.493900546443408,8.297808377483374,8.109952600817673,8.289266193058923,8.232719582977237,8.647098110179892
17.4024024024024,7.843714929780315,8.148048081764117,8.494644758311342,8.296055663700812,8.1058119953323,8.287516555215003,8.23010932345134,8.649812269262897
17.497497497497495,7.836169669218404,8.144388322651704,8.495410606493389,8.294251697416266,8.101550448885874,8.285715968860648,8.22742270548046,8.65260558952212
17.59259259259259,7.8284072885954545,8.140623220022363,8.496198423743564,8.292395704975682,8.09716612962835,8.283863654739346,8.224658576929796,8.655479275128021
17.687687687687685,7.820424535785758,8.136751197760738,8.497008542815877,8.290486912725013,8.092657205709683,8.281958833594572,8.221815785664537,8.65843453025106
17.782782782782782,7.812218158663608,8.132770679751488,8.497841296464337,8.288524547010212,8.08802184527983,8.280000726169812,8.21889317954987,8.661472559061702
17.877877877877875,7.803784905103297,8.128680089879275,8.49869701744296,8.286507834177225,8.083258216488737,8.277988553208546,8.215889606450991,8.664594565730404
17.972972972972972,7.795121522979113,8.124477852028743,8.499576038505756,8.284436000572011,8.078364487486363,8.275921535454255,8.212803914233085,8.667801754427634
18.068068068068065,7.78622571492229,8.120162852191894,8.500478594336105,8.282308499294249,8.073339363522237,8.273799122558664,8.209635288906245,8.671094976036075
18.163163163163162,7.7771045146315245,8.115738492646035,8.501403961149714,8.280126999562015,8.068186799048268,8.271623001348388,8.206386221251343,8.674471628672698
18.25825825825826,7.767770230470786,8.11121072863398,8.502350873359745,8.277894423320651,8.062913715785177,8.269396123280135,8.203061070169904,8.677927158675272
18.353353353353352,7.7582352305704845,8.106585544325805,8.503318059240266,8.275613706709967,8.057527069075359,8.26712145413994,8.199664215730838,8.68145699026624
18.44844844844845,7.748511883061024,8.101868923891594,8.50430424706535,8.27328778586977,8.05203381426121,8.264801959713846,8.196200038003061,8.685056547668053
18.543543543543542,7.738612556072816,8.097066851501424,8.50530816510907,8.27091959693987,8.046440906685122,8.262440605787894,8.192672917055482,8.688721255103163
18.63863863863864,7.7285496177362685,8.092185311325377,8.5063285416455,8.26851207606007,8.040755301689499,8.260040358148123,8.18908723295702,8.69244653679401
18.733733733733732,7.718335436181791,8.087230287533531,8.50736410494871,8.266068159370183,8.034983954616735,8.25760418258057,8.18544736577658,8.696227816963049
18.82882882882883,7.7079823795397875,8.082207764295966,8.508413583292777,8.263590783010017,8.029133820809225,8.255135044871281,8.181757695583082,8.700060519832725
18.923923923923923,7.6975028159406715,8.077123725782762,8.509475704951768,8.261082883119379,8.023211855609368,8.25263591080629,8.178022602445436,8.703940069625489
19.01901901901902,7.686909113514847,8.071984156164001,8.510549198199763,8.258547395838074,8.017225014359555,8.250109746171638,8.174246466432557,8.707861890563787
19.114114114114113,7.676213640392726,8.066795039609762,8.51163279131083,8.255987257305913,8.011180252402188,8.247559516753368,8.170433667613356,8.711821406870069
19.20920920920921,7.665428764704712,8.061562360290122,8.512725212559044,8.253405403662706,8.005084525079662,8.244988188337517,8.166588586056745,8.715814042766782
19.304304304304303,7.654566854581218,8.05629210237516,8.513825190218476,8.250804771048257,7.998944787734372,8.242398726710126,8.162715601831643,8.719835222476375
19.3993993993994,7.64364027815265,8.050990250034964,8.514931452563198,8.248188295602377,7.992767995708714,8.239794097657235,8.158819095006955,8.723880370221298
19.494494494494493,7.632661403549415,8.045662787439602,8.516042727867287,8.245558913464873,7.986561104345088,8.237177266964881,8.154903445651598,8.727944910223998
19.58958958958959,7.621642598901923,8.040315698759164,8.517157744404813,8.242919560775553,7.9803310689858895,8.234551200419109,8.150973033834488,8.73202426670692
19.684684684684683,7.610596232340584,8.034954968163724,8.51827523044985,8.240273173674225,7.974084844973511,8.231918863805957,8.147032239624535,8.736113863892516
19.77977977977978,7.5995346719958015,8.029586579823363,8.519393914276469,8.2376226883007,7.967829387650349,8.22928322291146,8.14308544309065,8.740209126003236
19.874874874874873,7.588470285997989,8.024216517908162,8.520512524158743,8.23497104079478,7.961571652358806,8.226647243521665,8.13913702430175,8.744305477261525
19.96996996996997,7.57741544247755,8.018850766588201,8.521629788370747,8.232321167296277,7.955318594441274,8.224013891422608,8.135191363326744,8.748398341889832
20.065065065065063,7.566382509564895,8.013495310033557,8.52274443518655,8.229676003945,7.94907716924015,8.22138613240033,8.131252840234549,8.752483144110606
20.16016016016016,7.555383855390434,8.00815613241431,8.52385519288023,8.227038486880755,7.9428543320978315,8.21876693224087,8.12732583509408,8.756555308146297
20.255255255255253,7.544431848084574,8.002839217900545,8.524960789725856,8.224411552243351,7.936657038356714,8.216159256730272,8.123414727974241,8.760610258219351
20.35035035035035,7.533538855777719,7.997550550662337,8.526059953997501,8.221798136172595,7.930492243359192,8.213566071654567,8.119523898943955,8.764643418552213
20.445445445445444,7.522717246600284,7.992296114869767,8.527151413969241,8.2192011748083,7.924366902447666,8.210990342799802,8.11565772807213,8.768650213367339
20.54054054054054,7.511979388682673,7.987081894692914,8.528233897915147,8.216623604290264,7.9182879709645295,8.208435035952016,8.111820595427679,8.772626066887174
20.635635635635634,7.501337650155296,7.981913874301859,8.529306134109287,8.214068360758306,7.912262404252181,8.205903116897247,8.108016881079516,8.776566403334165
20.73073073073073,7.490804399148559,7.976798037866681,8.530366850825743,8.211538380352227,7.906297157653014,8.203397551421537,8.104250965096554,8.78046664693076
20.825825825825824,7.4803920037928755,7.971740369557461,8.53141477633858,8.209036599211835,7.900399186509426,8.200921305310924,8.100527227547708,8.78432222189941
20.92092092092092,7.470112832218648,7.966746853544278,8.532448638921874,8.206565953476943,7.894575446163815,8.19847734435145,8.096850048501887,8.788128552462563
21.016016016016014,7.459979227923097,7.961823461990225,8.533467169162767,8.204129373068394,7.888832877649119,8.196068628705214,8.093223798653405,8.791881071904934
21.11111111111111,7.449995408054999,7.956972206022788,8.53446986071615,8.201727736306037,7.883173701389872,8.193696263230056,8.089649756068413,8.795578203101998
21.206206206206204,7.440145768537409,7.952185435286002,8.535458068458876,8.199356917386844,7.877588623629876,8.191356827454252,8.086121655488892,8.799225660931743
21.3013013013013,7.430411740175447,7.947454054132969,8.536433425693698,8.197012041925689,7.872066628171331,8.189046223948166,8.082632103227816,8.802830251105167
21.396396396396394,7.420774753774234,7.942768966916789,8.537397565723372,8.194688235537456,7.866596698816437,8.186760355282157,8.079173705598171,8.806398779333263
21.49149149149149,7.411216240138893,7.938121077990572,8.538352121850645,8.192380623837016,7.861167819367393,8.184495124026581,8.075739068912936,8.809938051327034
21.586586586586584,7.401717630074549,7.9335012917074135,8.539298727378277,8.190084332439254,7.855768973626395,8.182246432751802,8.072320799485095,8.813454872797474
21.68168168168168,7.39226035438632,7.928900512420421,8.540239015609014,8.187794486959044,7.850389145395647,8.180010184028177,8.068911503627625,8.816956049455586
21.776776776776774,7.38282584387933,7.924309644482695,8.541174619845613,8.185506213011267,7.84501731847735,8.177782280426069,8.06550378765351,8.820448387012364
21.87187187187187,7.3733955293587,7.919719592247337,8.542107173390827,8.183214636210801,7.839642476673698,8.175558624515833,8.062090257875733,8.823938691178808
21.966966966966964,7.3639508416295545,7.915121260067454,8.54303830954741,8.180914882172525,7.834253603786895,8.173335118867831,8.058663520607272,8.82743376766592
22.06206206206206,7.3544732114970115,7.910505552296144,8.543969661618108,8.178602076511316,7.828839683619136,8.171107666052421,8.055216182161109,8.830940422184689
22.157157157157155,7.344944069766197,7.905863373286513,8.544902862905682,8.176271344842052,7.823389699972627,8.168872168639963,8.051740848850224,8.834465460446122
22.25225225225225,7.335344847242231,7.90118562739166,8.545839546712882,8.173917812779612,7.817892636649562,8.166624529200817,8.048230126987603,8.838015688161212
22.347347347347345,7.325656974730236,7.896463218964696,8.546781346342462,8.171536605938876,7.812337477452144,8.164360650305342,8.044676622886222,8.84159791104096
22.44244244244244,7.315861883035332,7.891687052358713,8.547729895097172,8.16912284993472,7.806713206182571,8.1620764345239,8.041072942859065,8.84521893479636
22.537537537537535,7.305941002962644,7.88684803192682,8.548686826279766,8.166671670382025,7.8010088066430425,8.159767784426847,8.037411693219111,8.848885565138415
22.63263263263263,7.2958757653172945,7.88193706202212,8.549653773193,8.164178192895667,7.795213262635755,8.157430602584546,8.033685480279344,8.85260460777812
22.727727727727725,7.285647600904402,7.876945046997714,8.550632369139622,8.161637543090528,7.789315557962917,8.155060791567353,8.029886910352744,8.856382868426476
22.822822822822822,7.275237940529092,7.871862891206705,8.551624247422389,8.159044846581482,7.783304676426719,8.15265425394563,8.026008589752292,8.860227152794478
22.917917917917915,7.264628214996483,7.866681499002194,8.552631041344053,8.156395228983408,7.777169601829365,8.150206892289738,8.022043124790972,8.864144266593124
23.013013013013012,7.2537998551117004,7.861391774737288,8.553654384207366,8.153683815911188,7.7708993179730514,8.14771460917003,8.017983121781759,8.868141015533416
23.108108108108105,7.242734291679865,7.855984622765084,8.554695909315079,8.150905732979698,7.764482808659981,8.145173307156874,8.013821187037639,8.87222420532635
23.203203203203202,7.231412955506097,7.8504509474386905,8.55575724996995,8.148056105803816,7.757909057692353,8.142578888820623,8.00954992687159,8.876400641682922
23.298298298298295,7.2198172773955225,7.844781653111206,8.556840039474729,8.145130059998422,7.7511670488723645,8.13992725673164,8.005161947596601,8.880677130314133
23.393393393393392,7.207928688153259,7.838967644135737,8.557945911132165,8.142122721178392,7.744245766002217,8.137214313460284,8.000649855525644,8.885060476930981
23.488488488488485,7.195728618584433,7.832999824865385,8.55907649824502,8.139029214958606,7.73713419288411,8.134435961576914,7.996006256971705,8.889557487244462
23.583583583583582,7.183198499494164,7.8268690996532495,8.560233434116038,8.135844666953943,7.729821313320243,8.131588103651888,7.991223758247762,8.894174966965576
23.678678678678676,7.170319761687573,7.820566372852437,8.561418352047976,8.132564202779283,7.722296111112814,8.128666642255569,7.9862949656668,8.898919721805317
23.773773773773772,7.157073835969784,7.814082548816048,8.56263288534359,8.1291829480495,7.714547570064025,8.125667479958313,7.9812124855418,8.903798557474692
23.868868868868866,7.143442153145918,7.807408531897186,8.563878667305627,8.125696028379476,7.706564673976074,8.122586519330483,7.97596892418574,8.908818279684693
23.963963963963963,7.129406144021097,7.800535226448957,8.565157331236845,8.122098569384086,7.69833640665116,8.119419662942436,7.970556887911602,8.91398569414632
24.059059059059056,7.114949852756576,7.793454818230673,8.566470282039539,8.118386384129437,7.689853304397144,8.116163388904242,7.964970024368294,8.919306648227845
24.154154154154153,7.100093343518794,7.7861771546812,8.567815776562298,8.114564760852797,7.681127301777241,8.112822108015703,7.959216333984591,8.924773780416718
24.249249249249246,7.0848829117219125,7.778724945200093,8.569189779111651,8.110645888000393,7.672185916443411,8.109406007987214,7.953314269473294,8.930370109950632
24.344344344344343,7.069365446456873,7.771121190284301,8.57058820210833,8.106642110186916,7.66305701873072,8.105925407274668,7.947282520107753,8.93607843836033
24.43943943943944,7.053587836814618,7.763388890430756,8.572006957973077,8.102565772027058,7.653768478974234,8.102390624333964,7.941139775161314,8.941881567176553
24.534534534534533,7.037596971886091,7.7555510461364054,8.573441959126624,8.098429218135513,7.644348167509019,8.098811977620995,7.934904723907321,8.94776229793004
24.62962962962963,7.021439740762235,7.747630657898184,8.574889117989716,8.094244793126974,7.634823954670139,8.095199785591657,7.928596055619123,8.953703432151535
24.724724724724723,7.0051630325339955,7.739650726213039,8.576344346983085,8.090024841616133,7.625223710792664,8.091564366701848,7.922232459570071,8.959687771371774
24.81981981981982,6.988813736292309,7.731634251577906,8.577803558527469,8.085781708217683,7.615575306211656,8.087916039407464,7.915832625033503,8.965698117121498
24.914914914914913,6.9724387411281255,7.723604234489727,8.579262665043604,8.081527737546319,7.605906611262185,8.084265122164402,7.909415241282774,8.971717270931451
25.01001001001001,6.956084936132383,7.715583675445442,8.580717578952232,8.07727527421673,7.596245496279313,8.080621933428555,7.902998997591228,8.977728034332369
25.105105105105103,6.939799210396025,7.707595574941993,8.582164212674087,8.073036662843613,7.58661983159811,8.076996791655821,7.896602583232212,8.983713208854995
25.2002002002002,6.923628453009995,7.6996629334763185,8.583598478629908,8.06882424804166,7.577057487553638,8.073400015302095,7.890244687479071,8.989655596030067
25.295295295295293,6.907619553065237,7.691808751545361,8.58501628924043,8.064650374425563,7.567586334480968,8.069841922823274,7.883943999605158,8.995537997388329
25.39039039039039,6.8918193996526895,7.68405602964606,8.586413556926393,8.060527386610012,7.558234242715159,8.066332832675254,7.877719208883817,9.00134321446052
25.485485485485484,6.876274881863299,7.6764277682753566,8.587786194108533,8.056467629209706,7.549029082591284,8.062883063313931,7.87158900458839,9.007054048777379
25.58058058058058,6.861032888788007,7.66894696793019,8.58913011320759,8.052483446839334,7.539998724444405,8.059502933195203,7.865572075992231,9.012653301869646
25.675675675675674,6.846140309517759,7.661636629107504,8.590441226644296,8.04858718411359,7.531171038609588,8.056202760774966,7.859687112368681,9.018123775268062
25.77077077077077,6.831644033143494,7.654519752304237,8.591715446839391,8.044791185647169,7.522573895421902,8.052992864509111,7.8539528029910946,9.023448270503371
25.865865865865864,6.817590948756158,7.647619338017327,8.592948686213617,8.04110779605476,7.514235165216411,8.049883562853536,7.848387837132813,9.02860958910631
25.96096096096096,6.804027945446692,7.640958386743719,8.594136857187705,8.037549359951058,7.50618271832818,8.046885174264142,7.843010904067184,9.033590532607619
26.056056056056054,6.790999207882425,7.63455857616804,8.595276103046212,8.034127499535705,7.498442807943118,8.044007432326694,7.837839591586033,9.0383748901366
26.15115115115115,6.77850671821068,7.628420941493902,8.596366169702668,8.030842563724304,7.491016451640772,8.041250943730965,7.832874298866306,9.042961862294336
26.246246246246244,6.766519059402996,7.622530181415822,8.59740965419983,8.027685979728357,7.483884695481146,8.038609092119273,7.828101821973804,9.047362846357704
26.34134134134134,6.755003900939513,7.616870547813086,8.598409231560884,8.024648930744373,7.477028039288877,8.036075063578416,7.823508584919497,9.05158957319141
26.436436436436434,6.743928912300373,7.611426292564974,8.59936757680902,8.021722599968852,7.470426982888599,8.033642044195194,7.81908101171435,9.055653773660163
26.53153153153153,6.73326176296572,7.606181667550775,8.600287364967423,8.018898170598302,7.464062026104948,8.031303220056408,7.81480552636933,9.059567178628672
26.626626626626624,6.722970122415695,7.601120924649772,8.601171271059279,8.01616682582923,7.457913668762557,8.029051777248853,7.810668552895407,9.06334151896164
26.72172172172172,6.713021660130441,7.596228315741247,8.60202197010778,8.013519748858133,7.451962410686062,8.026880901859329,7.8066565153035405,9.066988525523776
26.816816816816814,6.703384045590102,7.591488092704486,8.602842137136104,8.010948122881526,7.446188751700097,8.024783779974637,7.802755837604704,9.070519929179785
26.91191191191191,6.694024948274818,7.586884507418774,8.603634447167446,8.008443131095909,7.440573191629299,8.022753597681573,7.79895294380986,9.073947460794374
27.007007007007005,6.684912037664735,7.5824018117634,8.60440157522499,8.005995956697788,7.435096230298302,8.020783541066939,7.795234257929979,9.077282851232251
27.1021021021021,6.676012983239993,7.578024257617637,8.605146196331921,8.003597782883668,7.42973836753174,8.01886679621753,7.791586203976027,9.080537831358123
27.197197197197195,6.667295454480737,7.573736096860778,8.60587098551143,8.001239792850052,7.424480103154246,8.016996549220147,7.7879952059589685,9.083724132036695
27.29229229229229,6.658727120867108,7.569521581372106,8.606578617786697,7.998913169793448,7.419301936990459,8.015165986161591,7.784447687889771,9.086853484132677
27.387387387387385,6.650275651879251,7.5653649630309046,8.607271768180915,7.996609096910362,7.414184368865015,8.013368293128655,7.780930073779402,9.089937618510774
27.48248248248248,6.641908716997302,7.561250493716459,8.607953111717272,7.994318757397294,7.409107898602543,8.011596656208143,7.7774287876388275,9.092988266035688
27.577577577577575,6.633593985701411,7.557162425308052,8.608625323418948,7.992033334450753,7.404053026027679,8.009844261486851,7.7739302534790165,9.096017157572133
27.67267267267267,6.625299127471718,7.5530850096849695,8.609291078309136,7.989744011267244,7.399000250965064,8.008104295051579,7.770420895310935,9.099036023984812
27.767767767767765,6.616991811788364,7.549002498726493,8.609953051411019,7.98744197104327,7.393930073239327,8.006369942989128,7.766887137145546,9.102056596138434
27.862862862862862,6.608639708131495,7.544899144311912,8.610613917747786,7.98511839697534,7.388822992675104,8.004634391386292,7.763315402993822,9.105090604897704
27.957957957957955,6.6002104859812505,7.540759198320507,8.611276352342623,7.9827644722599524,7.383659509097032,8.002890826329875,7.759692116866727,9.108149781127329
28.053053053053052,6.591671814817773,7.536566912631564,8.611943030218718,7.980371380093618,7.378420122329746,8.00113243390667,7.756003702775227,9.111245855692017
28.148148148148145,6.5829913641212086,7.532306539124368,8.612616626399257,7.9779303036728395,7.373085332197876,7.999352400203481,7.752236584730292,9.114390559456472
28.243243243243242,6.574136803371698,7.527962329678202,8.613299815907427,7.975432426194123,7.367635638526061,7.997543911307105,7.748377186742885,9.117595623285405
28.338338338338335,6.565075802049384,7.5235185361723484,8.613995273766413,7.972868930853973,7.3620515411389365,7.99570015330434,7.744411932823973,9.12087277804352
28.433433433433432,6.555776029634407,7.518959410486096,8.614705674999406,7.970231000848894,7.3563135398611355,7.993814312281986,7.740327246984524,9.124233754595522
28.528528528528525,6.546205155606913,7.514269204498726,8.61543369462959,7.967509819375391,7.350402134517292,7.99187957432684,7.736109553235507,9.127690283806125
28.623623623623622,6.536330849447042,7.509432170089527,8.616182007680152,7.964696569629972,7.3442978249320445,7.989889125525703,7.731745275587885,9.131254096540028
28.718718718718716,6.5261207806349395,7.5044325591377765,8.616953289174276,7.961782434809137,7.337981110930027,7.987836151965374,7.727220838052629,9.134936923661938
28.813813813813812,6.515542618650745,7.499254623522765,8.617750214135157,7.9587585981093945,7.331432492335869,7.98571383973265,7.7225226646407,9.138750496036566
28.908908908908906,6.504564032974603,7.493882615123774,8.618575457585976,7.95561624272725,7.324632468974213,7.983515374914331,7.717637179363071,9.142706544528616
29.004004004004003,6.493152693989723,7.488300786262479,8.619431694478616,7.95234655211061,7.317561541221748,7.981233943784025,7.712550806617637,9.146816799675467
29.099099099099096,6.481289959810539,7.482500094531451,8.620320519022215,7.948944520226628,7.310208576967354,7.978865564070964,7.707255835510514,9.151088030659194
29.194194194194193,6.46900545431924,7.476495141693556,8.62123971450373,7.945418577720437,7.302591949676364,7.976416237801798,7.701765235320446,9.155509511898249
29.289289289289286,6.456339434614596,7.470305738453628,8.62218622464281,7.94178011541192,7.29473653305638,7.973894166599331,7.696096531283011,9.160066663617537
29.384384384384383,6.443332157795368,7.463951695516504,8.623156993159103,7.938040524120963,7.286667200815019,7.971307552086363,7.690267248633792,9.16474490604196
29.479479479479476,6.4300238809603245,7.457452823587017,8.62414896377226,7.934211194667448,7.27840882665989,7.968664595885694,7.684294912608365,9.169529659396423
29.574574574574573,6.416454861208229,7.450828933370003,8.625159080201925,7.930303517871259,7.2699862842986045,7.965973499620124,7.678197048442308,9.17440634390583
29.669669669669666,6.4026653556378506,7.444099835570296,8.62618428616775,7.926328884552279,7.261424447438775,7.963242464912454,7.6719911813712,9.179360379795085
29.764764764764763,6.388695621347951,7.437285340892731,8.627221525389379,7.922298685530395,7.252748189788008,7.960479693385484,7.665694836630621,9.184377187289092
29.859859859859856,6.374585915437297,7.430405260042148,8.628267741586459,7.9182243116254885,7.243982385053919,7.957693386662015,7.659325539456149,9.189442186612755
29.954954954954953,6.360376495004655,7.423479403723375,8.629319878478645,7.914117153657443,7.235151906944116,7.954891746364848,7.6529008150833615,9.194540797990978
30.050050050050046,6.34610761714879,7.416527582641253,8.63037487978558,7.909988602446144,7.226281629166214,7.952082974116781,7.646438188747838,9.199658441648666
30.145145145145143,6.331819538968467,7.409569607500612,8.631429689226914,7.905850048811473,7.217396425427819,7.949275271540617,7.639955185685158,9.20478053781072
30.240240240240237,6.317552517562451,7.402625289006291,8.632481250522295,7.901712883573317,7.208521169436545,7.9464768402591535,7.6334693311308985,9.20989250670205
30.335335335335333,6.3033468100295105,7.3957144378631225,8.633526507391371,7.89758849755156,7.199680734900003,7.943695881895195,7.626998150320639,9.214979768547552
30.430430430430427,6.28924267346841,7.388856864775945,8.63456240355379,7.893488281566081,7.190899995525803,7.94094059807154,7.620559168489962,9.220027743572135
30.525525525525524,6.275280364977911,7.382072380449587,8.635585882729199,7.889423626436769,7.1822038250215545,7.938219190410988,7.614169910874437,9.225021852000703
30.62062062062062,6.261500141656784,7.3753807955888915,8.636593888637249,7.885405922983504,7.173617097094873,7.935539860536339,7.60784790270965,9.22994751405816
30.715715715715714,6.247942260603792,7.368801920898687,8.637583364997585,7.8814465620261736,7.165164685453365,7.932910810070395,7.601610669231178,9.23479014996941
30.81081081081081,6.234646978917702,7.3623555670838154,8.638551255529856,7.877556934384658,7.156871463804644,7.930340240635958,7.595475735674596,9.239535179959352
30.905905905905904,6.221654553697279,7.356061544849106,8.639494503953712,7.873748430878845,7.148762305856319,7.927836353855826,7.589460627275492,9.244168024252897
31.001001001001,6.209005242031058,7.34993966489434,8.640410053989587,7.870032442325757,7.140862085309705,7.925407351350679,7.58358286926508,9.24867410307867
31.096096096096094,6.196730250462144,7.344005263988946,8.641295545000649,7.866417830071429,7.133190104368288,7.9230595591576485,7.577856134381274,9.2530421304344
31.19119119119119,6.184825708568075,7.338256339405885,8.642151312434702,7.862903652056405,7.125744071925062,7.920792034163054,7.5722791643529614,9.257273585893815
31.286286286286284,6.1732792492989095,7.332686688304451,8.642978344807052,7.859486591560734,7.118516466365997,7.918602072460468,7.566847084198773,9.261373041212131
31.38138138138138,6.162078505604699,7.327290107843927,8.643777630633013,7.856163331864457,7.111499766077048,7.916486970143469,7.561555018937331,9.265345068144574
31.476476476476474,6.151211110435502,7.322060395183612,8.644550158427894,7.852930556247623,7.104686449444181,7.914444023305628,7.556398093587262,9.269194238446357
31.57157157157157,6.14066469674137,7.316991347482793,8.645296916707007,7.8497849479902735,7.098068994853356,7.912470528040519,7.551371433167188,9.272925123872703
31.666666666666664,6.130426897472362,7.3120767619007685,8.646018893985662,7.846723190372459,7.091639880690534,7.910563780441716,7.546470162695738,9.27654229617883
31.76176176176176,6.120485345578532,7.307310435596821,8.646717078779172,7.843741966674223,7.085391585341679,7.908721076602795,7.541689407191536,9.280050327119959
31.856856856856854,6.110827674009936,7.302686165730253,8.647392459602848,7.840837960175609,7.079316587192751,7.906939712617331,7.537024291673205,9.283453788451308
31.95195195195195,6.101441515716628,7.298197749460346,8.648046024971999,7.838007854156666,7.073407364629712,7.905216984578897,7.53246994115937,9.286757251928096
32.047047047047045,6.092314503648665,7.293838983946402,8.64867876340194,7.835248331897436,7.067656396038524,7.9035501885810655,7.52802148066866,9.289965289305545
32.14214214214214,6.0834342707561015,7.289603666347705,8.649291663407977,7.832556076677967,7.06205615980515,7.901936620717412,7.5236740352196945,9.293082472338874
32.23723723723724,6.074788449988993,7.285485593823548,8.649885713505425,7.829927771778303,7.05659913431555,7.900373577081512,7.5194227298311045,9.296113372783303
32.33233233233233,6.066364674297395,7.281478563533228,8.650461902209592,7.827360100478491,7.051277797955688,7.898858353766938,7.515262689521511,9.29906256239405
32.427427427427425,6.058150576631363,7.27757637263603,8.651021218035794,7.824849746058576,7.0460846291115224,7.897388246867266,7.511189039309539,9.301934612926336
32.52252252252252,6.050133789940951,7.273772818291251,8.651564649499337,7.822393391798604,7.041012106169017,7.895960552476067,7.507196904213815,9.30473409613538
32.61761761761762,6.042301947176217,7.270061697658179,8.652093185115534,7.819987720978619,7.036052707514134,7.894572566686916,7.503281409252964,9.3074655837764
32.71271271271271,6.034642681287214,7.266436807896111,8.652607813399696,7.817629416878669,7.031198911532835,7.893221585593391,7.499437679445613,9.310133647604617
32.807807807807805,6.027143625223999,7.262891946164333,8.653109522867135,7.815315162778795,7.026443196611081,7.89190490528906,7.49566083981038,9.312742859375252
32.9029029029029,6.019792411936626,7.2594209096221425,8.653599302033161,7.813041641959048,7.021778041134834,7.890619821867503,7.491946015365899,9.315297790843521
32.997997997998,6.0125766743751505,7.256017495428828,8.654078139413087,7.810805537699469,7.017195923490056,7.889363631422293,7.488288331130789,9.31780301376465
33.09309309309309,6.00548404548963,7.252675500743681,8.654547023522221,7.808603533280108,7.01268932206271,7.888133630047001,7.484682912123679,9.32026309989385
33.188188188188185,5.998502158230118,7.249388722725995,8.655006942875879,7.806432311981007,7.008250715238752,7.886927113835204,7.48112488336319,9.322682620986345
33.28328328328328,5.991618645546669,7.246150958535059,8.655458885989365,7.804288557082212,7.003872581404151,7.885741378880475,7.477609369867949,9.325066148797356
33.37837837837838,5.984821140389341,7.242956005330169,8.655903841377995,7.802168951863769,6.999547398944866,7.884573721276389,7.474131496656583,9.327418255082101
33.47347347347347,5.978097275708188,7.239797660270615,8.656342797557079,7.800070179605726,6.99526764624686,7.883421437116521,7.470686388747713,9.329743511595801
33.568568568568566,5.971434684453265,7.236669720515689,8.656776743041927,7.797988923588123,6.991025801696092,7.882281822494443,7.467269171159967,9.332046490093672
33.66366366366366,5.964820999574627,7.233565983224683,8.657206666347856,7.795921867091011,6.986814343678526,7.881152173503731,7.463874968911967,9.334331762330937
33.75875875875876,5.958243854022331,7.230480245556886,8.657633555990168,7.793865693394434,6.982625750580122,7.880029786237958,7.460498907022345,9.336603900062814
33.85385385385385,5.9516908807464315,7.227406304671595,8.65805840048418,7.791817085778435,6.978452500786844,7.878911956790698,7.45713611050972,9.338867475044523
33.948948948948946,5.945149712696984,7.224337957728098,8.658482188345202,7.7897727275230615,6.974287072684652,7.877795981255526,7.453781704392718,9.341127059031285
34.04404404404404,5.938608049493299,7.221269049221231,8.658905902358097,7.787729307761568,6.970121982587105,7.876679183638778,7.4504307979908795,9.343387190926935
34.13913913913914,5.9320554259773495,7.218194726664073,8.659330367564163,7.785683676750041,6.965950790850947,7.875559656308975,7.447078068470837,9.345651505326485
34.23423423423423,5.925483397427102,7.2151115720904535,8.659756235341419,7.783632862128159,6.9617682072424705,7.874436337541038,7.443717717232811,9.347922641251946
34.329329329329326,5.918883622939823,7.212016241246475,8.660184148144268,7.781573900650382,6.957569000589913,7.873308209076465,7.440343921229953,9.350203186568216
34.42442442442442,5.912247761612785,7.208905389878244,8.660614748427104,7.779503829071172,6.953347939721527,7.8721742526567455,7.43695085741541,9.352495729140175
34.51951951951952,5.905567472543257,7.205775673731867,8.66104867864434,7.777419684144987,6.949099793465548,7.8710334500233685,7.433532702742335,9.354802856832725
34.61461461461461,5.898834414828511,7.202623748553451,8.661486581250369,7.775318502626294,6.944819330650224,7.869884782917827,7.430083634163879,9.357127157510746
34.709709709709706,5.892040247565816,7.199446270089105,8.661929098699595,7.773197321269549,6.940501320103798,7.868727233081615,7.426597828633192,9.359471219039136
34.8048048048048,5.885176629852439,7.19623989408493,8.66237687344642,7.771053176829216,6.936140530654512,7.867559782256222,7.423069463103425,9.361837629282785
34.8998998998999,5.878235220785654,7.193001276287035,8.662830547945239,7.768883106059754,6.931731731130614,7.866381412183143,7.419492714527731,9.36422897610658
34.99499499499499,5.87120767946273,7.189727072441525,8.66329076465046,7.766684145715629,6.927269690360341,7.865191104603868,7.415861759859259,9.366647847375413
35.09009009009009,5.864085664980935,7.186413938294507,8.663758166016482,7.764453332551296,6.922749177171945,7.863987841259888,7.412170776051158,9.369096830954177
35.18518518518518,5.856860836437542,7.183058529592085,8.664233394497703,7.76218770332122,6.918164960393663,7.862770603892695,7.408413940056584,9.37157851470776
35.28028028028028,5.84952485292982,7.179657502080371,8.66471709254853,7.759884294779862,6.913511808853742,7.861538374243782,7.404585428828682,9.374095486501055
35.37537537537537,5.842069373555038,7.176207511505465,8.66520990262336,7.757540143681682,6.908784491380423,7.860290134054641,7.400679419320606,9.376650334198953
35.47047047047047,5.834486057410466,7.172705213613474,8.665712467176593,7.7551522867811435,6.903977776801954,7.859024865066763,7.396690088485509,9.379245645666341
35.565565565565564,5.826766563593376,7.169147264150509,8.666225428662637,7.752717760832704,6.899086433946574,7.85774154902164,7.3926116132765385,9.381884008768113
35.66066066066066,5.8189025512010355,7.16553031886267,8.666749429535885,7.750233602590827,6.894105231642533,7.856439167660764,7.388438170646844,9.384568011369158
35.75575575575575,5.810885679330716,7.161851033496069,8.667285112250742,7.747696848809975,6.8890289387180665,7.855116702725627,7.38416393754958,9.387300241334366
35.85085085085085,5.802707607079687,7.158106063796808,8.667833119261608,7.745104536244606,6.883852324001424,7.853773135957722,7.379783090937895,9.390083286528633
35.945945945945944,5.794359993545219,7.154292065510994,8.668394093022886,7.742453701649185,6.878570156320847,7.852407449098539,7.375289807764942,9.392919734816843
36.04104104104104,5.785834497824581,7.150405694384733,8.668968675988976,7.73974138177817,6.87317720450458,7.851018623889569,7.370678264983869,9.39581217406389
36.13613613613613,5.777122779015044,7.146443606164134,8.669557510614279,7.736964613386023,6.86766823738087,7.849605642072308,7.365942639547832,9.398763192134664
36.23123123123123,5.768216496213878,7.1424024565953,8.670161239353197,7.734120433227207,6.862038023777953,7.8481674853882435,7.361077108409974,9.401775376894058
36.326326326326324,5.759107308518352,7.1382789014243375,8.670780504660131,7.73120587805618,6.856281332524078,7.84670313557887,7.356075848523452,9.404851316206956
36.42142142142142,5.7497868750257375,7.134069596397352,8.671415948989479,7.728217984627406,6.850392932447488,7.845211574385677,7.350933036841416,9.407993597938257
36.51651651651652,5.740246854833304,7.129771197260452,8.672068214795644,7.725153789695345,6.844367592376427,7.8436917835501605,7.345642850317015,9.411204809952848
36.61161161161161,5.7304789070383215,7.125380359759746,8.672737944533033,7.72201033001446,6.838200081139137,7.842142744813809,7.340199465903402,9.414487540115617
36.706706706706704,5.720474690738059,7.120893739641334,8.673425780656038,7.718784642339211,6.831885167563864,7.840563439918114,7.334597060553725,9.417844376291457
36.8018018018018,5.710225865029788,7.116307992651325,8.674132365619062,7.7154737634240576,6.82541762047885,7.838952850604569,7.328829811221136,9.42127790634526
36.8968968968969,5.699724089010775,7.111619774535827,8.67485834187651,7.712074730023463,6.81879220871234,7.837309958614667,7.322891894858789,9.424790718141915
36.99199199199199,5.688961021778296,7.106825741040941,8.675604351882782,7.708584578891887,6.812003701092577,7.835633745689898,7.31677748841983,9.428385399546316
37.087087087087085,5.677933457460013,7.101924719644138,8.6763706609331,7.7050020910555626,6.805050095447633,7.833923906560361,7.310484022355141,9.432062885230131
37.18218218218218,5.666664661055013,7.096926733009086,8.677155590082572,7.701335039190258,6.797946034967471,7.832183811383237,7.304025698763163,9.435815587721676
37.27727727727728,5.655186402716978,7.091845400839697,8.677956835697278,7.697594085010352,6.790711511036827,7.830418011239251,7.297422108513006,9.439633181364131
37.37237237237237,5.6435304565921856,7.086694344528448,8.678772093850059,7.69378989158643,6.783366517551059,7.828631057763502,7.290692845003437,9.443505339215283
37.467467467467465,5.631728596826912,7.081487185467814,8.679599060613745,7.689933121989078,6.775931048405513,7.826827502591083,7.283857501633227,9.447421734332922
37.56256256256256,5.619812597567435,7.076237545050266,8.680435432061174,7.686034439288878,6.768425097495548,7.825011897357085,7.276935671801148,9.451372039774828
37.65765765765766,5.607814232960033,7.070959044668289,8.68127890426518,7.682104506556418,6.760868658716516,7.823188793696602,7.269946948905965,9.455345928598796
37.75275275275275,5.595765277150982,7.065665305714347,8.682127173298598,7.678153986862283,6.753281725963769,7.82136274324473,7.262910926346457,9.459333073862606
37.847847847847845,5.58369750428656,7.060369949580923,8.682977935234263,7.674193543277058,6.745684293132662,7.819538297636564,7.255847197521387,9.463323148624047
37.94294294294294,5.571642688513043,7.055086597660493,8.683828886145008,7.670233838871325,6.738096354118543,7.817720008507194,7.248775355829524,9.467305825940908
38.03803803803804,5.559632603976708,7.0498288713455315,8.684677722103672,7.666285536715672,6.730537902816773,7.815912427491716,7.241714994669647,9.47127077887097
38.13313313313313,5.547699024823835,7.04461039202851,8.685522139183089,7.662359299880686,6.7230289331227,7.814120106225222,7.234685707440519,9.475207680472023
38.228228228228225,5.535873725200699,7.03944478110191,8.686359833456091,7.6584657914369485,6.715589438931678,7.812347596342809,7.227707087540912,9.479106203801855
38.32332332332332,5.524188479253576,7.034345659958204,8.687188500995518,7.654615674455047,6.7082394141390616,7.810599449479569,7.220798728369597,9.482956021918252
38.41841841841842,5.512675061128746,7.029326649989866,8.688005837874199,7.650819612005565,6.700998852640202,7.808880217270593,7.213980223325343,9.486746807878998
38.51351351351351,5.501365244972486,7.024401372589377,8.688809540164975,7.647088267159087,6.693887748330455,7.80719445135098,7.207271165806922,9.490468234741883
38.608608608608606,5.49029080493107,7.019583449149209,8.689597303940676,7.643432302986201,6.686926095105172,7.80554670335582,7.200691149213102,9.49410997556469
38.7037037037037,5.479483515150778,7.014886501061837,8.69036682527414,7.639862382557491,6.680133886859705,7.803941524920209,7.194259766942655,9.49766170340521
38.7987987987988,5.468975149777887,7.010324149719738,8.691115800238205,7.636389168943541,6.673531117489411,7.802383467679238,7.1879966123943495,9.501113091321226
38.89389389389389,5.458797482958675,7.005910016515387,8.691841924905697,7.633023325214938,6.667137780889641,7.800877083268006,7.181921278966959,9.50445381237053
38.988988988988986,5.448982288839417,7.001657722841262,8.692542895349458,7.629775514442266,6.660973870955747,7.799426923321601,7.1760533600592495,9.507673539610902
39.08408408408408,5.439555036408538,6.99757818601278,8.693216901860069,7.626654269241653,6.655055418803507,7.798036629244062,7.170408436633087,9.51076399218
39.17917917917918,5.430505403013752,6.993666973475208,8.693864940187446,7.6236560285652395,6.649375960571394,7.796704675453316,7.164979312789939,9.513728503921593
39.27427427427427,5.42181045266589,6.989914243224023,8.69448899475381,7.62077296943543,6.643921104939923,7.795427715469029,7.159750765834865,9.51657450181959
39.369369369369366,5.413447235216662,6.986310147182308,8.695091051091214,7.617997264090384,6.638676451690631,7.794202400766817,7.154707564062426,9.519309417452659
39.46446446446446,5.40539280051778,6.982844837273151,8.695673094731715,7.61532108476827,6.633627600605056,7.793025382822292,7.149834475767191,9.521940682399462
39.55955955955956,5.397624198420958,6.9795084654196415,8.696237111207369,7.612736603707253,6.628760151464736,7.79189331311107,7.145116269243728,9.524475728238672
39.65465465465465,5.39011847877791,6.9762911835448636,8.69678508605023,7.610235993145496,6.624059704051205,7.790802843108762,7.140537712786599,9.526921986548942
39.749749749749746,5.382852691440343,6.9731831435719105,8.69731900479235,7.607811425321167,6.619511858146006,7.789750624290984,7.13608357469037,9.52928688890895
39.84484484484484,5.375803886259973,6.9701744974238675,8.697840852965788,7.605455072472428,6.615102213530672,7.78873330813335,7.131738623249608,9.531577866897358
39.93993993993994,5.368949113088513,6.967255397023823,8.698352616102598,7.60315910683745,6.610816369986742,7.787747546111472,7.127487626758879,9.53380235209283
40.03503503503503,5.362265421777675,6.964415994294862,8.698856279734832,7.600915700654391,6.606639927295754,7.786789989700968,7.12331535351275,9.535967776074036
40.13013013013013,5.355729862179169,6.961646441160077,8.699353829394548,7.598717026161421,6.6025584852392445,7.785857290377448,7.119206571805783,9.53808157041964
40.22522522522522,5.349319484144709,6.958936889542551,8.699847250613802,7.596555255596704,6.598557643598752,7.78494609961653,7.115146049932547,9.540151166708307
40.32032032032032,5.343011337526008,6.956277491365377,8.700338528924645,7.594422561198405,6.594623002155811,7.784053068893823,7.111118556187608,9.542183996518707
40.41541541541541,5.336782472174777,6.953658398551639,8.700829649859134,7.592311115204689,6.590740160691963,7.783174849684949,7.107108858865531,9.5441874914295
40.51051051051051,5.330609937942728,6.951069763024425,8.701322598949327,7.590213089853723,6.586894718988745,7.7823080934655104,7.103101726260884,9.54616908301936
40.605605605605604,5.324470784681575,6.948501736706823,8.70181936172727,7.588120657383671,6.583072276827691,7.781449451711131,7.099081926668227,9.548136202866944
40.7007007007007,5.31834206224303,6.945944471521923,8.702321923725028,7.586025990032697,6.57925843399034,7.78059557589742,7.095034228382131,9.550096282550925
40.79579579579579,5.312200820478805,6.943388119392811,8.70283227047465,7.583921260038966,6.575438790258231,7.779743117499996,7.09094339969716,9.552056753649966
40.89089089089089,5.306024109240612,6.940822832242575,8.703352387508193,7.581798639640647,6.571598945412902,7.778888727994468,7.0867942089078815,9.554025047742734
40.985985985985984,5.299788978380163,6.938238761994302,8.703884260357713,7.579650301075902,6.567724499235886,7.7780290588564505,7.082571424308859,9.55600859640789
41.08108108108108,5.293472477749171,6.935626060571081,8.704429874555261,7.577468416582896,6.563801051508725,7.777160761561561,7.078259814194658,9.558014831224108
41.17617617617617,5.28705165719935,6.932974879896002,8.704991215632896,7.575245158399796,6.559814202012953,7.776280487585412,7.073844146859849,9.560051183770051
41.27127127127127,5.28050356658241,6.930275371892149,8.70557026912267,7.572972698764769,6.555749550530112,7.775384888403614,7.069309190598993,9.562125085624386
41.366366366366364,5.273805255750063,6.927517688482608,8.706169020556642,7.570643209915973,6.551592696841735,7.774470615491786,7.06463971370666,9.564243968365776
41.46146146146146,5.266933774554023,6.924691981590475,8.70678945546686,7.568248864091581,6.547329240729362,7.773534320325541,7.0598204844774095,9.566415263572893
41.55655655655655,5.259866172846002,6.921788403138828,8.707433559385386,7.565781833529754,6.542944781974527,7.772572654380491,7.054836271205812,9.568646402824394
41.65165165165165,5.252579500477712,6.918797105050762,8.708103317844271,7.563234290468659,6.538424920358773,7.771582269132252,7.0496718421864335,9.570944817698951
41.746746746746744,5.245050807300864,6.915708239249365,8.70880071637557,7.56059840714646,6.533755255663635,7.770559816056435,7.04431196571384,9.573317939775231
41.84184184184184,5.237257143167174,6.912511957657719,8.70952774051134,7.557866355801323,6.528921387670647,7.769501946628658,7.038741410082595,9.575773200631895
41.93693693693693,5.229175557928351,6.909198412198917,8.710286375783635,7.555030308671415,6.52390891616135,7.768405312324534,7.0329449435872675,9.578318031847616
42.03203203203203,5.22078343630336,6.905757894602345,8.711078578647497,7.552082553487501,6.5187036494212816,7.767266611429316,7.0269075622441015,9.58095975789382
42.127127127127125,5.212077756659352,6.902188876900206,8.711904604212846,7.5490221356475224,6.513303595656941,7.766085281139339,7.020627586449509,9.583699436217115
42.22222222222222,5.203085584360255,6.898502392376271,8.712762095091685,7.545858477275008,6.50772549664498,7.764864964381696,7.014123796831644,9.586528500943583
42.31731731731731,5.193836540084684,6.894710541152288,8.713648472014302,7.542601881797772,6.50198768522038,7.763609661279835,7.007416711723864,9.589437568882387
42.41241241241241,5.184360244511247,6.890825423349998,8.71456115571099,7.539262652643627,6.496108494218119,7.762323371957204,7.000526849459519,9.592417256842676
42.507507507507505,5.174686318318557,6.886859139091149,8.71549756691204,7.535851093240387,6.490106256473186,7.761010096537249,6.993474728371966,9.595458181633614
42.6026026026026,5.164844382185224,6.882823788497489,8.71645512634774,7.532377507015865,6.483999304820552,7.759673835143419,6.986280866794557,9.598550960064344
42.6976976976977,5.1548640567898625,6.878731471690753,8.717431254748382,7.528852197397877,6.477805972095204,7.758318587899159,6.9789657830606435,9.60168620894403
42.79279279279279,5.1447749628110815,6.874594288792696,8.718423372844256,7.525285467814236,6.471544591132121,7.756948354927919,6.971549995503584,9.604854545081821
42.887887887887885,5.134606720927493,6.870424339925059,8.719428901365655,7.521687621692755,6.465233494766284,7.755567136353143,6.964054022456727,9.608046585286875
42.98298298298298,5.124388951817709,6.866233725209588,8.720445261042867,7.518068962461247,6.458891015832677,7.754178932298282,6.9564983822534305,9.611252946368348
43.07807807807808,5.114151276160339,6.862034544768027,8.721469872606184,7.5144397935475284,6.452535487166276,7.752787742886783,6.948903593227045,9.614464245135393
43.17317317317317,5.103923314633997,6.857838898722123,8.722500156785895,7.510810418379413,6.446185241602064,7.75139756824209,6.941290173710925,9.617671098397162
43.268268268268265,5.093734687917293,6.8536588871936175,8.723533534312294,7.507191140384712,6.439858611975023,7.7500124084876525,6.9336786420384255,9.620864122962816
43.36336336336336,5.083615016688839,6.849506610304259,8.724567425915668,7.503592262991241,6.433573931120133,7.748636263746919,6.926089516542899,9.624033935641505
43.45845845845846,5.073593921627246,6.845394168175789,8.72559925232631,7.500024089626814,6.427349531872376,7.747273134143335,6.918543315557697,9.627171153242386
43.55355355355355,5.063701023411127,6.841333660929956,8.726626434274507,7.496496923719244,6.42120374706673,7.745927019800349,6.911060557416178,9.630266392574613
43.648648648648646,5.053965942719091,6.837337188688504,8.727646392490557,7.493021068696345,6.415154909538179,7.744601920841407,6.903661760451691,9.63331027044734
43.74374374374374,5.04441830022975,6.833416851573178,8.728656547704743,7.489606827985932,6.409221352121701,7.743301837389958,6.896367442997593,9.636293403669725
43.83883883883884,5.0350877166217165,6.829584749705724,8.729654320647361,7.486264505015816,6.403421407652281,7.742030769569448,6.889198123387236,9.63920640905092
43.93393393393393,5.026003812573602,6.825852983207883,8.730637132048697,7.483004403213815,6.397773408964897,7.740792717503325,6.882174319953975,9.642039903400082
44.029029029029026,5.017196022656975,6.822233576296593,8.731602417602401,7.47983676185662,6.392295573747243,7.739591656305719,6.875316426683104,9.64478456279909
44.12412412412412,5.0086799768472074,6.818732922905959,8.732548722917626,7.476767061774975,6.38699757857127,7.738429706010424,6.868635613971766,9.64743545991821
44.21921921921922,5.000448235011605,6.815348007695728,8.733476448483621,7.4737928315306315,6.381874826178636,7.737305886458863,6.8621276378455125,9.649995014963821
44.31431431431431,4.992491163199338,6.812074920564472,8.734386171176743,7.4709108434759655,6.376921361962025,7.736218922684196,6.855786788522799,9.652466346845486
44.409409409409406,4.984799127459575,6.80890975141077,8.735278467873343,7.468117869963353,6.372131231314109,7.735167539719595,6.849607356222087,9.654852574472772
44.5045045045045,4.977362493841486,6.805848590133201,8.736153915449773,7.465410683345172,6.367498479627565,7.734150462598223,6.843583631161835,9.657156816755238
44.5995995995996,4.970171628394242,6.802887526630337,8.737013090782394,7.462786055973803,6.363017152295074,7.7331664163532485,6.8377099035605005,9.659382192602456
44.69469469469469,4.96321689716701,6.800022650800759,8.737856570747557,7.460240760201618,6.358681294709312,7.732214126017838,6.831980463636541,9.661531820923983
44.789789789789786,4.956488666208961,6.7972500525430455,8.738684932221616,7.457771568380997,6.354484952262958,7.731292316625157,6.8263896016084225,9.663608820629385
44.88488488488488,4.949977301569264,6.794565821755769,8.739498752080927,7.455375252864316,6.350422170348686,7.730399713208372,6.820931607694596,9.665616310628227
44.97997997997998,4.94367316929709,6.791966048337507,8.74029860720184,7.453048586003955,6.346486994359177,7.72953504080065,6.815600772113524,9.667557409830074
45.07507507507507,4.937566635441606,6.789446822186839,8.741085074460713,7.450788340152287,6.342673469687107,7.728697024435159,6.8103913850836655,9.669435237144489
45.17017017017017,4.931648066051983,6.787004233202342,8.741858730733904,7.448591287661693,6.338975641725156,7.727884389145065,6.805297736823477,9.671252911481035
45.26526526526526,4.925907827177391,6.784634371282593,8.742620152897759,7.446454200884547,6.335387555865997,7.72709585996353,6.800314117551422,9.67301355174928
45.36036036036036,4.920336284866998,6.782333326326164,8.74336991782864,7.44437385217323,6.331903257502311,7.726330161923728,6.795434817485956,9.67472027685878
45.45545545545545,4.914923805169975,6.780097188231639,8.744108602402894,7.442347013880117,6.328516792026775,7.725586020058821,6.790654126845539,9.676376205719109
45.55055055055055,4.9096607541354915,6.77792204689759,8.744836783496883,7.4403704583575845,6.325222204832065,7.724862159401974,6.78596633584863,9.677984457239827
45.645645645645644,4.904537497812716,6.775803992222597,8.745555037986957,7.438440957958009,6.322013541310861,7.724157304986358,6.781365734713685,9.679548150330497
45.74074074074074,4.899544402250818,6.7737391141052345,8.74626394274947,7.436555285033772,6.318884846855838,7.723470181845136,6.776846613659165,9.681070403900682
45.83583583583583,4.894671833498967,6.771723502444081,8.746964074660779,7.434710211937247,6.315830166859676,7.722799515011479,6.772403262903535,9.682554336859951
45.93093093093093,4.889910157606335,6.769753247137715,8.747656010597236,7.432902511020813,6.312843546715051,7.722144029518549,6.768029972665245,9.684003068117866
46.026026026026024,4.885249740622088,6.767824438084709,8.748340327435196,7.4311289546368435,6.309919031814641,7.7215024503995116,6.763721033162755,9.685419716583986
46.12112112112112,4.880680948595398,6.765933165183645,8.749017602051017,7.429386315137722,6.307050667551123,7.720873502687539,6.7594707346145295,9.686807401167883
46.21621621621621,4.876194147575434,6.764075518333096,8.749688411321047,7.42767136487582,6.304232499317175,7.720255911415793,6.755273367239021,9.688169240779116
46.31131131131131,4.871779703611363,6.762247587431642,8.750353332121643,7.425980876203518,6.301458572505475,7.719648401617442,6.751123221254694,9.689508354327256
46.406406406406404,4.867427982752359,6.760445462377858,8.75101294132916,7.424311621473192,6.298722932508699,7.719049698325653,6.747014586880005,9.690827860721853
46.5015015015015,4.863129351047588,6.758665233070323,8.751667815819953,7.422660373037221,6.296019624719526,7.71845852657359,6.742941754333411,9.692130878872488
46.59659659659659,4.858874174546222,6.756902989407611,8.752318532470376,7.4210239032479794,6.293342694530635,7.717873611394423,6.738899013833373,9.693420527688716
46.69169169169169,4.854652819297428,6.755154821288301,8.752965668156783,7.419398984457848,6.2906861873347015,7.717293677821316,6.73488065559835,9.694699926080103
46.786786786786784,4.850455651350377,6.753416818610969,8.753609799755527,7.417782389019199,6.288044148524401,7.716717450887435,6.730880969846802,9.695972192956209
46.88188188188188,4.846273036754238,6.751685071274194,8.754251504142966,7.4161708892844125,6.285410623492414,7.716143655625948,6.726894246797184,9.697240447226603
46.97697697697697,4.842095341558182,6.74995566917655,8.754891358195449,7.414561257605867,6.282779657631418,7.715571017070023,6.722914776667961,9.698507807800848
47.07207207207207,4.837913416316418,6.748224855284891,8.755530009431956,7.4129503961233745,6.280145579086287,7.714998297305141,6.718936823088153,9.69977721730744
47.167167167167165,4.833722219313548,6.746490170309426,8.756168704293689,7.411336307340532,6.277505113231419,7.714424572553701,6.7149544242562795,9.701050123828791
47.26226226226226,4.829518778443105,6.744749808805915,8.756808990978467,7.409717548160197,6.274856193243865,7.713849077310559,6.7109615047915865,9.702327222446133
47.35735735735735,4.825300137392341,6.743001970319794,8.75745241998688,7.408092679715995,6.27219676151772,7.713271047278393,6.706951988446567,9.703609202494325
47.45245245245245,4.821063339848507,6.741244854396484,8.75810054181953,7.406460263141549,6.269524760447087,7.712689718159874,6.702919798973723,9.704896753308253
47.547547547547545,4.816805429498854,6.739476660581414,8.758754906977016,7.40481885957048,6.266838132426066,7.712104325657679,6.698858860125551,9.70619056422279
47.64264264264264,4.812523450030633,6.73769558842001,8.759417065959932,7.403167030136415,6.264134819848752,7.7115141054744765,6.69476309565454,9.707491324572803
47.73773773773773,4.808214445131094,6.735899837457702,8.760088569268873,7.401503335972976,6.261412765109251,7.710918293312946,6.690626429313191,9.708799723693176
47.83283283283283,4.803875458487488,6.734087607239915,8.76077096740444,7.399826338213783,6.258669910601656,7.710316124875758,6.686442784854001,9.710116450918774
47.927927927927925,4.799503533787066,6.732257097312077,8.761465810867227,7.398134597992463,6.255904198720069,7.709706835865592,6.682206086029463,9.711442195584478
48.02302302302302,4.795095714717077,6.730406507219615,8.762174650157835,7.396426676442639,6.253113571858593,7.709089661985116,6.6779102565920745,9.712777647025161
48.11811811811811,4.790649044964777,6.7285340365079565,8.762899035776858,7.394701134697931,6.250295972411321,7.708463838937006,6.6735492202943325,9.714123494575693
48.21321321321321,4.786160568217412,6.726637884722529,8.763640518224895,7.392956533891964,6.247449342772357,7.707828602423937,6.669116900888731,9.715480427570956
48.308308308308305,4.781627328162235,6.724716251408758,8.764400648002537,7.3911914351583645,6.244571625335797,7.7071831881485835,6.664607222127768,9.71684913534582
48.4034034034034,4.777046368486496,6.722767336112072,8.76518097561039,7.3894043996307515,6.241660762495746,7.706526831813619,6.6600141077639385,9.718230307235158
48.49849849849849,4.772414732877446,6.720789338377899,8.765983051549046,7.387593988442751,6.2387146966463,7.705858769121717,6.655331481549738,9.719624632573845
48.59359359359359,4.767729465022335,6.718780457751665,8.766808426319104,7.385758762727983,6.235731370181556,7.705178235775552,6.650553267237664,9.721032800696756
48.688688688688686,4.762987608608417,6.716738893778797,8.767658650421156,7.383897283620075,6.232708725495617,7.704484467477797,6.64567338858021,9.72245550093877
48.78378378378378,4.758186207322939,6.714662846004722,8.768535274355807,7.382008112252645,6.229644704982581,7.7037766999311295,6.6406857693298775,9.723893422634754
48.87887887887888,4.753322304853154,6.71255051397487,8.769439848623648,7.380089809759322,6.226537251036548,7.70305416883822,6.635584333239157,9.725347255119587
48.97397397397397,4.748392944886312,6.710400097234667,8.77037392372528,7.378140937273726,6.223384306051619,7.702316109901744,6.630363004060548,9.726817687728142
49.069069069069066,4.743395171109665,6.708209795329538,8.771339050161298,7.376160055929478,6.220183812421889,7.7015617588243765,6.625015705546542,9.72830540979529
49.16416416416416,4.738326027210463,6.705977807804913,8.772336778432297,7.374145726860207,6.216933712541463,7.700790351308788,6.61953636144964,9.72981111065591
49.25925925925926,4.733182556875955,6.703702334206217,8.77336865903888,7.372096511199534,6.213631948804436,7.700001123057658,6.613918895522337,9.731335479644875
49.35435435435435,4.727961803793396,6.701381574078878,8.774436242481638,7.37001097008108,6.21027646360491,7.699193309773657,6.608157231517129,9.73287920609706
49.449449449449446,4.722660811650034,6.699013726968326,8.77554107926117,7.367887664638468,6.206865199336982,7.698366147159461,6.60224529318651,9.734442979347339
49.54454454454454,4.717276624133119,6.696596992419983,8.776684719878077,7.3657251560053245,6.203396098394755,7.697518870917741,6.596177004282977,9.736027488730583
49.63963963963964,4.711806284929905,6.694129569979279,8.777868714832948,7.363522005315271,6.199867103172325,7.696650716751174,6.589946288559028,9.737633423581673
49.73473473473473,4.706246837727641,6.691609659191644,8.779094614626388,7.361276773701932,6.196276156063796,7.695760920362433,6.583547069767157,9.73926147323548
49.829829829829826,4.700595326213577,6.689035459602501,8.780363969758989,7.358988022298927,6.192621199463262,7.6948487174541915,6.57697327165986,9.740912327026873
49.92492492492492,4.694848794074965,6.68640517075728,8.781678330731351,7.3566543122398835,6.188900175764825,7.693913343729126,6.570218817989633,9.742586674290736
50.02002002002002,4.689004312737339,6.683717006673512,8.783039238316338,7.354274216844031,6.185111045897227,7.692954040525936,6.563277675179792,9.744285196941174
50.11511511511511,4.683064115980769,6.680971874763577,8.784446422864544,7.351848577286319,6.1812552202601445,7.69197109810082,6.556151751092587,9.746007195818859
50.21021021021021,4.677041621314347,6.678176517412606,8.785895692626317,7.349383147826161,6.177341582189855,7.6909670790856834,6.548860157930007,9.747748979805838
50.3053053053053,4.670951709008194,6.675338440183267,8.787382342866088,7.346884325323343,6.173379992435486,7.689944843324804,6.54142425811286,9.74950646645489
50.4004004004004,4.664809259332428,6.672465148638223,8.788901668848293,7.344358506637652,6.169380311746158,7.688907250662464,6.533865414061957,9.751275573318798
50.49549549549549,4.65862915255717,6.669564148340143,8.79044896583736,7.341812088628877,6.165352400870997,7.687857160942935,6.526204988198109,9.753052217950344
50.59059059059059,4.652426268952535,6.6666429448516915,8.792019529097733,7.339251468156801,6.161306120559128,7.686797434010501,6.518464342942123,9.754832317902315
50.685685685685684,4.646215488788645,6.663709043735537,8.793608653893838,7.336683042081214,6.157251331559676,7.685730929709435,6.510664840714813,9.756611790727487
50.78078078078078,4.640011692335618,6.660769950554342,8.795211635490114,7.3341132072618995,6.153197894621762,7.684660507884019,6.502827843936985,9.758386553978644
50.87587587587587,4.633829759863572,6.657833170870774,8.79682376915099,7.331548360558647,6.1491556704945145,7.6835890283785275,6.494974715029454,9.76015252520857
50.97097097097097,4.627684571642626,6.654906210247498,8.798440350140904,7.328994898831242,6.145134519927056,7.682519351037243,6.487126816413024,9.761905621970044
51.066066066066064,4.621591007942899,6.651996574247178,8.80005667372429,7.326459218939471,6.1411443036685105,7.681454335704438,6.479305510508511,9.76364176181585
51.16116116116116,4.61556394903451,6.649111768432486,8.801668035165582,7.323947717743122,6.1371948824680045,7.680396842224393,6.471532159736724,9.765356862298772
51.25625625625625,4.609618275187579,6.646259298366084,8.803269729729214,7.32146679210198,6.133296117074659,7.6793497304413885,6.463828126518472,9.767046840971586
51.35135135135135,4.6037688666722225,6.643446669610636,8.804857052679619,7.319022838875833,6.129457868237602,7.678315860199699,6.456214773274562,9.76870761538708
51.446446446446444,4.598030603758561,6.640681387728814,8.806425299281232,7.316622254924467,6.125689996705955,7.677298091343602,6.448713462425809,9.770335103098036
51.54154154154154,4.592418366716712,6.637970958283278,8.807969764798486,7.31427143710767,6.122002363228843,7.6762992837173805,6.441345556393023,9.771925221657234
51.63663663663663,4.586947035816796,6.635322886836696,8.809485744495817,7.311976782285226,6.118404828555392,7.675322297165306,6.434132417597012,9.773473888617456
51.73173173173173,4.58163149132893,6.632744678951734,8.81096853363766,7.309744687316925,6.114907253434726,7.674369991531662,6.427095408458587,9.774977021531484
51.826826826826824,4.576486613523234,6.630243840191058,8.812413427488442,7.307581549062552,6.111519498615969,7.673445226660723,6.420255891398558,9.7764305379521
51.92192192192192,4.571527282669827,6.627827876117333,8.813815721312606,7.305493764381893,6.108251424848245,7.672550862396767,6.413635228837735,9.777830355432087
52.01701701701701,4.566768354892203,6.625504279608539,8.815170718542875,7.303487719905307,6.105112877078384,7.671689753485348,6.407254747737852,9.779172397892054
52.11211211211211,4.562217877899815,6.62327696695044,8.81647602575434,7.301566917959858,6.102109244617204,7.670863317028191,6.401125776972405,9.780454384733051
52.207207207207205,4.557867781130276,6.621141387187386,8.817734701992306,7.299728032559244,6.0992353684816205,7.670069566642204,6.395235975893192,9.781678285985075
52.3023023023023,4.5537076616726315,6.6190917641357,8.818950595286235,7.297966749645552,6.096484563327744,7.669306023452717,6.389569578821341,9.782846686753274
52.39739739739739,4.549727116615925,6.6171223216117,8.82012755366559,7.296278755160864,6.0938501438116885,7.668570208585063,6.384110820077991,9.783962172142797
52.49249249249249,4.5459157430492,6.615227283431703,8.82126942515983,7.294659735047265,6.0913254245895665,7.667859643164573,6.3788439339842755,9.785027327258785
52.587587587587585,4.542263138061499,6.61340087341203,8.822380057798412,7.29310537524684,6.088903720317492,7.667171848316586,6.37375315486133,9.786044737206385
52.68268268268268,4.538758898741865,6.611637315368999,8.823463299610806,7.291611361701672,6.0865783456515805,7.666504345166428,6.36882271703029,9.787016987090743
52.77777777777777,4.5353926221793435,6.609930833118933,8.824522998626463,7.290173380353848,6.084342615247943,7.665854654839438,6.36403685481229,9.787946662017005
52.87287287287287,4.532153905462976,6.608275650478148,8.825563002874851,7.288787117145451,6.082189843762696,7.665220298460945,6.359379802528464,9.788836347090314
52.967967967967965,4.529032345681807,6.606665991262964,8.82658716038543,7.287448258018564,6.0801133458519505,7.664598797156283,6.354835794499946,9.789688627415819
53.06306306306306,4.5260175399248785,6.605096079289701,8.827599319187657,7.286152488915272,6.0781064361718204,7.663987672050787,6.3503890650478745,9.790506088098665
53.15815815815815,4.5230990852812365,6.603560138374677,8.828603327310997,7.28489549577766,6.076162429378421,7.66338444426979,6.346023848493385,9.791291314243994
53.25325325325325,4.520266578839921,6.602052392334214,8.82960303278491,7.283672964547811,6.074274640127864,7.662786634938621,6.341724379157607,9.792046890956957
53.348348348348345,4.517509617689979,6.600567064984629,8.830602283638854,7.28248058116781,6.072436383076261,7.662191765182618,6.337474891361679,9.792775403342697
53.44344344344344,4.5148177989204505,6.599098380142243,8.831604927902296,7.2813140315797416,6.070640972879733,7.661597356127111,6.333259619426736,9.793479436506356
53.53853853853853,4.512180719620382,6.597640561623375,8.832614813604692,7.280169001725691,6.0688817241943855,7.661000928897435,6.3290627976739104,9.794161575553083
53.63363363363363,4.509587976878813,6.596187833244342,8.833635788775505,7.27904117754774,6.067151951676337,7.66040000461892,6.324868660424341,9.794824405588026
53.728728728728726,4.507029167784792,6.594734418821467,8.834671701444194,7.277926244987974,6.0654449699817,7.659792104416903,6.32066144199916,9.795470511716326
53.82382382382382,4.504493889427358,6.593274542171066,8.83572639964022,7.276819889988478,6.063754093766586,7.659174749416714,6.316425376719503,9.796102479043132
53.91891891891891,4.501971738895557,6.591802427109461,8.83680373139305,7.275717798491338,6.062072637687109,7.658545460743688,6.312144698906506,9.796722892673586
54.01401401401401,4.499452313278431,6.59031229745297,8.83790754473214,7.274615656438634,6.060393916399385,7.657901759523157,6.3078036428813045,9.797334337712837
54.109109109109106,4.496925209665024,6.588798377017913,8.839041687686949,7.273509149772453,6.058711244559527,7.657241166880454,6.30338644296503,9.79793939926603
54.2042042042042,4.49438002514438,6.587254889620608,8.840210008286942,7.272393964434879,6.057017936823648,7.656561203940913,6.298877333478821,9.79854066243831
54.29929929929929,4.491806356805542,6.585676059077378,8.841416354561577,7.271265786367994,6.05530730784786,7.655859391829867,6.29426054874381,9.79914071233482
54.39439439439439,4.489193801737552,6.584056109204537,8.842664574540315,7.270120301513887,6.053572672288278,7.655133251672648,6.289520323081133,9.79974213406071
54.489489489489486,4.486531957029455,6.58238926381841,8.843958516252622,7.268953195814637,6.051807344801016,7.6543803045945875,6.2846408908119225,9.800347512721123
54.58458458458458,4.483810419770294,6.580669746735311,8.845302027727953,7.2677601552123345,6.050004640042188,7.653598071721024,6.279606486257321,9.800959433421202
54.67967967967967,4.481018787049113,6.578891781771562,8.846698956995773,7.266536865649058,6.048157872667906,7.652784074177286,6.274401343738455,9.801580481266098
54.77477477477477,4.478146655954954,6.577049592743482,8.84815315208554,7.265279013066895,6.046260357334283,7.651935833088707,6.269009697576464,9.802213241360954
54.869869869869866,4.475183623576862,6.575137403467392,8.849668461026717,7.263982283407927,6.0443054086974355,7.651050869580622,6.263415782092481,9.802860298810918
54.96496496496496,4.472119287003879,6.573149437759608,8.851248731848765,7.262642362614241,6.042286341413475,7.650126704778362,6.257603831607642,9.803524238721128
55.06006006006006,4.468944162142472,6.571080455716803,8.852897422714767,7.261255330628045,6.040197071991256,7.64916109268559,6.251559611959541,9.804207423340877
55.15515515515515,4.465660930190694,6.568932317874353,8.854612829893856,7.259822484017045,6.038039485567447,7.648154870652739,6.245289166511885,9.804909264271746
55.25025025025025,4.462280888386837,6.566711913637295,8.856389593755434,7.258348814012148,6.035821111041341,7.647111059803635,6.2388129001403705,9.805627083325746
55.34534534534534,4.458815516350202,6.564426238859837,8.858222277282234,7.25683939005147,6.03354959677721,7.646032727487367,6.232151521719628,9.806358158079048
55.44044044044044,4.455276293700088,6.56208228939618,8.860105443456993,7.2552992815731185,6.031232591139332,7.644922941053027,6.225325740124286,9.807099766107806
55.53553553553553,4.451674700055797,6.559687061100532,8.862033655262444,7.253733558015209,6.02887774249198,7.643784767849704,6.2183562642289765,9.807849184988187
55.63063063063063,4.4480222150366275,6.557247549827092,8.864001475681322,7.252147288815851,6.02649269919943,7.642621275226488,6.211263802908324,9.808603692296353
55.725725725725724,4.444330318261882,6.554770751430068,8.86600346769636,7.250545543413156,6.0240851096259584,7.641435530532473,6.204069065036957,9.809360565608463
55.82082082082082,4.440610489350856,6.552263661763663,8.868034194290296,7.248933391245238,6.021662622135838,7.640230601116746,6.196792759489506,9.81011708250068
55.91591591591591,4.436874207922853,6.549733276682083,8.87008821844586,7.247315901750208,6.019232885093342,7.639009554328399,6.189455595140602,9.810870520549168
56.01101101101101,4.433132953597172,6.547186592039529,8.87216010314579,7.245698144366177,6.016803546862751,7.637775457516527,6.182078280864869,9.811618157330086
56.106106106106104,4.429398205993115,6.544630603690206,8.87424441137282,7.244085188531255,6.014382255808333,7.636531378030213,6.174681525536937,9.812357270419598
56.2012012012012,4.42568144472998,6.542072307488322,8.876335706109684,7.242482103683557,6.01197666029437,7.635280383218553,6.167286038031436,9.813085137393866
56.29629629629629,4.421994149427067,6.539518699288076,8.878428550339114,7.240893959261192,6.009594408685131,7.634025540430635,6.1599125272229935,9.813799035829053
56.39139139139139,4.418347799703677,6.536976774943675,8.880517507043848,7.239325824702275,6.007243149344895,7.632769917015551,6.15258170198624,9.814496243301317
56.486486486486484,4.41475387517911,6.534453530309323,8.882597139206618,7.237782769444916,6.004930530637934,7.631516580322392,6.145314271195803,9.815174037386823
56.58158158158158,4.411223855472665,6.531955961239223,8.88466200981016,7.236269862927227,6.002664200928525,7.6302685977002485,6.138130943726311,9.815829695661735
56.67667667667667,4.407769220203643,6.5294910635875825,8.88670668183721,7.234792174587318,6.0004518085809435,7.629029036498211,6.131052428452391,9.816460495702207
56.77177177177177,4.404401448991345,6.527065833208601,8.888725718270498,7.233354773863302,5.9983010019594625,7.62780096406537,6.124099434248676,9.81706371508441
56.866866866866864,4.401132021455069,6.5246872659564845,8.890713682092763,7.231962730193292,5.996219429428358,7.626587447750817,6.117292669989792,9.8176366313845
56.96196196196196,4.397972417214116,6.522362357685439,8.89266513628674,7.230621113015398,5.994214739351903,7.625391554903642,6.1106528445503665,9.818176522178645
57.05705705705705,4.394933552026215,6.520097778122958,8.894574890655868,7.229334740590157,5.992294200382419,7.624216217458803,6.104199691481158,9.818680807634566
57.15215215215215,4.39201790460927,6.517895317174642,8.896441448172778,7.228104672817322,5.990459399556272,7.623062341154626,6.0979383505979134,9.819149041512315
57.247247247247245,4.389221458831229,6.515753008249547,8.898266154819028,7.22692907640308,5.988707550190623,7.621929271959253,6.091862727430284,9.819582420015537
57.34234234234234,4.38654003148994,6.513668788126585,8.900050429708257,7.225806043630631,5.987035753095384,7.620816315718118,6.0859664385230685,9.81998218159723
57.43743743743743,4.383969439383253,6.511640593584671,8.901795691954087,7.224733666783173,5.985441109080471,7.61972277827666,6.080243100421065,9.820349564710384
57.53253253253253,4.381505499309017,6.50966636140272,8.903503360670149,7.223710038143909,5.983920718955795,7.618647965480315,6.0746863296690625,9.820685807808001
57.627627627627625,4.379144028065083,6.507744028359647,8.905174854970072,7.222733249996034,5.982471683531268,7.61759118317452,6.069289742811863,9.820992149343075
57.72272272272272,4.3768808424493,6.505871531234364,8.906811593967486,7.221801394622752,5.981091103616808,7.616551737204709,6.0640469563942645,9.821269827768603
57.81781781781781,4.374711759259517,6.504046806805787,8.908414996776022,7.220912564307261,5.979776080022324,7.615528933416319,6.058951586961064,9.821520081537578
57.91291291291291,4.372632595293585,6.502267791852832,8.909986482509305,7.220064851332762,5.97852371355773,7.614522077654787,6.053997251057056,9.821744149102999
58.008008008008005,4.370639167349352,6.5005324231544135,8.911527470280966,7.219256347982451,5.977331105032943,7.6135304757655495,6.049177565227037,9.821943268917863
58.1031031031031,4.368727292224669,6.498838637489442,8.913039379204635,7.218485146539531,5.976195355257872,7.612553433594043,6.044486146015808,9.82211867943517
58.19819819819819,4.3668927867173855,6.497184371636837,8.91452362839394,7.217749339287203,5.975113565042432,7.611590256985703,6.039916609968164,9.822271619107905
58.29329329329329,4.36513146762535,6.495567562375509,8.915981636962512,7.217047018508664,5.974082835196535,7.610640251785966,6.0354625736289,9.822403326389074
58.388388388388385,4.363439151746413,6.493986146484378,8.917414824023977,7.216376276487113,5.973100266530099,7.60970272384027,6.031117653542814,9.82251503973167
58.48348348348348,4.361811655878426,6.4924380607423515,8.918824608691967,7.215735205505752,5.972162959853031,7.60877697899405,6.026875466254703,9.822607997588689
58.57857857857857,4.360244796819234,6.49092124192835,8.92021241008011,7.215121897847782,5.971268015975249,7.607862323092743,6.022729628309365,9.822683438413128
58.67367367367367,4.358734391366692,6.4894336268212856,8.921579647302035,7.214534445796398,5.970412535706665,7.606958061981785,6.018673756251597,9.822742600657982
58.768768768768766,4.357276256318646,6.487973152200071,8.922927739471376,7.213970941634804,5.96959361985719,7.606063501506613,6.014701466626193,9.82278672277625
58.86386386386386,4.355866208472947,6.486537754843626,8.924258105701753,7.213429477646197,5.968808369236742,7.6051779475126615,6.010806375977953,9.822817043220926
58.95895895895895,4.3545000646274445,6.48512537153086,8.925572165106802,7.212908146113778,5.96805388465523,7.604300705845368,6.006982100851674,9.822834800445007
59.05405405405405,4.353173641579988,6.483733939040692,8.926871336800152,7.212405039320746,5.96732726692257,7.603431082350171,6.003222257792151,9.822841232901489
59.149149149149146,4.351882756128426,6.482361394152032,8.928157039895428,7.211918249550303,5.966625616848674,7.602568382872503,5.999520463344182,9.82283757904337
59.24424424424424,4.350623225070612,6.4810056736437955,8.929430693506262,7.211445869085646,5.965946035243455,7.601711913257803,5.995870334052563,9.822825077323644
59.33933933933933,4.349390865204391,6.479664714294901,8.930693716746282,7.210985990209977,5.965285622916829,7.6008609793515065,5.992265486462093,9.822804966195305
59.43443443443443,4.3481814933276155,6.478336452884258,8.93194752872912,7.210536705206493,5.964641480678706,7.600014886999052,5.988699537117568,9.822778484111353
59.529529529529526,4.346990926238134,6.4770188261907835,8.933193548568404,7.210096106358396,5.964010709339002,7.59917294204587,5.985166102563783,9.822746869524785
59.62462462462462,4.345814980733796,6.475709770993392,8.934433195377762,7.209662285948886,5.9633904097076265,7.598334450337404,5.981658799345535,9.822711360888595
59.71971971971971,4.344649473612453,6.474407224070999,8.935667888270823,7.2092333362611605,5.962777682594497,7.597498717719087,5.978171244007626,9.82267319665578
59.81481481481481,4.343490221671953,6.473109122202518,8.936899046361217,7.20880734957842,5.962169628809527,7.5966650500363535,5.974697053094848,9.822633615279338
59.909909909909906,4.342333041710146,6.4718134021668625,8.938128088762575,7.208382418183866,5.961563349162627,7.595832753134644,5.971229843151996,9.822593855212261
60.005005005005,4.341173750625809,6.47051800073922,8.9393564346021,7.207956634419813,5.960955944549793,7.5950011328258,5.967763230787583,9.822555154847363
60.10010010010009,4.340008972341332,6.469220824887084,8.94058561157004,7.207528563333726,5.960345204175724,7.594169226316813,5.964291342033999,9.82251827134949
60.19519519519519,4.338838088648056,6.4679196797150995,8.941817518352781,7.20709838536428,5.959731269425625,7.59333515290226,5.960810043795018,9.822482317366928
60.29029029029029,4.337661069951841,6.466612348587238,8.943054132818757,7.206666625724586,5.959114783712756,7.592496835965829,5.957315574530212,9.822446054557282
60.38538538538538,4.336477886658548,6.4652966148674675,8.944297432836397,7.206233809627757,5.958496390450382,7.591652198891201,5.953804172699151,9.82240824457816
60.48048048048047,4.3352885091740365,6.46397026191976,8.945549396274135,7.205800462286904,5.9578767330517675,7.590799165062066,5.9502720767614,9.822367649087163
60.57557557557557,4.334092907904168,6.46263107310808,8.946812001000403,7.2053671089151425,5.957256454930173,7.589935657862108,5.946715525176533,9.822323029741895
60.67067067067067,4.332891053254802,6.461276831796399,8.948087224883635,7.20493427472558,5.9566361994988615,7.589059600675012,5.943130756404114,9.822273148199967
60.765765765765764,4.3316829156318,6.4599053213486854,8.949377045792263,7.204502484931333,5.956016610171099,7.588168916884462,5.939514008903714,9.822216766118979
60.86086086086085,4.330468465441023,6.45851432512891,8.950683441594716,7.204072264745512,5.955398330360148,7.5872615298741435,5.9358615211349015,9.822152645156535
60.95595595595595,4.32924767308833,6.457101626501037,8.952008390159431,7.20364413938123,5.95478200347927,7.586335363027744,5.932169531557246,9.822079546970242
61.05105105105105,4.328020508979582,6.4556650088290395,8.953353869354839,7.2032186340516,5.954168272941729,7.585388339728947,5.9284342786303155,9.821996233217705
61.146146146146144,4.326786943520639,6.4542022554768845,8.954721857049371,7.202796273969733,5.953557782160787,7.58441838336144,5.924652000813677,9.821901465556524
61.24124124124124,4.3255469471173615,6.452711149808541,8.956114331111461,7.202377584348743,5.952951174549708,7.583423417308905,5.920818936566904,9.821794005644309
61.33633633633633,4.324300490175611,6.451189475187981,8.957533269409543,7.201963090401742,5.952349093521756,7.582401364955029,5.91693132434956,9.821672615138663
61.43143143143143,4.323047543101248,6.44963501497917,8.958980649812046,7.20155331734184,5.951752182490192,7.581350149683496,5.9129854026212145,9.821536055697191
61.526526526526524,4.321788076300133,6.448045552546076,8.960458450187403,7.201148790382152,5.951161084868279,7.580267694877996,5.90897740984144,9.821383088977496
61.62162162162162,4.320522060178125,6.446418871252672,8.96196864840405,7.2007500347357905,5.950576444069283,7.5791519239222085,5.904903584469801,9.821212476637182
61.71671671671671,4.319249465141086,6.4447527544629235,8.963513222330414,7.200357575615866,5.949998903506465,7.578000760199821,5.90076016496587,9.82102298033386
61.81181181181181,4.317970261594875,6.4430449855408005,8.965094149834933,7.1999719382354925,5.9494291065930875,7.576812127094519,5.896543389789214,9.820813361725127
61.906906906906904,4.316684419945354,6.441293347850275,8.966713408786035,7.199593647807783,5.948867696742416,7.575583947989988,5.892249497399401,9.820582382468594
62.002002002002,4.3153919105983825,6.439495624755308,8.968372977052153,7.199223229545846,5.948315317367712,7.574314146269913,5.887874726256,9.820328804221859
62.09709709709709,4.314092703959822,6.437649599619879,8.970074832501727,7.198861208662799,5.947772611882237,7.573000645317979,5.88341531481858,9.820051388642533
62.19219219219219,4.312786770435531,6.435753055807947,8.971820953003176,7.198508110371753,5.947240223699257,7.571641368517872,5.8788675015467105,9.819748897388218
62.287287287287285,4.311474080431372,6.4338037766834875,8.973613316424943,7.198164459885817,5.946718796232034,7.570234239253278,5.87422752489996,9.819420092116516
62.38238238238238,4.3101546043532055,6.431799545610467,8.975453900635458,7.197830782418108,5.946208972893831,7.568777180907879,5.869491623337897,9.819063734485036
62.47747747747747,4.308828312606891,6.4297381459528555,8.977344683503151,7.197507603181734,5.945711397097909,7.567268116865364,5.864656035320089,9.81867858615138
62.57257257257257,4.307495175598289,6.427617361074618,8.979287642896457,7.197195447389809,5.9452267122575355,7.565704970509417,5.859716999306109,9.818263408773158
62.667667667667665,4.30615516373326,6.425434974339729,8.98128475668381,7.19689484025545,5.944755561785971,7.564085665223722,5.85467075375552,9.817816964007967
62.76276276276276,4.3048082474176645,6.423188769112155,8.983338002733635,7.196606306991763,5.944298589096478,7.562408124391967,5.849513537127892,9.817338013513416
62.85785785785785,4.303454397057364,6.420876528755865,8.985449358914371,7.196330372811863,5.943856437602321,7.560670271397835,5.844241587882798,9.816825318947107
62.95295295295295,4.302093583058218,6.418496036634829,8.987620803094453,7.196067562928862,5.943429750716763,7.5588700296250115,5.838851144479803,9.816277641966648
63.048048048048045,4.300725831077478,6.416045252508056,8.989854148326316,7.195818394096298,5.943019163367484,7.557005470059627,5.833338808941217,9.815693812609478
63.14314314314314,4.2993524066908195,6.413526094685756,8.992147508961315,7.195583193223068,5.942625120053829,7.555077976092933,5.82770934214519,9.81507419545208
63.23823823823823,4.2979757984844875,6.410944386049515,8.99449535108616,7.19536209996219,5.942247877443543,7.553092198352478,5.821975552569446,9.814420668684619
63.33333333333333,4.2965985469143515,6.408306115079353,8.996891986059447,7.195155246024891,5.941887684238163,7.551052926033957,5.816150590001879,9.813735174691757
63.428428428428425,4.295223192436281,6.405617270255283,8.999331725239786,7.194962763122405,5.941544789139225,7.5489649483330785,5.810247604230376,9.813019655858177
63.52352352352352,4.2938522755061435,6.402883840057331,9.001808879985775,7.194784782965962,5.941219440848269,7.546833054445531,5.8042797450428365,9.812276054568548
63.61861861861861,4.292488336579809,6.400111812965514,9.004317761656019,7.1946214372667905,5.940911888066827,7.544662033567022,5.798260162227149,9.81150631320754
63.71371371371371,4.291133916113145,6.397307177459853,9.00685268160912,7.194472857736123,5.94062237949644,7.542456674893247,5.792202005571207,9.810712374159824
63.808808808808806,4.28979155456202,6.394475922020367,9.009407951203682,7.19433917608519,5.940351163838644,7.5402217676199035,5.786118424862904,9.809896179810076
63.9039039039039,4.288463792382305,6.391624035127073,9.011977881798309,7.194220524025222,5.940098489794976,7.537962100942694,5.78002256989013,9.80905967254297
63.99899899899899,4.287153170029866,6.388757505259996,9.014556784751598,7.194117033267447,5.939864606066974,7.535682464057317,5.773927590440779,9.808204794743173
64.09409409409409,4.285862227960573,6.385882320899149,9.01713897142216,7.1940288355231,5.939649761356173,7.53338764615947,5.767846636302743,9.807333488795361
64.18918918918918,4.284593506630294,6.383004470524558,9.01971875316859,7.193956062503407,5.93945420436411,7.531082436444855,5.761792857263917,9.806447697084202
64.28428428428428,4.2833495464948985,6.380129942616238,9.022290441349496,7.1938988459196,5.939278183792325,7.52877162410917,5.7557794031121885,9.805549361994375
64.37937937937937,4.282132888010255,6.377264725654211,9.024848347323477,7.193857317482911,5.939121948342352,7.52645999834811,5.749819423635455,9.804640425910549
64.47447447447448,4.280946071632233,6.374414808118496,9.02738678244914,7.193831608904569,5.93898574671573,7.524152348357381,5.743926068621605,9.803722831217398
64.56956956956957,4.2797916378166985,6.371586178489112,9.029900058085087,7.193821851895804,5.938869827613997,7.52185346333268,5.738112487858534,9.802798520299588
64.66466466466466,4.278672127019523,6.368784825246081,9.032382485589917,7.1938281781678475,5.938774439738687,7.519568132469702,5.732391831134132,9.8018694355418
64.75975975975976,4.277590079696574,6.366016736869419,9.034828376322238,7.193850719431931,5.938699831791338,7.517301144964153,5.726777248236292,9.800937519328698
64.85485485485485,4.276548036303721,6.363287901839149,9.03723204164065,7.193889607399282,5.938646252473488,7.515057290011725,5.72128188895291,9.800004714044963
64.94994994994994,4.275548537296832,6.360604308635287,9.039587792903756,7.193944973781136,5.9386139504866735,7.512841356808124,5.715918903071873,9.799072962075261
65.04504504504504,4.274594051616209,6.357971809477387,9.041890073920339,7.194016938224062,5.938603157274906,7.510658030494301,5.710701121411652,9.798144169555263
65.14014014014013,4.273685180753159,6.35539269848584,9.04413678710226,7.194105305336565,5.938613653645345,7.508509279083503,5.705633045707024,9.797219296069098
65.23523523523524,4.2728205260194585,6.352865458786937,9.046329539287637,7.19420954229746,5.938644737738899,7.506394160339086,5.700710256612335,9.79629828737241
65.33033033033033,4.271998590625968,6.350388386592741,9.048470119002069,7.194329099735968,5.938695684023608,7.504311589288131,5.695927897238135,9.79538103949655
65.42542542542542,4.271217877783546,6.347959778115324,9.050560314771165,7.194463428281315,5.9387657669675,7.502260480957723,5.691281110694968,9.794467448472876
65.52052052052052,4.2704768907030575,6.345577929566748,9.052601915120524,7.194611978562728,5.938854261038613,7.500239750374941,5.686765040093386,9.793557410332731
65.61561561561561,4.26977413259536,6.34324113715908,9.054596708575753,7.194774201209425,5.938960440704982,7.498248312566871,5.682374828543932,9.792650821107477
65.7107107107107,4.269108106671317,6.340947697104387,9.05654648366246,7.194949546850634,5.939083580434638,7.496285082560594,5.678105619157161,9.791747576828465
65.8058058058058,4.26847731614179,6.338695905614737,9.058453028906245,7.195137466115577,5.9392229546956194,7.494348975383192,5.673952555043615,9.790847573527046
65.9009009009009,4.267880264217637,6.336484058902195,9.060318132832714,7.195337409633476,5.939377837955957,7.4924389060617465,5.6699107793138435,9.78995070723457
65.995995995996,4.267315454109721,6.334310453178828,9.062143583967472,7.19554882803356,5.939547504683688,7.490553789623343,5.665975435078397,9.789056873982394
66.09109109109109,4.266781389028903,6.3321733846566985,9.063931170836124,7.195771171945048,5.9397312293468465,7.48869254109506,5.662141665447824,9.788165969801874
66.18618618618618,4.266276572186045,6.330071149547882,9.065682681964274,7.196003891997163,5.939928286413468,7.486854075503982,5.65840461353267,9.787277890724358
66.28128128128128,4.265799506792005,6.3280020440644345,9.067399905877526,7.196246438819134,5.940137950351584,7.485037307877189,5.654759422443485,9.7863925327812
66.37637637637637,4.265348696057647,6.3259643644184305,9.069084631101482,7.19649826304018,5.940359495629231,7.483241153241769,5.651201235290815,9.785509792003753
66.47147147147146,4.264922643193833,6.323956406821931,9.070738646161752,7.1967588152895265,5.9405921967144435,7.4814645266248,5.64772519518521,9.784629564423367
66.56656656656656,4.2645198514114195,6.321976467487005,9.072363739583936,7.197027546196397,5.940835328075254,7.479706343053362,5.644326445237216,9.783751746071399
66.66166166166165,4.264138823921271,6.320022842625719,9.073961699893642,7.197303906390015,5.9410881641797015,7.4779655175545425,5.641000128557386,9.782876232979204
66.75675675675676,4.263778063934248,6.318093828450137,9.075534315616471,7.197587346499605,5.941349979495816,7.476240965155423,5.637741388256262,9.78200292117813
66.85185185185185,4.263436074661211,6.31618772117233,9.07708337527803,7.19787731715439,5.941620048491633,7.474531600883083,5.634545367444396,9.781131706699531
66.94694694694694,4.2631113593130205,6.314302817004361,9.078610667403925,7.198173268983594,5.941897645635189,7.472836339764608,5.631407209232337,9.78026248557476
67.04204204204204,4.26280242110054,6.312437412158296,9.080117980519752,7.198474652616441,5.942182045394516,7.471154096827077,5.628322056730628,9.779395153835171
67.13713713713713,4.262507763234629,6.310589802846205,9.081607103151129,7.198780918682153,5.942472522237652,7.469483787097575,5.625285053049823,9.778529607512116
67.23223223223223,4.262225888926147,6.30875828528015,9.083079823823647,7.199091517809957,5.942768350632627,7.467824325603186,5.622291341300465,9.777665742636948
67.32732732732732,4.2619553013859575,6.306941155672201,9.084537931062918,7.199405900629073,5.943068805047477,7.466174627370988,5.619336064593107,9.776803455241021
67.42242242242241,4.261694503824919,6.305136710234422,9.085983213394549,7.199723517768727,5.94337315995024,7.4645336074280655,5.616414366038294,9.775942641355687
67.51751751751752,4.261441999453896,6.303343245178879,9.087417459344138,7.200043819858143,5.943680689808946,7.462900180801501,5.613521388746575,9.775083197012298
67.61261261261261,4.2611962914837465,6.301559056717641,9.088842457437291,7.200366257526544,5.943990669091631,7.461273262518378,5.610652275828498,9.774225018242207
67.7077077077077,4.260955883125334,6.299782441062775,9.090259996199617,7.200690281403155,5.944302372266331,7.459651767605776,5.60780217039461,9.77336800107677
67.8028028028028,4.260719277589517,6.298011694426344,9.091671864156716,7.201015342117198,5.944615073801077,7.45803461109078,5.604966215555462,9.77251204154734
67.89789789789789,4.260484978087158,6.296245113020415,9.093079849834192,7.201340890297894,5.944928048163907,7.456420708000472,5.6021395544216,9.771657035685264
67.992992992993,4.260251487829119,6.294480993057057,9.094485741757651,7.201666376574472,5.945240569822855,7.454808973361931,5.59931733010357,9.770802879521897
68.08808808808809,4.2600175736107415,6.292717406250353,9.095891352924076,7.2019914883088205,5.945552185289753,7.453197999882439,5.596494927188611,9.769949213520956
68.18318318318317,4.259783318308292,6.29095130339291,9.097298618516351,7.202317094872251,5.945863799394838,7.451584770922082,5.593668935960324,9.769094402093442
68.27827827827828,4.2595492147287795,6.289179286134526,9.09870951177564,7.202644433806459,5.946176740055156,7.449965768564103,5.5908363222506745,9.768236412187527
68.37337337337337,4.259315755811881,6.287397956012013,9.100126005955419,7.202974742772282,5.946492335324677,7.448337474729517,5.587994052013151,9.76737321062276
68.46846846846846,4.2590834344972714,6.285603914562181,9.10155007430916,7.203309259430565,5.946811913257368,7.4466963713393355,5.585139091201254,9.766502764218684
68.56356356356356,4.258852743724631,6.283793763321838,9.10298369009034,7.203649221442149,5.947136801907197,7.445038940314575,5.582268405768479,9.765623039794846
68.65865865865865,4.258624176433634,6.281964103827792,9.104428826552438,7.20399586646788,5.947468329328137,7.443361663576245,5.5793789616683265,9.76473200417079
68.75375375375376,4.258398225563957,6.28011153761685,9.105887456948928,7.204350432168597,5.947807823574156,7.441661023045365,5.576467724854287,9.763827624166058
68.84884884884885,4.2581753840552805,6.2782326662258265,9.107361554533282,7.204714156205141,5.948156612699221,7.439933500642944,5.573531661279862,9.7629078666002
68.94394394394394,4.2579561448472765,6.276324091191523,9.108853092558983,7.205088276238361,5.948516024757304,7.4381755782899965,5.570567736898548,9.761970698292757
69.03903903903904,4.2577410008796255,6.274382414050754,9.110364044279503,7.205474029929092,5.948887387802375,7.436383737907534,5.567572917663838,9.761014086063273
69.13413413413413,4.257530445092003,6.272404236340326,9.111896382948318,7.20587265493818,5.9492720298884,7.434554461416573,5.564544169529232,9.760035996731297
69.22922922922922,4.257324970424086,6.27038615959705,9.113452081818904,7.20628538892647,5.949671279069353,7.432684230738127,5.561478458448227,9.75903439711637
69.32432432432432,4.25712506981555,6.268324785357731,9.11503311414474,7.2067134695548,5.9500864633992,7.43076952779321,5.558372750374318,9.758007254038038
69.41941941941941,4.256931236206075,6.26621671515918,9.116641453179298,7.207158134484014,5.950518910931909,7.428806834502833,5.555224011261002,9.756952534315849
69.51451451451452,4.256743962535335,6.264058550538206,9.118279072176053,7.207620621374955,5.950969949721455,7.4267926327880085,5.552029207061776,9.755868204769342
69.6096096096096,4.256563741743008,6.261846893031618,9.119947944388487,7.208102167888464,5.951440907821802,7.424723404569752,5.5487853037301385,9.754752232218067
69.7047047047047,4.256391066768772,6.259578344176224,9.121650043070069,7.208604011685388,5.951933113286918,7.422595631769078,5.545489267219583,9.753602583481568
69.7997997997998,4.256226430552301,6.257249505508835,9.12338734147428,7.209127390426564,5.9524478941707795,7.420405796307001,5.542138063483607,9.752417225379386
69.89489489489489,4.256070326033274,6.254856978566256,9.125161812854591,7.209673541772835,5.95298657852735,7.418150380104531,5.53872865847571,9.751194124731068
69.98998998998998,4.255923246151369,6.252397364885298,9.126975430464482,7.210243703385047,5.9535504944106,7.4158258650826845,5.535258018149386,9.74993124835616
70.08508508508508,4.25578568384626,6.24986726600277,9.12883016755743,7.210839112924039,5.954140969874501,7.413428733162472,5.531723108458133,9.748626563074207
70.18018018018017,4.255658132057625,6.247263283455481,9.130727997386906,7.211461008050657,5.954759332973021,7.41095546626491,5.528120895355445,9.747278035704754
70.27527527527528,4.255541083725141,6.244582018780239,9.13267089320639,7.21211062642574,5.955406911760128,7.40840254631101,5.524448344794823,9.745883633067342
70.37037037037037,4.255435031788486,6.241820073513853,9.134660828269356,7.212789205710132,5.956085034289791,7.405766455221786,5.520702422729762,9.74444132198152
70.46546546546546,4.2553404691873356,6.238974049193133,9.13669977582928,7.213497983564676,5.956795028615984,7.403043674918253,5.51688009511376,9.742949069266832
70.56056056056056,4.255257888861365,6.236040547354884,9.13878970913964,7.214238197650215,5.957538222792672,7.400230687321422,5.512978327900308,9.741404841742817
70.65565565565565,4.255187783750255,6.2330161695359205,9.140932601453908,7.215011085627587,5.958315944873825,7.397323974352307,5.50899408704291,9.739806606229031
70.75075075075074,4.255130646793679,6.229897517273048,9.143130426025564,7.215817885157641,5.959129522913412,7.394320017931924,5.504924338495059,9.738152329545017
70.84584584584584,4.255086970931318,6.226681192103074,9.14538515610808,7.216659833901215,5.959980284965405,7.391215299981284,5.500766048210251,9.736439978510308
70.94094094094093,4.255057249102844,6.223363795562811,9.147698764954937,7.217538169519153,5.960869559083772,7.3880063024214015,5.496516182141987,9.734667519944459
71.03603603603604,4.255041965300728,6.219942040258178,9.150073153980477,7.218454093587437,5.961798636568686,7.384689618445858,5.492171827801603,9.732832984857872
71.13113113113113,4.255041208190473,6.216417546316346,9.152507050430822,7.219407213294509,5.962767184776241,7.38126675775911,5.487735443659913,9.730937240494997
71.22622622622622,4.255054523585808,6.212798672733433,9.154994822874334,7.220394946461059,5.963772641108597,7.3777459812788475,5.483216863436893,9.72898504873643
71.32132132132132,4.255081417914988,6.209094267430096,9.157530523644626,7.221414552062782,5.964812281178264,7.374136039742922,5.478626455948297,9.726981454029927
71.41641641641641,4.255121397606266,6.205313178327001,9.160108205075312,7.222463289075376,5.965883380597757,7.37044568388918,5.473974590009881,9.724931500823262
71.5115115115115,4.255173969087899,6.201464253344801,9.162721919500004,7.223538416474537,5.966983214979583,7.366683664455476,5.4692716344374,9.722840233564197
71.6066066066066,4.255238638788141,6.197556340404158,9.16536571925232,7.224637193235961,5.968109059936262,7.36285873217965,5.464527958046606,9.7207126967005
71.7017017017017,4.255314913135245,6.193598287425731,9.168033656665868,7.225756878335342,5.9692581910803035,7.35897963779956,5.459753929653254,9.718553934679939
71.7967967967968,4.255402298557467,6.1895989423301785,9.170719784074265,7.226894730748379,5.970427884024219,7.355055132053051,5.4549599180731,9.716368991950276
71.89189189189189,4.255500301483061,6.185567153038161,9.173418153811122,7.228048009450765,5.971615414380524,7.3510939656779755,5.450156292121897,9.714162912959278
71.98698698698698,4.255608428340282,6.181511767470338,9.176122818210057,7.229213973418197,5.972818057761728,7.3471048894121775,5.445353420615398,9.711940742154715
72.08208208208208,4.255726185557385,6.177441633547367,9.178827829604682,7.230389881626372,5.9740330897803435,7.343096653993508,5.440561672369359,9.709707523984349
72.17717717717717,4.255853079562623,6.1733655991899115,9.181527240328608,7.231572993050984,5.9752577860488865,7.339078010159818,5.435791416199536,9.70746830289595
72.27227227227226,4.255988616784252,6.169292512318627,9.18421510271545,7.232760566667731,5.976489422179868,7.3350577086489555,5.431053020921679,9.705228123337282
72.36736736736736,4.256132303650527,6.165231220854173,9.186885469098826,7.233949861452309,5.977725273785799,7.331044500198767,5.426356855351546,9.702992029756112
72.46246246246245,4.256283646589701,6.161190572717212,9.189532391812342,7.235138136380412,5.978962616479194,7.327047135547107,5.421713288304889,9.700765066600207
72.55755755755756,4.256442152030029,6.1571794158284,9.192149923189618,7.236322650427737,5.980198725872565,7.323074365431821,5.417132688597464,9.698552278317328
72.65265265265265,4.2566073263997675,6.153206598108399,9.194732115564266,7.237500662569982,5.9814308775784255,7.31913494059076,5.412625425045023,9.696358709355248
72.74774774774774,4.256778676127168,6.149280967477866,9.197273021269899,7.238669431782838,5.982656347209287,7.315237611761772,5.408201866463325,9.694189404161731
72.84284284284284,4.256955707640487,6.145411371857462,9.199766692640129,7.239826217042005,5.983872410377662,7.311391129682704,5.403872381668118,9.692049407184543
72.93793793793793,4.257137927367979,6.141606659167847,9.202207182008571,7.240968277323178,5.985076342696065,7.307604245091409,5.399647339475163,9.689943762871449
73.03303303303304,4.257324844103966,6.137875597960969,9.204588597258189,7.242092894924982,5.986265442388178,7.303885631294074,5.395537009141831,9.687877471060096
73.12812812812813,4.257516095253557,6.134222642595803,9.206908065731502,7.243198619895161,5.987438236738278,7.300239752694742,5.39154624829588,9.685853106745078
73.22322322322321,4.257711510247568,6.130645806012509,9.20916722305421,7.244285895127497,5.988595088111753,7.296664789485881,5.3876718345897325,9.683869624445565
73.31831831831832,4.257910934208168,6.127142574791631,9.211368073245723,7.245355318189413,5.989736508827383,7.29315840834651,5.38390988542178,9.681925682834084
73.41341341341341,4.258114212257523,6.12371043551371,9.213512620325453,7.2464074866483275,5.990863011203943,7.289718275955649,5.380256518190418,9.680019940583168
73.5085085085085,4.258321189517803,6.120346874759291,9.215602868312818,7.247442998071667,5.991975107560213,7.286342058992314,5.376707850294036,9.678151056365353
73.6036036036036,4.258531711111174,6.117049379108916,9.217640821227228,7.2484624500268495,5.993073310214974,7.28302742413552,5.373259999131029,9.676317688853171
73.69869869869869,4.258745622159806,6.11381543514313,9.219628483088094,7.249466440081301,5.994158131487001,7.27977203806429,5.369909082099791,9.674518496719156
73.7937937937938,4.258962767785865,6.1106425294424715,9.221567857914831,7.25045556580244,5.995230083695072,7.276573567457638,5.3666512165987115,9.672752138635843
73.88888888888889,4.259182993111521,6.10752814858749,9.223460949726851,7.25143042475769,5.996289679157965,7.273429678994583,5.363482520026185,9.67101727327576
73.98398398398398,4.25940614325894,6.10446977915872,9.225309762543569,7.252391614514475,5.997337430194463,7.270338039354145,5.360399109780605,9.669312559311443
74.07907907907908,4.259632063350293,6.10146490773671,9.227116300384393,7.2533397326402165,5.9983738491233405,7.267296315215338,5.357397103260362,9.667636655415425
74.17417417417417,4.259860598507745,6.098511020902003,9.228882567268741,7.254275376702335,5.999399448263374,7.264302173257181,5.354472617863851,9.665988220260239
74.26926926926926,4.260091593853466,6.095605605235141,9.230610567216022,7.255199144268253,6.000414739933346,7.261353280158694,5.351621770989466,9.664365912518418
74.36436436436436,4.2603248945096235,6.0927461473166655,9.232302304245653,7.256111632905393,6.0014202364520335,7.258447302598892,5.348840680035594,9.6627683908625
74.45945945945945,4.260560345598385,6.089930133727121,9.233959782377044,7.257013440181177,6.002416450138212,7.255581907256794,5.346125462400634,9.66119431396501
74.55455455455456,4.2607977922419185,6.08715505104705,9.23558500562961,7.257905163663028,6.003403893310663,7.252754760811417,5.343472235482976,9.659642340498484
74.64964964964965,4.261037079562394,6.0844183858569965,9.237179978022759,7.258787400918368,6.004383078288164,7.249963529941781,5.340877116681011,9.658111129135458
74.74474474474474,4.261278052681976,6.081717624737505,9.23874670357591,7.259660749514618,6.005354517389493,7.247205881326901,5.338336223393137,9.656599338548464
74.83983983983984,4.261520556722837,6.079050254269112,9.24028718630847,7.260525807019203,6.006318722933428,7.244479481645799,5.335845673017743,9.65510562741003
74.93493493493493,4.26176443680714,6.076413761032365,9.241803430239855,7.2613831709995385,6.007276207238747,7.24178199757749,5.333401582953221,9.653628654392698
75.03003003003002,4.2620095380570575,6.073805631607809,9.24329743938948,7.262233439023055,6.00822748262423,7.2391110958009905,5.331000070597967,9.652167078168992
75.12512512512512,4.262255705594756,6.0712233525759824,9.244771217776753,7.263077208657168,6.009173061408654,7.236464442995319,5.3286372533503705,9.65071955741145
75.22022022022021,4.262502784542402,6.068664410517429,9.246226769421092,7.263915077469305,6.0101134559107985,7.233839705839494,5.326309248608826,9.64928475079261
75.31531531531532,4.262750620022166,6.066126292012694,9.247666098341906,7.264747643026884,6.01104917844944,7.231234551012533,5.324012173771726,9.647861316984995
75.4104104104104,4.262999057156213,6.063606483642321,9.24909120855861,7.265575502897328,6.011980741343358,7.2286466451934555,5.3217421462374634,9.646447914661147
75.5055055055055,4.263247941066714,6.061102471986849,9.250504104090613,7.2663992546480625,6.01290865691133,7.2260736550612785,5.319495283404431,9.645043202493591
75.6006006006006,4.263497116875836,6.058611743626824,9.251906788957335,7.267219495846504,6.013833437472136,7.223513247295019,5.317267702671021,9.643645839154868
75.69569569569569,4.263746429705747,6.056131785142788,9.253301267178182,7.26803682406008,6.0147555953445515,7.220963088573695,5.315055521435628,9.642254483317506
75.79079079079078,4.263995724678614,6.053660083115283,9.254689542772569,7.268851836856209,6.0156756428473575,7.218420845576325,5.312854857096643,9.640867793654042
75.88588588588588,4.264244846916608,6.051194124124854,9.25607361975991,7.269665131802314,6.0165940922993295,7.215884184981924,5.310661827052459,9.639484428837003
75.98098098098097,4.264493641541893,6.048731394752042,9.257455502159619,7.270477306465817,6.017511456019249,7.2133507734695135,5.3084725487014675,9.638103047538927
76.07607607607608,4.264742009538776,6.046269255114855,9.258837169233987,7.27128901994757,6.018428363037569,7.210818109083711,5.306283277649261,9.636722240943872
76.17117117117117,4.264990264747648,6.043804130694105,9.260220417274724,7.272101386118912,6.019346304956987,7.208282443555511,5.304091290938993,9.635340101453886
76.26626626626626,4.265238906052228,6.041332028063454,9.26160696056558,7.2729157226806604,6.020267159987628,7.20573947001447,5.3018943234251585,9.633954497915434
76.36136136136136,4.265488433209076,6.038848951820587,9.26299851300348,7.2737333482950985,6.0211928081632395,7.203184878955217,5.299690112121739,9.632563298120486
76.45645645645645,4.265739345974757,6.036350906563182,9.26439678848534,7.274555581624502,6.022125129517566,7.200614360872394,5.297476394042714,9.631164369861011
76.55155155155154,4.265992144105831,6.0338338968889245,9.265803500908087,7.275383741331153,6.023066004084356,7.198023606260634,5.295250906202068,9.629755580928967
76.64664664664664,4.266247327358862,6.031293927395498,9.26722036416864,7.27621914607733,6.024017311897355,7.195408305614569,5.293011385613785,9.628334799116322
76.74174174174173,4.26650539549041,6.028727002680586,9.268649092163919,7.277063114525312,6.0249809329903075,7.192764149428841,5.290755569291844,9.626899892215045
76.83683683683684,4.26676684825704,6.026129127341868,9.270091398790846,7.27791696533738,6.025958747396965,7.190086828198082,5.288481194250227,9.625448728017094
76.93193193193193,4.267032185415312,6.02349630597703,9.271548997946345,7.278782017175811,6.026952635151068,7.187372032416932,5.286185997502918,9.623979174314437
77.02702702702702,4.267301906721791,6.020824543183755,9.273023603527337,7.279659588702886,6.027964476286369,7.184615452580021,5.283867716063895,9.622489098899042
77.12212212212212,4.267576511933037,6.018109843559724,9.27451692943074,7.280550998580885,6.0289961508366074,7.181812779181991,5.281524086947146,9.620976369562866
77.21721721721721,4.267856500805613,6.015348211702621,9.276030689553478,7.281457565472087,6.030049538835536,7.178959702717474,5.279152847166647,9.619438854097883
77.3123123123123,4.268142373096081,6.012535652210129,9.277566597792475,7.28238060803877,6.031126520316896,7.176051913681107,5.276751733736385,9.617874420296053
77.4074074074074,4.268434628561004,6.00966816967993,9.279126368044647,7.283321444943216,6.032228975314437,7.173085102567526,5.274318483670339,9.616280935949344
77.5025025025025,4.268733766956944,6.006741768709709,9.280711714206918,7.284281394847706,6.033358783861907,7.170054959871367,5.27185083398249,9.614656268849718
77.5975975975976,4.269040288040463,6.003752453897147,9.28232435017621,7.285261776414512,6.0345178259930465,7.166957176087266,5.269346521686822,9.61299828678914
77.69269269269269,4.269354691568124,6.000696229839927,9.283965989849444,7.28626390830592,6.035707981741606,7.163787441709858,5.2668032837973175,9.61130485755958
77.78778778778778,4.269677477296489,5.997569101135734,9.28563834712354,7.287289109184209,6.036931131141333,7.160541447233778,5.264218857327957,9.609573848952998
77.88288288288288,4.270009144982121,5.994367072382248,9.287343135895423,7.288338697711655,6.038189154225972,7.157214883153666,5.261590979292723,9.607803128761358
77.97797797797797,4.270350194381581,5.9910861481771525,9.28908207006201,7.28941399255054,6.0394839310292685,7.153803439964156,5.258917386705599,9.605990564776631
78.07307307307306,4.270701125251432,5.987722333118134,9.290856863520226,7.2905163123631445,6.040817341584971,7.150302808159882,5.256195816580563,9.604134024790781
78.16816816816817,4.2710624373482355,5.984271631802871,9.29266923016699,7.291646975811745,6.0421912659268235,7.1467086782354805,5.253424005931601,9.602231376595766
78.26326326326325,4.271434630428556,5.980730048829048,9.294520883899224,7.292807301558625,6.043607584088575,7.143016740685589,5.250599691772693,9.600280487983555
78.35835835835836,4.2718182042489525,5.9770935887943475,9.296413538613852,7.293998608266058,6.045068176103969,7.13922268600484,5.2477206111178205,9.59827922674612
78.45345345345345,4.27221365856599,5.973358256296453,9.298348908207792,7.295222214596331,6.046574922006755,7.135322204687874,5.244784500980968,9.596225460675415
78.54854854854854,4.2726214931362305,5.969520055933048,9.300328706577968,7.296479439211716,6.048129701830677,7.131310987229325,5.241789098376115,9.594117057563412
78.64364364364364,4.273042207716235,5.965574992301815,9.302354647621296,7.297771600774497,6.049734395609486,7.127184724123826,5.238732140317242,9.591951885202072
78.73873873873873,4.2734763020625675,5.961519070000435,9.304428445234707,7.2991000179469525,6.051390883376921,7.122939105866019,5.235611363818336,9.589727811383364
78.83383383383382,4.273924275931789,5.957348293626594,9.306551813315117,7.3004660093913625,6.053101045166732,7.118569822950536,5.232424505893377,9.58744270389925
78.92892892892893,4.274386629080461,5.953058667777973,9.308726465759444,7.301870893770005,6.054866761012667,7.1140725658720125,5.229169303556345,9.585094430541696
79.02402402402402,4.274863856238859,5.948646239001787,9.310954096886997,7.303315975851795,6.056689892458755,7.109443069744192,5.22584352138986,9.582680881833674
79.11911911911912,4.275355859532824,5.944111999735613,9.313234092796856,7.304800922364632,6.058570121093734,7.104682330316722,5.2224481743456845,9.580202628305988
79.21421421421421,4.275861398446453,5.9394664789316005,9.31556138894845,7.306322241615799,6.060502925183184,7.099801486736553,5.218990544637958,9.577665407998575
79.3093093093093,4.276379102330428,5.934721291638438,9.317930413925845,7.307876082205725,6.062483304283759,7.0948128333639575,5.215478628248102,9.57507554746974
79.4044044044044,4.276907600535431,5.929888052904814,9.320335596313106,7.309458592734833,6.064506257952114,7.089728664559209,5.211920421157528,9.572439373277778
79.49949949949949,4.2774455224121395,5.924978377779419,9.322771364694296,7.3110659218035545,6.066566785744892,7.084561274682585,5.208323919347659,9.569763211980975
79.5945945945946,4.277991497311237,5.920003881310939,9.325232147653477,7.312694218012314,6.068659887218751,7.079322958094357,5.204697118799909,9.567053390137632
79.68968968968969,4.278544154583401,5.914976178548065,9.327712373774716,7.31433962996154,6.070780561930339,7.074026009154802,5.201048015495699,9.564316234306046
79.78478478478478,4.279102123579314,5.909906884539487,9.330206471642075,7.315998306251659,6.072923809436308,7.068682722224192,5.197384605416444,9.561558071044503
79.87987987987988,4.279664033649655,5.904807614333892,9.332708869839617,7.317666395483098,6.07508462929331,7.063305391662804,5.193714884543559,9.558785226911311
79.97497497497497,4.280228514145106,5.89968998297997,9.335213996951412,7.3193400462562845,6.077258021057992,7.057906311830911,5.190046848858464,9.556004028464756
80.07007007007006,4.280794194416347,5.89456560552641,9.337716281561512,7.321015407171647,6.079438984287011,7.052497777088787,5.186388494342576,9.553220802263134
80.16516516516516,4.281359703814058,5.889446097021899,9.340210152253995,7.32268862682961,6.081622518537015,7.047092081796707,5.1827478169773125,9.550441874864742
80.26026026026025,4.2819236716889195,5.884343072515129,9.342690037612916,7.324355853830602,6.083803623364655,7.0417015203149464,5.17913281274409,9.547673572827872
80.35535535535536,4.282484727391612,5.879268147054786,9.34515036622234,7.326013236775052,6.085977298326582,7.036338387003778,5.175551477624326,9.544922222710825
80.45045045045045,4.283041500272816,5.874232935689561,9.347585566666334,7.327656924263383,6.088138542979449,7.031014976223476,5.172011807599438,9.54219415107189
80.54554554554554,4.283592619683212,5.869249053468143,9.349990067528957,7.329283064896025,6.0902823568799045,7.025743582334318,5.168521798650844,9.539495684469365
80.64064064064064,4.284136714973481,5.8643281154392195,9.352358297394277,7.330887807273403,6.0924037395846025,7.020536499696574,5.165089446759961,9.536833149461543
80.73573573573573,4.284672415494302,5.859481736651481,9.354684684846356,7.332467299995948,6.094497690650192,7.015406022670521,5.161722747908204,9.534212872606721
80.83083083083082,4.285198350596358,5.854721532153615,9.35696365846926,7.334017691664083,6.096559209633325,7.010364445616436,5.1584296980769935,9.531641180463195
80.92592592592592,4.285713149630325,5.850059116994311,9.359189646847051,7.335535130878239,6.098583296090652,7.005424062894587,5.155218293247745,9.529124399589257
81.02102102102101,4.286215445192485,5.845506078460326,9.361357092233986,7.33701577546961,6.100564961262749,7.0005971396127995,5.152096509450868,9.526668841328986
81.11611611611612,4.286704403926065,5.841069435748989,9.363462686247614,7.338457302147365,6.102501138922409,6.995891127531176,5.149069039876364,9.524278313601522
81.21121121121121,4.2871803160139,5.83674659761168,9.365507852764893,7.339860583069189,6.1043928075075415,6.991303351984171,5.146133671203155,9.521951357566161
81.3063063063063,4.287643613653032,5.832533758049616,9.367494613815369,7.341226894294074,6.1062414566974414,6.986829858336771,5.143287317134489,9.519685848669338
81.4014014014014,4.288094729040507,5.828427111064008,9.369424991428575,7.342557511881008,6.108048576171394,6.9824666919539755,5.140526891373614,9.517479662357491
81.49649649649649,4.288534094373371,5.824422850656073,9.371301007634049,7.343853711888978,6.109815655608692,6.9782098982007765,5.137849307623781,9.515330674077058
81.59159159159158,4.288962141848669,5.820517170827025,9.373124684461327,7.345116770376976,6.111544184688623,6.974055522442167,5.135251479588239,9.513236759274477
81.68668668668668,4.2893793036634476,5.816706265578078,9.374898043939947,7.34634796340399,6.1132356530904755,6.969999610043143,5.132730320970236,9.511195793396187
81.78178178178177,4.289786012014749,5.812986328910449,9.376623108099446,7.347548567029007,6.114891550493543,6.966038206368694,5.130282745473024,9.509205651888625
81.87687687687688,4.290182699099619,5.809353554825347,9.378301898969362,7.348719857311019,6.116513366577111,6.962167356783818,5.12790566679985,9.507264210198224
81.97197197197197,4.290569797115105,5.805804137323992,9.379936438579227,7.349863110309013,6.118102591020473,6.958383106653507,5.125595998653965,9.50536934377143
82.06706706706706,4.290947738258249,5.802334270407598,9.381528748958583,7.350979602081977,6.119660713502917,6.954681501342754,5.123350654738616,9.503518928054673
82.16216216216216,4.2913169547261,5.798940148077376,9.383080852136967,7.352070608688903,6.121189223703731,6.951058586216555,5.121166548757054,9.501710838494395
82.25725725725725,4.291677878715701,5.795617964334544,9.384594770143915,7.353137406188778,6.1226896113022065,6.947510406639901,5.119040594412529,9.499942950537033
82.35235235235234,4.2920309424240966,5.792363913180315,9.386072525008961,7.354181270640591,6.124163365977633,6.944033007977786,5.11696970540829,9.498213139629025
82.44744744744744,4.292376578048333,5.789174188615903,9.387516138761645,7.355203478103334,6.125611977409301,6.940622435595206,5.114950795447585,9.496519281216806
82.54254254254253,4.292715217785455,5.786044984642524,9.388927633431503,7.356205304635992,6.127036935276499,6.937274734857154,5.1129807782336645,9.494859250746815
82.63763763763764,4.293047293832507,5.782972495261393,9.390309031048071,7.357188026297557,6.128439729258515,6.933985951128624,5.1110565674697765,9.493230923665493
82.73273273273273,4.293373238386536,5.779952914473721,9.39166235364089,7.358152919147014,6.1298218490346414,6.930752129774611,5.109175076859172,9.491632175419273
82.82782782782782,4.293693483644587,5.776982436280729,9.392989623239492,7.359101259243356,6.1311847842841685,6.9275693161601035,5.107333220105098,9.490060881454596
82.92292292292292,4.294008461803703,5.774057254683625,9.394292861873419,7.36003432264557,6.132530024686384,6.924433555650099,5.105527910910807,9.488514917217897
83.01801801801801,4.294318605060931,5.771173563683626,9.3955740915722,7.360953385412645,6.133859059920575,6.921340893609592,5.1037560629795475,9.486992158155614
83.1131131131131,4.2946243456133155,5.768327557281947,9.396835334365381,7.3618597236035725,6.135173379666037,6.918287375403577,5.102014590014565,9.485490479714189
83.2082082082082,4.294926115657903,5.7655154294798034,9.398078612282495,7.362754613277338,6.136474473602056,6.915269046397043,5.100300405719115,9.484007757340054
83.3033033033033,4.295224347391737,5.762733374278406,9.399305947353078,7.363639330492933,6.137763831407922,6.912281951954989,5.098610423796442,9.482541866479648
83.3983983983984,4.295519473011863,5.759977585678975,9.400519361606666,7.3645151513093445,6.139042942762926,6.909322137442405,5.0969415579497985,9.481090682579412
83.49349349349349,4.295811924715327,5.757244257682722,9.4017208770728,7.365383351785564,6.140313297346356,6.906385648224289,5.0952907218824315,9.47965208108578
83.58858858858858,4.296102134699173,5.75452958429086,9.402912515781017,7.366245207980576,6.141576384837501,6.90346852966563,5.093654829297591,9.47822393744519
83.68368368368368,4.296390535160447,5.751829759504604,9.404096299760848,7.367101995953377,6.142833694915657,6.900566827131424,5.092030793898526,9.476804127104081
83.77877877877877,4.296677558296194,5.749140977325172,9.405274251041835,7.3679549917629465,6.144086717260104,6.897676585986664,5.090415529388487,9.475390525508892
83.87387387387386,4.2969636363034605,5.746459431753773,9.406448391653512,7.368805471468281,6.145336941550139,6.894793851596345,5.088805949470723,9.473981008106056
83.96896896896897,4.297249201379288,5.743781316791628,9.407620743625422,7.3696547111283675,6.146585857465048,6.891914669325461,5.087198967848482,9.472573450342015
84.06406406406406,4.297534674767652,5.741102900425565,9.408793270625445,7.370503957428756,6.14783494106816,6.889035153649564,5.08559159987269,9.471165776047888
84.15915915915916,4.2978203535719315,5.738421289184944,9.40996727485881,7.371354124140598,6.149085514101406,6.886152202333529,5.083982012954633,9.469756457439917
84.25425425425425,4.298106456293464,5.735734120538734,9.411143639712703,7.372205914243786,6.150338800595116,6.883263209097184,5.082369103955156,9.468344313955127
84.34934934934934,4.2983932001888405,5.733039040363896,9.412323241941886,7.3730600273801015,6.151596023032242,6.8803655755143325,5.080751781286719,9.466928170529146
84.44444444444444,4.298680802514651,5.730333694537391,9.413506958301125,7.373917163191329,6.152858403895746,6.877456703158782,5.079128953361782,9.465506852097612
84.53953953953953,4.298969480527486,5.727615728936186,9.414695665545175,7.374778021319253,6.154127165668581,6.87453399360434,5.077499528592804,9.464079183596152
84.63463463463462,4.299259451483934,5.72488278943724,9.415890240428801,7.375643301405657,6.1554035308337065,6.871594848424807,5.075862415392242,9.462643989960402
84.72972972972973,4.299550932640588,5.7221325219175165,9.417091559706762,7.376513703092325,6.156688721874079,6.868636669193992,5.074216522172559,9.46120009612599
84.82482482482482,4.299844141254036,5.71936257225398,9.418300500133817,7.377389926021043,6.157983961272654,6.865656857485698,5.072560757346212,9.459746327028551
84.91991991991992,4.30013929458087,5.7165705863235905,9.41951793846473,7.378272669833594,6.159290471512392,6.862652814873734,5.070894029325657,9.458281507603717
85.01501501501501,4.300436609877679,5.713754210003312,9.420744751454261,7.3791626341717595,6.160609475076248,6.859621942931901,5.069215246523359,9.456804462787117
85.1101101101101,4.300736304401054,5.710911089170109,9.421981815857174,7.380060518677327,6.161942194447178,6.8565616432340075,5.067523317351774,9.455314017514388
85.2052052052052,4.301038595407586,5.708038869700937,9.423230008428227,7.380967022992079,6.163289852108142,6.853469317353859,5.06581715022336,9.453808996721161
85.3003003003003,4.301343700153863,5.705135197472768,9.42449020592218,7.381882846757802,6.164653670542094,6.85034236686526,5.064095653550579,9.452288225343066
85.3953953953954,4.301651835896477,5.7021977183625605,9.425763285093794,7.382808689616277,6.166034872231996,6.847178193342016,5.062357735745887,9.450750528315734
85.49049049049049,4.301963219892019,5.699224078247275,9.427050122697832,7.383745251209289,6.167434679660797,6.843974198357933,5.060602305221748,9.449194730574801
85.58558558558558,4.302278069397077,5.696211923003878,9.428351595489055,7.3846932311786215,6.168854315311463,6.840727783486813,5.058828270390617,9.447619657055895
85.68068068068068,4.302596601668243,5.693158898509329,9.429668580222222,7.385653329166061,6.170295001666946,6.837436350302467,5.057034539664952,9.446024132694653
85.77577577577577,4.302919033962106,5.690062650640593,9.431001953652096,7.38662624481339,6.171757961210203,6.834097300378697,5.055220021457217,9.444406982426704
85.87087087087086,4.303245583535258,5.686920825274631,9.432352592533439,7.387612677762393,6.173244416424193,6.83070803528931,5.053383624179869,9.44276703118768
85.96596596596596,4.303576467644287,5.683731068288407,9.433721373621005,7.388613327654853,6.174755589791873,6.82726595660811,5.051524256245365,9.441103103913214
86.06106106106105,4.303911903545785,5.680491025558884,9.435109173669566,7.389628894132555,6.176292703796201,6.823768465908903,5.049640826066166,9.439414025538943
86.15615615615616,4.3042521084963425,5.677198342963021,9.436516869433875,7.390660076837283,6.177856980920131,6.820212964765493,5.047732242054731,9.437698621000488
86.25125125125125,4.304597299752548,5.673850666377786,9.437945337668694,7.391707575410821,6.179449643646623,6.816596854751689,5.04579741262352,9.43595571523349
86.34634634634634,4.304947694570995,5.6704456416801365,9.439395455128787,7.392772089494954,6.1810719144586335,6.812917537441295,5.04383524618499,9.434184133173579
86.44144144144144,4.305303510208269,5.666980914747039,9.440868098568915,7.3938543187314645,6.182725015839117,6.809172414408114,5.041844651151603,9.432382699756387
86.53653653653653,4.3056649639209645,5.663454131455455,9.442364144743834,7.394954962762138,6.184410170271034,6.805358887225956,5.039824535935816,9.430550239917542
86.63163163163162,4.30603227296567,5.659862937682346,9.443884470408308,7.396074721228757,6.186128600237341,6.801474357468621,5.037773808950089,9.428685578592681
86.72672672672672,4.306405654598976,5.656204979304676,9.4454299523171,7.397214293773106,6.187881528220995,6.797516226709918,5.03569137860688,9.426787540717438
86.82182182182181,4.306785326077472,5.652477902199408,9.447001467224968,7.398374380036972,6.189670176704951,6.7934818965236525,5.0335761533186485,9.42485495122744
86.91691691691692,4.307171504657751,5.6486793522435015,9.448599891886674,7.399555679662137,6.191495768172169,6.789368768483628,5.031427041497856,9.42288663505832
87.01201201201201,4.307564407205852,5.644806979347497,9.450226101454593,7.40075889106393,6.193359523089459,6.785174248572224,5.02924295363886,9.420881419197817
87.1071071071071,4.307963975277322,5.640861276837427,9.451879841497837,7.4019838480861715,6.195261240667909,6.780898850537791,5.02702426784552,9.418839577237595
87.2022022022022,4.308369392703707,5.63685056383651,9.453557748687272,7.403228005053631,6.197196808464094,6.776551641485106,5.024775401453488,9.416765364188489
87.29729729729729,4.3087797140866355,5.6327844941585905,9.45525592947081,7.404488410463824,6.199161446901458,6.7721431472948845,5.022501460689869,9.414663714092836
87.39239239239238,4.309193994027741,5.628672721617506,9.456970490296355,7.405762112814274,6.201150376403449,6.767683893847836,5.020207551781765,9.412539560992974
87.48748748748748,4.3096112871286545,5.6245249000270965,9.458697537611817,7.407046160602497,6.203158817393512,6.763184407024664,5.017898780956276,9.410397838931237
87.58258258258257,4.310030647991008,5.6203506832012025,9.460433177865102,7.408337602326013,6.205181990295092,6.758655212706086,5.015580254440512,9.408243481949965
87.67767767767768,4.31045113121643,5.616159724953665,9.462173517504121,7.409633486482342,6.207215115531635,6.754106836772805,5.01325707846157,9.406081424091491
87.77277277277277,4.310871791406557,5.611961679098322,9.463914662976784,7.410930861569004,6.209253413526583,6.74954980510554,5.010934359246556,9.40391659939815
87.86786786786786,4.311291683163014,5.607766199449015,9.465652720730994,7.41222677608352,6.2112921047033876,6.744994643584993,5.008617203022574,9.401753941912286
87.96296296296296,4.311709861087437,5.603582939819582,9.46738379721466,7.413518278523404,6.213326409485489,6.740451878091877,5.006310716016726,9.39959838567623
88.05805805805805,4.312125379781456,5.599421554023865,9.469103998875694,7.414802417386179,6.215351548296338,6.735932034506901,5.004020004456114,9.39745486473232
88.15315315315314,4.312537293846703,5.595291695875704,9.470809432162,7.416076241169364,6.217362741559375,6.7314456387107775,5.001750174567845,9.395328313122896
88.24824824824825,4.312944657884808,5.5912030191889395,9.472496203521489,7.4173367983704805,6.219355209698048,6.7270032165842135,4.999506332579018,9.393223664890288
88.34334334334334,4.313346526497402,5.587165177777409,9.474160419402066,7.418581137487043,6.2213241731358035,6.722615294007922,4.997293584716738,9.391145854076838
88.43843843843844,4.313741954286118,5.583187825454953,9.475798186251644,7.419806307016576,6.223264852296083,6.7182923968626085,4.995117037208107,9.38909981472488
88.53353353353353,4.314129995852587,5.579280616035413,9.477405610518128,7.421009355456594,6.225172467602336,6.714045051028989,4.9929817962802305,9.387090480876747
88.62862862862862,4.31450970579844,5.5754532033326285,9.478978798649424,7.422187331304621,6.227042239478007,6.709883782387769,4.99089296816021,9.385122786574785
88.72372372372372,4.314880138725308,5.571715241160438,9.480513857093444,7.423337283058173,6.228869388346542,6.7058191168196615,4.98885565907515,9.383201665861323
88.81881881881881,4.3152403492348235,5.5680763833326825,9.482006892298093,7.424456259214771,6.230649134631385,6.701861580205374,4.986874975252153,9.381332052778701
88.9139139139139,4.315589391928616,5.564546283663201,9.483454010711283,7.425541308271934,6.232376698755981,6.698021698425616,4.984956022918322,9.379518881369254
89.009009009009,4.31592632159574,5.561134594079657,9.484851319551879,7.42658947930732,6.234047302069342,6.694309995309218,4.983103907282314,9.377767084706988
89.1041041041041,4.316250481474758,5.5578480636356415,9.486196112565286,7.427598714245782,6.2356575903862375,6.690733836792639,4.981322166139435,9.376080105575884
89.1991991991992,4.3165620852106015,5.554684681861581,9.48748926388186,7.428569649209546,6.237208507896262,6.687291059762584,4.9796096075608585,9.374456889758143
89.29429429429429,4.316861509976318,5.551640792587328,9.488732320298892,7.429503426494752,6.238701806348714,6.683977710829929,4.977964151018046,9.3728955381591
89.38938938938938,4.317149132944956,5.54871273964273,9.489926828613674,7.430401188397543,6.240139237492895,6.6807898366055465,4.97638371598246,9.37139415168408
89.48448448448448,4.317425331289561,5.545896866857643,9.4910743356235,7.431264077214063,6.2415225530780996,6.677723483700312,4.974866221925565,9.369950831238425
89.57957957957957,4.317690482183179,5.543189518061916,9.492176388125658,7.432093235240454,6.242853504853627,6.674774698725103,4.973409588318821,9.368563677727467
89.67467467467466,4.317944962798859,5.540587037085401,9.493234532917445,7.432889804772862,6.244133844568777,6.671939528290788,4.972011734633696,9.36723079205654
89.76976976976977,4.318189150309647,5.53808576775795,9.494250316796148,7.4336549281074245,6.245365323972848,6.669214019008245,4.970670580341647,9.365950275130974
89.86486486486486,4.31842342188859,5.535682053909414,9.49522528655906,7.434389747540289,6.246549694815139,6.666594217488346,4.96938404491414,9.364720227856107
89.95995995995996,4.318648154708733,5.533372239369643,9.496160989003473,7.435095405367596,6.2476887088449455,6.664076170341968,4.968150047822637,9.36353875113727
90.05505505505505,4.318863725943125,5.531152667968491,9.497058970926679,7.435773043885488,6.248784117811569,6.661655924179984,4.966966508538604,9.362403945879798
90.15015015015014,4.319070512764811,5.529019683535807,9.497920779125971,7.436423805390111,6.249837673464306,6.659329525613268,4.965831346533501,9.361313912989022
90.24524524524524,4.319268892346839,5.526969629901446,9.498747960398637,7.437048832177602,6.2508511275524565,6.657093021252695,4.9647424812787895,9.360266753370281
90.34034034034033,4.3194592418622575,5.524998850895256,9.49954206154197,7.437649266544108,6.2518262318253175,6.654942457709137,4.963697832245936,9.359260567928906
90.43543543543542,4.319641938484109,5.523103690347089,9.500304629353264,7.438226250785772,6.252764738032187,6.652873881593475,4.962695318906401,9.358293457570229
90.53053053053053,4.3198173593854445,5.521280492086797,9.501037210629807,7.438780927198735,6.253668397922368,6.650883339516578,4.961732860731649,9.357363523199586
90.62562562562562,4.319985881739308,5.519525599944231,9.501741352168896,7.439314438079142,6.254538963245153,6.648966878089318,4.96080837719314,9.35646886572231
90.72072072072072,4.320147882718747,5.517835357749243,9.502418600767818,7.439827925723133,6.255378185749845,6.647120543922575,4.959919787762341,9.355607586043734
90.81581581581581,4.32030373949681,5.516206109331686,9.503070503223865,7.440322532426853,6.256187817185739,6.64534038362722,4.959065011910713,9.35477778506919
90.9109109109109,4.320453829246543,5.514634198521407,9.503698606334332,7.440799400486445,6.256969609302135,6.643622443814129,4.958241969109718,9.353977563704019
91.006006006006,4.320598529140991,5.513115969148261,9.504304456896508,7.441259672198047,6.257725313848332,6.641962771094175,4.95744857883082,9.353205022853547
91.1011011011011,4.320738216353202,5.511647765042102,9.504889601707683,7.44170448985781,6.258456682573627,6.640357412078232,4.956682760545482,9.352458263423108
91.19619619619618,4.320873268056224,5.5102259300327745,9.505455587565155,7.4421349957618705,6.25916546722732,6.638802413377176,4.955942433725167,9.351735386318044
91.29129129129129,4.321004061423102,5.508846807950135,9.50600396126621,7.4425523322063745,6.259853419558708,6.637293821601882,4.955225517841337,9.351034492443677
91.38638638638638,4.321130973626884,5.507506742624033,9.50653626960814,7.442957641487462,6.260522291317091,6.63582768336322,4.954529932365456,9.35035368270535
91.48148148148148,4.321254381840616,5.50620207788432,9.50705405938824,7.443352065901278,6.261173834251766,6.634400045272071,4.953853596768986,9.349691058008391
91.57657657657657,4.3213746632373455,5.5049291575608486,9.507558877403799,7.443736747743966,6.261809800112032,6.633006953939303,4.953194430523392,9.349044719258139
91.67167167167166,4.321492194990119,5.50368432548347,9.50805227045211,7.444112829311667,6.262431940647188,6.631644455975795,4.952550353100134,9.348412767359923
91.76676676676676,4.3216073542719835,5.502463925482035,9.508535785330462,7.444481452900523,6.263042007606533,6.630308597992418,4.951919283970676,9.347793303219076
91.86186186186185,4.321720518255987,5.501264301386395,9.50901096883615,7.444843760806679,6.263641752739364,6.628995426600047,4.951299142606483,9.347184427740935
91.95695695695696,4.321832064115173,5.500081797026402,9.509479367766465,7.445200895326278,6.26423292779498,6.627700988409558,4.9506878484790136,9.346584241830836
92.05205205205205,4.321942359640566,5.498912845934978,9.509942490571499,7.445553970577651,6.264817241862549,6.626421426834941,4.9500833728800595,9.345990893163549
92.14714714714714,4.322051598198788,5.4977555493452614,9.510401132775584,7.4459035768159225,6.265395610922372,6.625154684989733,4.9494846505106,9.345403398920386
92.24224224224224,4.322159819019504,5.496609482219067,9.510855459898245,7.44624984136395,6.265968250092984,6.623900296362535,4.948891467425937,9.344821544656199
92.33733733733733,4.322267056027294,5.495474270240946,9.511305615775527,7.446592875611409,6.266535350370689,6.622657849179417,4.94830363898324,9.344245142371687
92.43243243243242,4.3223733431467455,5.494349539095444,9.511751744243483,7.446932790947977,6.267097102751798,6.621426931666442,4.947720980539682,9.343674004067557
92.52752752752752,4.32247871430244,5.4932349144671155,9.512193989138156,7.447269698763323,6.267653698232616,6.6202071320496785,4.94714330745244,9.343107941744504
92.62262262262261,4.32258320341896,5.492130022040506,9.512632494295598,7.447603710447126,6.268205327809451,6.6189980385551905,4.946570435078685,9.34254676740323
92.71771771771772,4.322686844420891,5.491034487500165,9.513067403551851,7.44793493738906,6.268752182478608,6.617799239409047,4.946002178775592,9.341990293044438
92.81281281281281,4.322789671232815,5.489947936530641,9.513498860742965,7.4482634909788,6.269294453236396,6.616610322837311,4.945438353900333,9.341438330668824
92.9079079079079,4.322891717779317,5.488869994816487,9.513927009704988,7.448589482606019,6.269832331079122,6.6154308770660535,4.944878775810083,9.340890692277094
93.003003003003,4.32299301798498,5.487800288042249,9.514351994273968,7.448913023660392,6.270366007003092,6.6142604903213345,4.9443232598620135,9.340347189869947
93.09809809809809,4.323093605774388,5.486738441892477,9.51477395828595,7.449234225531597,6.270895672004616,6.6130987508292245,4.9437716214133,9.339807635448082
93.19319319319318,4.323193515072124,5.485684082051719,9.515193045576984,7.449553199609306,6.271421517079998,6.6119452468157895,4.943223675821116,9.339271841012204
93.28828828828829,4.323292779802772,5.484636834204527,9.515609399983115,7.449870057283192,6.271943733225546,6.610799566507095,4.942679238442635,9.338739618563007
93.38338338338338,4.323391433890915,5.483596324035448,9.516023165340393,7.4501849099429345,6.272462511437567,6.6096612981292076,4.942138124635029,9.338210780101196
93.47847847847848,4.323489511261138,5.482562177229033,9.516434485484861,7.4504978689782035,6.272978042712368,6.608530029908194,4.941600149755473,9.337685137627474
93.57357357357357,4.323587045838023,5.481534019469828,9.516843504252574,7.450809045778679,6.273490518046254,6.6074053500701195,4.9410651291611405,9.337162503142537
93.66866866866866,4.323684071546154,5.480511476442387,9.517250365479573,7.451118551734032,6.274000128435538,6.6062868468410505,4.940532878209206,9.33664268864709
93.76376376376376,4.323780622310116,5.479494173831254,9.517655213001909,7.451426498233937,6.274507064876521,6.605174108447054,4.9400032122568405,9.336125506141833
93.85885885885885,4.323876732054489,5.478481737320983,9.518058190655626,7.4517329966680705,6.2750115183655115,6.604066723114195,4.939475946661218,9.335610767627465
93.95395395395394,4.323972434703861,5.477473792596121,9.518459442276775,7.452038158426108,6.27551367989882,6.602964279068542,4.938950896779513,9.335098285104685
94.04904904904905,4.3240677641828125,5.4764699653412166,9.5188591117014,7.452342094897721,6.276013740472747,6.601866364536159,4.9384278779689,9.334587870574198
94.14414414414414,4.324162754415928,5.475469881240819,9.519257342765554,7.452644917472587,6.276511891083607,6.600772567743113,4.937906705586551,9.334079336036703
94.23923923923924,4.324257439327791,5.474473165979481,9.51965427930528,7.45294673754038,6.277008322727704,6.599682476915472,4.93738719498964,9.333572493492904
94.33433433433433,4.3243518528429865,5.473479445241747,9.520050065156624,7.453247666490774,6.277503226401341,6.598595680279298,4.936869161535342,9.333067154943494
94.42942942942942,4.324446028886096,5.472488344712169,9.520444844155637,7.453547815713446,6.27799679310083,6.597511766060663,4.936352420580827,9.332563132389183
94.52452452452452,4.324540001381704,5.471499490075296,9.520838760138366,7.4538472965980676,6.2784892138224775,6.596430322485627,4.935836787483272,9.332060237830664
94.61961961961961,4.324633804254395,5.470512507015676,9.521231956940856,7.454146220534318,6.27898067956259,6.595350937780264,4.935322077599849,9.33155828326864
94.7147147147147,4.324727471428751,5.469527021217859,9.521624578399159,7.454444698911866,6.279471381317473,6.594273200170633,4.934808106287733,9.331057080703815
94.8098098098098,4.324821036829357,5.468542658366394,9.522016768349317,7.454742843120392,6.279961510083436,6.593196697882804,4.934294688904093,9.330556442136889
94.9049049049049,4.324914534380794,5.4675590441458315,9.522408670627382,7.45504076454957,6.280451256856784,6.5921210191428425,4.933781640806108,9.330056179568558
95.0,4.325007998007649,5.466575804240719,9.522800429069397,7.45533857458907,6.280940812633824,6.5910457521768135,4.933268777350949,9.329556104999527
