Time_h,8_mM,4_mM,2_mM,1_mM,0.5_mM,0.25_mM,0.125_mM,0.062_mM
0.0,13.708427716094146,13.708427716094146,13.708427716094146,13.708427716094146,13.708427716094146,13.708427716094146,13.708427716094146,13.708427716094146
0.0960960960960961,13.70843120617637,13.708435157093296,13.708427713907238,13.70843152578357,13.708428984764595,13.708427672905668,13.708428036299042,13.708430114350206
0.1921921921921922,13.70844619894026,13.708466611601228,13.708427900941977,13.708447414215366,13.708434479365645,13.708427680993553,13.70842934854069,13.708440133078737
0.2882882882882883,13.708479478161664,13.70853577688364,13.708428567591573,13.708482070434814,13.708446732781834,13.708427946837778,13.708432180259534,13.708462008220264
0.3843843843843844,13.708537827616418,13.708656350206244,13.708430004249234,13.708542183487191,13.708468277897703,13.708428676918318,13.708437058896008,13.708499975715323
0.4804804804804805,13.70862803108037,13.70884202883475,13.708432501308154,13.708634442417777,13.708501647597807,13.70843007771515,13.708444511890566,13.70855827150444
0.5765765765765766,13.708756872329353,13.709106510034863,13.708436349161552,13.70876553627185,13.708549374766676,13.708432355708252,13.708455066683639,13.708641131528138
0.6726726726726726,13.70893113513921,13.709463491072288,13.708441838202617,13.708942154094695,13.708613992288864,13.708435717377599,13.708469250715677,13.708752791726958
0.7687687687687688,13.709157603285782,13.709926669212738,13.708449258824567,13.709170984931585,13.708698033048911,13.708440369203167,13.708487591427115,13.708897488041416
0.8648648648648649,13.70944306054491,13.710509741721918,13.708458901420597,13.709458717827804,13.708804029931358,13.708446517664935,13.7085106162584,13.709079456412047
0.960960960960961,13.70979429069243,13.711226405865537,13.70847105638392,13.709812041828629,13.70893451582075,13.708454369242872,13.708538852649966,13.709302932779377
1.057057057057057,13.710218077504194,13.7120903589093,13.708486014107738,13.71023764597934,13.709092023601633,13.708464130416964,13.708572828042264,13.709572153083938
1.1531531531531531,13.71072120475603,13.713115298118916,13.708504064985256,13.710742219325223,13.70927908615855,13.708476007667187,13.70861306987573,13.709891353266258
1.2492492492492493,13.711310456223785,13.714314920760092,13.708525499409674,13.711332450911545,13.709498236376039,13.708490207473512,13.708660105590809,13.71026476926686
1.3453453453453452,13.7119926156833,13.715702924098538,13.7085506077742,13.712015029783595,13.70975200713865,13.708506936315917,13.708714462627938,13.710696637026281
1.4414414414414414,13.712774466910412,13.717293005399961,13.708579680472043,13.712796644986646,13.710042931330923,13.708526400674382,13.708776668427564,13.711191192485048
1.5375375375375375,13.71366279368097,13.719098861930068,13.708613007896403,13.71368398556599,13.710373541837406,13.708548807028876,13.708847250430123,13.711752671583682
1.6336336336336337,13.714664379770806,13.721134190954562,13.70865088044049,13.71468374056689,13.710746371542637,13.708574361859382,13.708926736076062,13.71238531026272
1.7297297297297298,13.71578600895576,13.72341268973916,13.708693588497503,13.71580259903464,13.711163953331166,13.708603271645876,13.709015652805823,13.713093344462694
1.8258258258258258,13.717034465011682,13.725948055549564,13.70874142246065,13.717047250014508,13.71162882008753,13.708635742868335,13.70911452805984,13.71388101012412
1.921921921921922,13.718416531714404,13.728753985651482,13.70879467272313,13.718424382551781,13.712143504696272,13.70867198200673,13.709223889278563,13.714752543187537
2.018018018018018,13.71993899283977,13.73184417731062,13.708853629678158,13.719940685691734,13.712710540041945,13.708712195541043,13.709344263902432,13.71571217959347
2.114114114114114,13.721608632163617,13.73523232779269,13.70891858371893,13.721602848479652,13.71333245900908,13.708756589951248,13.709476179371888,13.716764155282446
2.21021021021021,13.723432233461793,13.738932134363397,13.708989825238657,13.72341755996081,13.71401179448223,13.708805371717325,13.709620163127367,13.717912706194996
2.3063063063063063,13.725416580510135,13.742957294288448,13.70906764463054,13.72539150918049,13.714751079345938,13.708858747319248,13.70977674260932,13.71916206827165
2.4024024024024024,13.727568457084482,13.747321504833558,13.709152332287783,13.727531385183969,13.71555284648474,13.708916923236991,13.709946445258185,13.720516477452934
2.4984984984984986,13.729894646960675,13.752038463264421,13.709244178603594,13.72984387701653,13.71641962878319,13.708980105950532,13.710129798514398,13.721980169679378
2.5945945945945947,13.73240193391456,13.757121866846756,13.709343473971177,13.732335673723448,13.717353959125822,13.709048501939852,13.710327329818412,13.723557380891513
2.6906906906906904,13.73509710172197,13.762585412846262,13.709450508783739,13.735013464350004,13.718358370397182,13.70912231768492,13.710539566610661,13.725252347029866
2.7867867867867866,13.737986934158746,13.768442798528657,13.709565573434478,13.737883937941481,13.719435395481817,13.70920175966572,13.710767036331587,13.72706930403496
2.8828828828828827,13.741078215000737,13.77470772115964,13.709688958316606,13.740953783543159,13.72058756726427,13.709287034362221,13.711010266421633,13.729012487847331
2.978978978978979,13.744377728023776,13.781393878004922,13.709820953823323,13.744229690200308,13.721817418629085,13.709378348254408,13.711269784321242,13.731086134407505
3.075075075075075,13.747892257003706,13.788514966330212,13.709961850347838,13.747718346958221,13.7231274824608,13.709475907822249,13.711546117470853,13.73329447965601
3.171171171171171,13.751628585716366,13.796084683401217,13.710111938283351,13.751426442862163,13.724520291643966,13.709579919545728,13.71183979331091,13.73564175953338
3.2672672672672673,13.755593497937602,13.80411672648364,13.710271508023073,13.755360666957428,13.725998379063121,13.709690589904817,13.712151339281853,13.738132209980137
3.3633633633633635,13.75979377744325,13.812624792843195,13.7104408499602,13.759527708289287,13.727564277602811,13.70980812537949,13.712481282824124,13.740770066936808
3.4594594594594597,13.764236208009152,13.821622579745585,13.710620254487946,13.76393425590302,13.729220520147578,13.709932732449731,13.712830151378167,13.74355956634393
3.5555555555555554,13.768927573411144,13.831123784456523,13.710810011999513,13.768586998843912,13.73096963958197,13.710064617595513,13.713198472384422,13.74650494414203
3.6516516516516515,13.773874657425075,13.84114210424171,13.7110104128881,13.773492626157235,13.732814168790524,13.710203987296806,13.713586773283328,13.749610436271627
3.7477477477477477,13.77908424382678,13.85169123636686,13.71122174754692,13.778657826888274,13.734756640657789,13.710351048033598,13.71399558151533,13.752880278673263
3.843843843843844,13.784563116392107,13.862784878097672,13.711444306369176,13.784089290082308,13.736799588068305,13.710506006285858,13.714425424520869,13.756318707287459
3.93993993993994,13.790318058896883,13.874436726699866,13.711678379748065,13.78979370478461,13.738945543906617,13.710669068533566,13.714876829740389,13.759929958054745
4.036036036036036,13.796355634582325,13.886660032009082,13.711924249397661,13.795777540790674,13.741196958772461,13.710840435367105,13.715350307203419,13.763718127983088
4.132132132132132,13.802672417287479,13.899447776936519,13.712181803898973,13.80203733669228,13.743552556068602,13.711020040600108,13.715845578289802,13.767681020949851
4.228228228228228,13.80925111984119,13.912764822585677,13.712450386332808,13.808555850825543,13.746005887445332,13.711207447874402,13.716361270071504,13.771807708663452
4.324324324324325,13.81607343407863,13.926573958624616,13.71272929959875,13.815314826481234,13.748550123604772,13.711402193565172,13.716895929014433,13.776086619625993
4.42042042042042,13.823121051834972,13.940837974721385,13.713017846596372,13.822296006950124,13.751178435249034,13.711603814047596,13.717448101584505,13.780506182339575
4.516516516516517,13.830375664945393,13.955519660544043,13.713315330225258,13.829481135522984,13.753883993080237,13.711811845696865,13.718016334247618,13.785054825306304
4.612612612612613,13.837818965245061,13.970581805760634,13.713621053384994,13.836851955490575,13.7566599678005,13.71202582488816,13.718599173469691,13.789720977028272
4.708708708708708,13.845432644569144,13.985987200039226,13.713934318975157,13.844390210143672,13.75949953011194,13.712245287996671,13.719195165716624,13.79449306600759
4.804804804804805,13.85319839475282,14.001698633047862,13.714254429895329,13.852077642773047,13.762395850716672,13.71246977139758,13.719802857454333,13.799359520746352
4.900900900900901,13.861097907631253,14.017678894454596,13.71458068904509,13.859895996669458,13.765342100316817,13.71269881146607,13.72042079514872,13.804308769746662
4.996996996996997,13.869112875039624,14.033890773927487,13.71491239932402,13.867827015123686,13.768331449614484,13.712931944577331,13.721047525265694,13.809329241510621
5.093093093093093,13.8772249888131,14.05029706113459,13.715248863631704,13.875852441426487,13.771357069311799,13.713168707106545,13.721681594271171,13.814409364540333
5.1891891891891895,13.885415940786853,14.06686054574395,13.715589384867721,13.883954018868641,13.774412130110877,13.713408635428895,13.72232154863105,13.819537567337898
5.285285285285285,13.893667422796053,14.083544017423627,13.715933265931657,13.892113490740915,13.777489802713827,13.713651265919575,13.72296593481125,13.824702278405413
5.381381381381381,13.901961126675872,14.100310265841678,13.716279809723087,13.900312600334075,13.780583257822782,13.71389613495376,13.723613299277664,13.829891926244986
5.4774774774774775,13.91027874426149,14.117122080666144,13.716628319141593,13.90853309093889,13.783685666139847,13.714142778906638,13.724262188496219,13.835094939358711
5.573573573573573,13.918601967388069,14.133942251565095,13.71697809708676,13.916756705846133,13.786790198367141,13.714390734153396,13.724911148932811,13.8402997462487
5.66966966966967,13.926912487890784,14.150733568206576,13.717328446458168,13.924965188346567,13.789890025206782,13.714639537069221,13.725558727053352,13.84549477541704
5.7657657657657655,13.935191997604809,14.167458820258641,13.717678670155395,13.933140281730966,13.792978317360891,13.71488872402929,13.726203469323755,13.850668455365845
5.861861861861862,13.943422188365309,14.184080797389345,13.718028071078026,13.941263729290092,13.796048245531578,13.715137831408796,13.72684392220992,13.855809214597208
5.957957957957958,13.951584752007465,14.200562289266744,13.718375952125644,13.949317274314726,13.799092980420966,13.715386395582923,13.727478632177762,13.860905481613239
6.054054054054054,13.959661997510944,14.216867344389343,13.718721638274351,13.957283278727067,13.802105923179061,13.715633966841281,13.728106195241757,13.865946077587893
6.15015015015015,13.967646992825847,14.232981957039259,13.719064839370782,13.965154889342358,13.805084492462422,13.715880338050242,13.72872607121999,13.870926669328407
6.246246246246246,13.975541944550946,14.248910762204748,13.719405592169837,13.972934413643074,13.80802951938988,13.716125508120417,13.729338453643633,13.875848738309687
6.342342342342342,13.983349349656141,14.264658987163264,13.719743943813597,13.980624450182466,13.810941943507746,13.716369482509242,13.729943559356839,13.880713950761708
6.438438438438438,13.991071705111343,14.280231859192282,13.720079941444133,13.988227597513786,13.813822704362327,13.716612266674169,13.730541605203761,13.885523972914438
6.534534534534535,13.998711507886465,14.29563460556927,13.72041363220352,13.995746454190272,13.816672741499936,13.71685386607265,13.73113280802856,13.890280470997848
6.63063063063063,14.006271254951407,14.310872453571694,13.720745063233839,14.003183618765181,13.819492994466879,13.71709428616213,13.731717384675385,13.894985111241912
6.726726726726727,14.013753443276084,14.325950630477022,13.721074281677161,14.010541689791744,13.822284402809458,13.717333532400044,13.732295551988392,13.899639559876602
6.822822822822823,14.021160569830396,14.340874363562724,13.721401334675559,14.017823265823228,13.825047906073994,13.717571610243857,13.732867526811734,13.904245483131888
6.918918918918919,14.028495131584256,14.35564888010627,13.721726269371118,14.025030945412867,13.827784443806786,13.717808525150998,13.733433525989568,13.908804547237747
7.015015015015015,14.035759625507572,14.370279407385125,13.722049132905905,14.032167327113912,13.830494955554146,13.718044282578928,13.733993766366048,13.913318418424147
7.111111111111111,14.04295654857025,14.384771172676757,13.722369972422003,14.039235009479608,13.83318038086238,13.718278887985086,13.734548464785329,13.917788762921063
7.207207207207207,14.0500883977422,14.399129403258643,13.722688835061483,14.046236591063204,13.835841659277804,13.718512346826921,13.735097838091562,13.922217246958462
7.303303303303303,14.057157669993323,14.413359326408237,13.723005767966423,14.05317467041795,13.83847973034672,13.718744664561882,13.735642103128903,13.926605536766324
7.3993993993994,14.064166862293536,14.427466169403013,13.723320818278898,14.060051846097089,13.841095533615434,13.718975846647414,13.73618147674151,13.930955298574615
7.495495495495495,14.071118471612742,14.441455159520444,13.723634033140982,14.066870716653861,13.843690008630258,13.719205898540961,13.736716175773529,13.93526819861331
7.591591591591592,14.078014994920855,14.455331524037994,13.723945459694754,14.073633880641529,13.846264094937505,13.719434825699977,13.737246417069121,13.939545903112382
7.687687687687688,14.08485892918777,14.469100490233137,13.724255145082287,14.080343936613327,13.848818732083473,13.7196626335819,13.737772417472444,13.943790078301799
7.783783783783783,14.091652771383409,14.48276728538333,13.724563136445662,14.087003483122507,13.851354859614485,13.719889327644186,13.738294393827644,13.94800239041154
7.87987987987988,14.09839901847767,14.49633713676605,13.724869480926946,14.093615118722314,13.853873417076834,13.720114913344275,13.738812562978877,13.95218450567157
7.975975975975976,14.105100167440462,14.509815271658761,13.725174225668225,14.100181441965997,13.856375344016838,13.720339396139616,13.739327141770302,13.956338090311865
8.072072072072071,14.111758715241699,14.523206917338932,13.725477417811563,14.1067050514068,13.858861579980802,13.720562781487654,13.73983834704607,13.960464810562396
8.168168168168169,14.118377158851281,14.53651730108404,13.725779104499047,14.113188545597977,13.86133306451504,13.720785074845843,13.740346395650338,13.964566332653133
8.264264264264265,14.124957995239123,14.549751650171538,13.726079332872745,14.119634523092767,13.863790737165854,13.721006281671619,13.740851504427257,13.968644322814056
8.36036036036036,14.13150372137513,14.562915191878906,13.726378150074742,14.12604558244442,13.866235537479554,13.721226407422439,13.741353890220982,13.972700447275127
8.456456456456456,14.138016834229209,14.576013153483608,13.726675603247104,14.132424322206186,13.868668405002452,13.721445457555745,13.74185376987567,13.976736372266323
8.552552552552552,14.144499830771268,14.589050762263106,13.72697173953191,14.138773340931305,13.871090279280851,13.72166343752898,13.742351360235475,13.980753764017622
8.64864864864865,14.150955207971217,14.60203324549488,13.727266606071236,14.145095237173031,13.873502099861062,13.721880352799598,13.74284687814455,13.984754288758989
8.744744744744745,14.157385462798958,14.614965830456397,13.727560250007159,14.151392609484606,13.875904806289396,13.722096208825047,13.743340540447047,13.98873961272039
8.84084084084084,14.163793092224406,14.627853744425115,13.727852718481756,14.157668056419281,13.87829933811216,13.722311011062763,13.743832563987123,13.992711402131814
8.936936936936936,14.170180593217466,14.64070221467851,13.7281440586371,14.163924176530301,13.88068663487566,13.722524764970204,13.744323165608934,13.99667132322322
9.033033033033034,14.176550534946298,14.65351660741239,13.72843432284602,14.170163634773147,13.88306766266669,13.722737480841685,13.744812566931722,14.000621083287173
9.12912912912913,14.182909510533506,14.666310031406399,13.728723855016334,14.176392797017678,13.885444866800203,13.722949438553592,13.745301255713366,14.00456467823083
9.225225225225225,14.189270179328378,14.679107267607394,13.729013438553196,14.1826236083683,13.887822922570022,13.723161324385009,13.745790120923349,14.008509554113491
9.32132132132132,14.19564570303038,14.691934063545792,13.729303893256963,14.188868475951288,13.8902066899367,13.723373858269628,13.746280084755897,14.01246344270492
9.417417417417417,14.202049243338962,14.70481616675201,13.729596038928008,14.195139806892923,13.8926010288608,13.723587760141134,13.746772069405221,14.016434075774885
9.513513513513514,14.208493961953586,14.717779324756469,13.729890695366691,14.201450008319473,13.895010799302868,13.72380374993322,13.747266997065541,14.020429185093153
9.60960960960961,14.214993020573704,14.730849285089587,13.73018868237338,14.207811487357219,13.897440861223465,13.724022547579573,13.747765789931076,14.024456502429494
9.705705705705705,14.221559580898779,14.744051795281784,13.730490819748425,14.214236651132433,13.899896074583134,13.72424487301388,13.748269370196041,14.028523759553668
9.801801801801801,14.228206804628268,14.757412602863479,13.7307979272922,14.220737906771392,13.902381299342442,13.724471446169828,13.748778660054656,14.032638688235446
9.897897897897899,14.23494785346163,14.77095745536509,13.731110824805063,14.227327661400366,13.904901395461945,13.724702986981113,13.749294581701136,14.036809020244597
9.993993993993994,14.241795889098318,14.784712100317037,13.73143033208738,14.234018322145637,13.907461222902185,13.72494021538142,13.7498180573297,14.041042487350888
10.09009009009009,14.24876407323779,14.79870228524974,13.731757268939509,14.240822296133476,13.910065641623726,13.725183851304434,13.75035000913456,14.045346821324081
10.186186186186186,14.255865567579507,14.81295375769362,13.732092455161817,14.247751990490162,13.912719511587119,13.725434614683849,13.750891359309941,14.049729753933946
10.282282282282281,14.263113533822924,14.827492265179087,13.73243671055467,14.254819812341967,13.915427692752925,13.72569322545335,13.751443030050057,14.054199016950253
10.378378378378379,14.270521133667499,14.842343555236571,13.732790854918425,14.262038168815169,13.91819504508169,13.725960403546633,13.752005943549122,14.058762342142764
10.474474474474475,14.27810152881269,14.857533375396487,13.733155708053445,14.269419467036041,13.921026428533972,13.726236868897375,13.752581022001362,14.063427461281247
10.57057057057057,14.285867880957953,14.873087473189253,13.733532089760098,14.276976114130854,13.923926703070327,13.726523341439275,13.753169187600989,14.068202106135471
10.666666666666666,14.293833351802748,14.889031596145285,13.73392081983874,14.284720517225896,13.92690072865131,13.726820541106017,13.753771362542217,14.073094008475206
10.762762762762762,14.302011103046533,14.905391491795013,13.734322718089743,14.292665083447426,13.929953365237473,13.727129187831292,13.754388469019268,14.078110900070213
10.85885885885886,14.310414296388762,14.922192907668846,13.734738604313462,14.30082221992173,13.933089472789373,13.727450001548785,13.75502142922636,14.083260512690263
10.954954954954955,14.319056093528895,14.939461591297206,13.735169298310263,14.309204333775083,13.936313911267566,13.727783702192193,13.755671165357708,14.088550578105115
11.05105105105105,14.32794965616639,14.957223290210514,13.735615619880512,14.317823832133753,13.939631540632602,13.728131009695193,13.756338599607531,14.093988828084553
11.147147147147146,14.337108146000704,14.975503751939186,13.736078388824568,14.326693122124023,13.94304722084504,13.728492643991483,13.757024654170044,14.099582994398324
11.243243243243244,14.346544724731295,14.994328724013645,13.73655842494279,14.335824610872166,13.94656581186543,13.728869325014747,13.757730251239467,14.105340808816209
11.33933933933934,14.356272554057615,15.013723953964305,13.73705654803555,14.345230705504456,13.95019217365433,13.729261772698678,13.758456313010017,14.111270003107968
11.435435435435435,14.366304795679131,15.033715189321592,13.737573577903209,14.354923813147163,13.953931166172293,13.729670706976963,13.75920376167591,14.117378309043374
11.531531531531531,14.376654611295292,15.054328177615917,13.738110334346121,14.364916340926573,13.957787649379878,13.730096847783289,13.759973519431364,14.123673458392188
11.627627627627627,14.387335162605563,15.075588666377705,13.738667637164664,14.375220695968954,13.961766483237636,13.730540915051343,13.760766508470596,14.130163182924182
11.723723723723724,14.398359611309397,15.097522403137376,13.739246306159187,14.385849285400582,13.965872527706122,13.731003628714818,13.761583650987827,14.136855214409117
11.81981981981982,14.40974111910625,15.120155135425343,13.739847161130058,14.396814516347739,13.970110642745889,13.731485708707403,13.76242586917727,14.143757284616768
11.915915915915916,14.421492847695582,15.143512610772031,13.740471021877642,14.408128795936687,13.974485688317495,13.731987874962787,13.763294085233142,14.150877125316896
12.012012012012011,14.433627940904678,15.167620541550397,13.741118707149507,14.419804514313729,13.979002517769286,13.732510846514545,13.764189220073606,14.158222457662479
12.108108108108109,14.446146585232796,15.19247915097771,13.74179027241446,14.431841751134844,13.983661190599333,13.73305468981637,13.765111269476177,14.165793305634732
12.204204204204204,14.45901316920953,15.218018241886588,13.742483664386404,14.444206575142815,13.988448522054531,13.73361766840127,13.766057673278059,14.17356842778721
12.3003003003003,14.472185951207909,15.244155558102197,13.74319646866941,14.45685923094503,13.993349059394678,13.734197737064438,13.767025433629238,14.18152294111496
12.396396396396396,14.485623189600949,15.27080884344969,13.743926270867568,14.469759963148848,13.998347349879575,13.73479285060108,13.768011552679681,14.189631962613038
12.492492492492492,14.499283142761685,15.297895841754242,13.744670656584956,14.48286901636166,14.003427940769017,13.735400963806402,13.769013032579384,14.197870609276492
12.588588588588589,14.513124069063139,15.325334296841012,13.745427211425651,14.49614663519082,14.008575379322805,13.736020031475608,13.770026875478306,14.206213998100376
12.684684684684685,14.527104226878333,15.353041952535165,13.74619352099374,14.509553064243724,14.013774212800739,13.736648008403899,13.77105008352644,14.214637246079734
12.78078078078078,14.541181874580294,15.380936552661861,13.74696717089331,14.523048548127734,14.01900898846261,13.737282849386476,13.772079658873757,14.223115470209624
12.876876876876876,14.55531527054205,15.408935841046272,13.747745746728434,14.536593331450225,14.024264253568228,13.737922509218548,13.773112603670237,14.231623787485093
12.972972972972974,14.569462673136627,15.436957561513559,13.7485268341032,14.550147658818583,14.029524555377385,13.73856494269532,13.77414592006586,14.24013731490119
13.06906906906907,14.583582340737046,15.464919457888882,13.749308018621683,14.56367177484017,14.034774441149878,13.739208104611986,13.775176610210604,14.248631169452969
13.165165165165165,14.597632531716338,15.492739273997403,13.750086885887972,14.577125924122363,14.039998458145508,13.73984994976376,13.776201676254452,14.257080468135483
13.26126126126126,14.611571504447522,15.520334753664292,13.750861021506145,14.590470351272543,14.045181153624075,13.740488432945842,13.777218120347372,14.26546032794378
13.357357357357357,14.62535751730363,15.547623640714708,13.75162801108028,14.603665300898077,14.050307074845382,13.741121508953432,13.778222944639351,14.273745865872911
13.453453453453454,14.63894882865768,15.574523678973817,13.752385440214471,14.616671017606345,14.055360769069214,13.741747132581741,13.779213151280365,14.281912198917926
13.54954954954955,14.65230369688271,15.600952612266783,13.753130894512788,14.62944774600472,14.06032678355538,13.742363258625964,13.780185742420393,14.289934444073873
13.645645645645645,14.665380380351731,15.626828184418773,13.753861959579316,14.641955730700577,14.065189665563677,13.742967841881311,13.78113772020941,14.297787718335812
13.741741741741741,14.678137137437778,15.652068139254943,13.754576221018144,14.654155216301291,14.069933962353904,13.743558837142986,13.782066086797402,14.305447138698785
13.837837837837839,14.69053222651387,15.676590220600467,13.755271264433347,14.666006447414235,14.074544221185855,13.744134199206187,13.78296784433434,14.31288782215785
13.933933933933934,14.702523905953038,15.700312172280498,13.755944675429005,14.677469668646786,14.079004989319335,13.744691882866123,13.783839994970206,14.320084885708049
14.03003003003003,14.714070805637618,15.723152465627043,13.75659406205897,14.688505476518603,14.0833009503707,13.745229862671144,13.784679566990924,14.327013665274855
14.126126126126126,14.725157593794835,15.745080561471436,13.757218605836286,14.699099132377839,14.087426344914903,13.745747497628425,13.785485420498464,14.333664841178706
14.222222222222221,14.735811614669956,15.76614949081061,13.757820067123513,14.70927632244104,14.09139107707769,13.746246415829045,13.78625941788298,14.340054242714755
14.318318318318319,14.746064168339446,15.786420031134323,13.758400445328329,14.719066480086818,14.095206502909457,13.746728455695639,13.78700369983014,14.346200030349223
14.414414414414415,14.75594655487975,15.80595295993234,13.758961739858396,14.728499038693768,14.0988839784606,13.747195455650834,13.787720407025637,14.352120364548323
14.51051051051051,14.76549007436734,15.824809054694416,13.75950595012139,14.737603431640503,14.102434859781518,13.747649254117267,13.788411680155138,14.357833405778278
14.606606606606606,14.774726026878668,15.843049092910299,13.760035075524971,14.746409092305626,14.105870502922613,13.748091689517564,13.789079659904335,14.3633573145053
14.702702702702702,14.783685712490193,15.860733852069764,13.760551115476824,14.75494545406774,14.109202263934273,13.74852460027435,13.789726486958898,14.36871025119561
14.7987987987988,14.792400431278374,15.877924109662555,13.761056069384608,14.763241950305448,14.1124414988669,13.74894982481027,13.790354302004513,14.373910376315424
14.894894894894895,14.800901483319667,15.894680643178432,13.761551936656,14.771328014397355,14.115599563770898,13.749369201547939,13.790965245726856,14.378975850330967
14.99099099099099,14.809220168690532,15.911064230107163,13.762040716698667,14.779233079722069,14.118687814696651,13.749784568909998,13.791561458811607,14.38392483370845
15.087087087087086,14.817387787467426,15.927135647938496,13.762524408920276,14.786986579658187,14.12171760769457,13.750197765319076,13.792145081944449,14.388775486914094
15.183183183183184,14.825435639726809,15.942955674162196,13.763005012728502,14.794617947584321,14.124700298815041,13.750610629197798,13.79271825581106,14.39354597041411
15.27927927927928,14.83339502554514,15.958585086268007,13.76348452753102,14.802156616879076,14.127647244108468,13.751024998968802,13.793283121097117,14.398254444674727
15.375375375375375,14.841297244998874,15.974084661745708,13.763964952735488,14.809632020921045,14.130569799625247,13.751442713054718,13.7938418184883,14.40291907016215
15.471471471471471,14.84917359816447,15.989515178085039,13.764448287749588,14.817073593088848,14.133479321415777,13.75186560987817,13.794396488670296,14.407558007342613
15.567567567567567,14.85705538511839,16.00493741277577,13.764936531980979,14.82451076676108,14.13638716553045,13.752295527861797,13.794949272328779,14.412189416682326
15.663663663663664,14.864973905937088,16.020412143307656,13.765431684837342,14.831972975316344,14.139304688019669,13.752734305428222,13.795502310149427,14.4168314586475
15.75975975975976,14.872960460697024,16.036000147170448,13.76593574572634,14.839489652133247,14.142243244933827,13.753183781000079,13.796057742817924,14.421502293704364
15.855855855855856,14.881046349474659,16.051762201853915,13.766450714055647,14.847090230590398,14.145214192323326,13.753645793000002,13.796617711019948,14.42622008231913
15.951951951951951,14.889262872346443,16.067759084847804,13.76697858923293,14.854804144066394,14.148228886238561,13.754122179850615,13.79718435544118,14.431002984958017
16.04804804804805,14.897641329388838,16.084051573641883,13.767521370665866,14.862660825939844,14.151298682729932,13.754614779974553,13.797759816767297,14.43586916208724
16.144144144144143,14.90621302067831,16.100700445725902,13.768081057762116,14.870689709589351,14.154434937847832,13.755125431794447,13.798346235683978,14.440836774173027
16.24024024024024,14.915009246291309,16.117766478589623,13.76865964992936,14.878920228393522,14.157649007642659,13.755655973732928,13.798945752876907,14.445923981681585
16.336336336336338,14.924061306304296,16.135310449722805,13.769259146575259,14.887381815730954,14.160952248164815,13.756208244212626,13.79956050903176,14.451148945079135
16.43243243243243,14.933400500793729,16.1533931366152,13.769881547107488,14.896103904980256,14.16435601546469,13.756784081656164,13.800192644834222,14.456529824831899
16.52852852852853,14.943058129836063,16.172075316756573,13.770528850933717,14.905115929520035,14.167871665592688,13.757385324486185,13.800844300969967,14.462084781406093
16.624624624624623,14.953065493507761,16.191417767636686,13.771203057461618,14.914447322728893,14.171510554599204,13.758013811125313,13.801517618124675,14.46783197526793
16.72072072072072,14.963453891885276,16.21148126674528,13.771906166098852,14.924127517985431,14.175284038534636,13.75867137999618,13.80221473698403,14.473789566883632
16.816816816816818,14.974254625045075,16.232326591572132,13.7726401762531,14.934185948668263,14.17920347344938,13.759359869521415,13.80293779823371,14.479975716719418
16.912912912912912,14.98549899306361,16.254014519606987,13.773407087332036,14.944652048155985,14.183280215393834,13.760081118123654,13.803688942559395,14.486408585241506
17.00900900900901,14.997218285021324,16.276605807143397,13.77420889800004,14.955555239574526,14.1875256164534,13.76083696352272,13.804470309913498,14.49310632662551
17.105105105105103,15.009426372722585,16.300127636457383,13.77504642960479,14.96690870619105,14.191944748306135,13.761628130230541,13.805282878786807,14.500077130966051
17.2012012012012,15.02208441838357,16.3245055853819,13.775916940601569,14.978676484881317,14.196523676346734,13.762451973878015,13.80612411275973,14.507299034239349
17.2972972972973,15.03514365156336,16.349646085288533,13.776817018050009,14.990813351316998,14.201244884403389,13.763305215260138,13.806990813058809,14.514744390143886
17.393393393393392,15.048555301821025,16.375455567548862,13.777743249009749,15.003274081169756,14.206090856304293,13.764184575171894,13.807879780910595,14.52238555237815
17.48948948948949,15.062270598715655,16.401840463534477,13.778692220540428,15.01601345011126,14.211044075877638,13.76508677440827,13.808787817541626,14.530194874640634
17.585585585585587,15.076240771806315,16.428707204616956,13.77966051970167,15.028986233813175,14.216087026951616,13.766008533764252,13.809711724178452,14.538144710629822
17.68168168168168,15.090417050652086,16.455962222167887,13.780644733553121,15.04214720794717,14.221202193354415,13.766946574034833,13.810648302047612,14.54620741404421
17.77777777777778,15.104750664812046,16.483511947558853,13.781641449154414,15.055451148184915,14.226372058914233,13.767897616014995,13.811594352375655,14.554355338582281
17.873873873873872,15.119192843845278,16.51126281216144,13.782647253565179,15.068852830198075,14.231579107459257,13.768858380499733,13.812546676389124,14.562560837942524
17.96996996996997,15.13369481731085,16.539121247347236,13.783658733845062,15.082307029658324,14.236805822817681,13.769825588284029,13.81350207531456,14.570796265823427
18.066066066066067,15.148207814767838,16.56699368448782,13.784672477053686,15.095768522237321,14.242034688817693,13.770795960162872,13.814457350378511,14.579033975923487
18.16216216216216,15.162683065775326,16.594786554954776,13.785685070250695,15.109192083606738,14.24724818928749,13.77176621693125,13.815409302807527,14.587246321941185
18.25825825825826,15.177071799892392,16.62240629011969,13.78669310049572,15.122532489438234,14.252428808055257,13.772733079384153,13.816354733828144,14.595405657575014
18.354354354354353,15.191325246678106,16.649759321354153,13.787693154848398,15.13574451540349,14.257559028949196,13.773693268316562,13.817290444666908,14.60348433652346
18.45045045045045,15.205394635691553,16.67675208002974,13.788681820368371,15.148782937174168,14.262621335797487,13.774643504523471,13.818213236550363,14.611454712485012
18.546546546546548,15.219231196491803,16.70329099751804,13.78965568411526,15.161602530421932,14.26759821242833,13.775580508799868,13.81911991070506,14.619289139158164
18.64264264264264,15.232786158637937,16.729282505190636,13.79061133314871,15.174158070818455,14.272472142669917,13.776501001940735,13.820007268357534,14.6269599702414
18.73873873873874,15.246010751689035,16.754633034419108,13.791545354528356,15.186404334035403,14.277225610350436,13.777401704741068,13.820872110734337,14.63443955943321
18.834834834834833,15.258856205204163,16.779249016575047,13.792454335313833,15.19829609574444,14.281841099298076,13.778279337995844,13.821711239062012,14.641700260432083
18.93093093093093,15.271273748742411,16.803036883030043,13.793334862564777,15.209788131617236,14.286301093341036,13.779130622500062,13.822521454567099,14.648714426936507
19.027027027027028,15.283214907187043,16.825903626870137,13.794183544810194,15.220835489561013,14.290588180634678,13.779952300287507,13.82329957726445,14.655454577683557
19.123123123123122,15.294657944616338,16.84780709984199,13.794998934455624,15.231417866190588,14.2946943953083,13.780743036392021,13.824044128296581,14.661908174307209
19.21921921921922,15.30562880922991,16.868795850160133,13.79578305042998,15.24155891426688,14.298628616537115,13.781504925141741,13.824756662434245,14.66808932617365
19.315315315315313,15.316158378184044,16.8889278010459,13.796538269985714,15.251286830158506,14.3024014647154,13.782240415340071,13.825439048024773,14.6740148971408
19.41141141141141,15.326277528635035,16.908260875720625,13.797266970375277,15.260629810234077,14.306023560237435,13.782951955790434,13.826093153415478,14.679701751066585
19.50750750750751,15.336017137739166,16.926852997405632,13.797971528851136,15.2696160508622,14.309505523497496,13.783641995296241,13.826720846953682,14.685166751808914
19.603603603603602,15.345408082652737,16.94476208932226,13.79865432266574,15.278273748411497,14.312857974889864,13.784312982660914,13.827323996986706,14.690426763225723
19.6996996996997,15.354481240532028,16.962046074691838,13.799317729071545,15.286631099250563,14.31609153480882,13.784967366687868,13.827904471861869,14.69549864917492
19.795795795795797,15.363267488533333,16.978762876735694,13.799964125321008,15.294716299748027,14.319216823648636,13.78560759618051,13.828464139926483,14.700399273514432
19.89189189189189,15.371797703812943,16.994970418675166,13.800595888666583,15.302557546272489,14.322244461803596,13.786236119942263,13.829004869527871,14.705145500102173
19.98798798798799,15.380102763527145,17.010726623731586,13.801215396360728,15.310183035192557,14.325185069667977,13.786855386776548,13.829528529013357,14.709754192796066
20.084084084084083,15.38821354483223,17.02608941512628,13.801825025655898,15.317620962876855,14.328049267636061,13.787467845486773,13.830036986730256,14.714242215454036
20.18018018018018,15.396160924884486,17.04111671608058,13.802427153804544,15.324899525693986,14.33084767610212,13.788075944876354,13.830532111025889,14.718626431933995
20.276276276276278,15.403975780840206,17.05586644981582,13.803024158059133,15.332046920012562,14.333590915460443,13.788682133748715,13.831015770247573,14.722923706093871
20.37237237237237,15.41168898985568,17.070396539553336,13.803618415672108,15.3390913422012,14.336289606105304,13.789288860907261,13.831489832742626,14.72715090179158
20.46846846846847,15.419331429087194,17.08476490851445,13.804212303895932,15.346060988628507,14.338954368430981,13.789898575155416,13.831956166858372,14.731324882885044
20.564564564564563,15.42693397569104,17.0990294799205,13.804808199983063,15.352984055663093,14.341595822831755,13.790513725296593,13.832416640942125,14.735462513232184
20.66066066066066,15.434527506823507,17.11324817699282,13.80540848118595,15.359888739673568,14.344224589701899,13.79113676013421,13.832873123341205,14.739580656690915
20.756756756756758,15.442142899640887,17.127478922952733,13.80601552475705,15.366803237028554,14.346851289435698,13.791770128471677,13.833327482402936,14.743696177119164
20.852852852852852,15.449811031299465,17.14177964102157,13.80663170794882,15.373755744096652,14.349486542427424,13.792416279112416,13.83378158647463,14.747825938374849
20.94894894894895,15.457562778955536,17.15620825442068,13.807259408013723,15.380774457246474,14.35214096907137,13.793077660859844,13.834237303903613,14.751986804315893
21.045045045045043,15.46542901976539,17.170822686371373,13.807901002204199,15.387887572846633,14.354825189761799,13.793756722517372,13.834696503037197,14.756195638800207
21.14114114114114,15.47344063088531,17.185680860094994,13.80855886777272,15.395123287265744,14.357549824893,13.79445591288842,13.835161052222707,14.760469305685719
21.237237237237238,15.481628489471595,17.200840698812875,13.80923538197173,15.402509796872415,14.360325494859245,13.7951776807764,13.835632819807465,14.76482466883035
21.333333333333332,15.490023472680523,17.216360125746338,13.809932922053688,15.410075298035258,14.36316282005482,13.795924474984734,13.836113674138778,14.769278592092016
21.42942942942943,15.498656457668394,17.23229706411672,13.810653865271055,15.417847987122885,14.366072420873998,13.796698744316831,13.836605483563973,14.773847939328638
21.525525525525524,15.507558321591496,17.248709437145358,13.81140058887628,15.425856060503904,14.36906491771106,13.797502937576112,13.837110116430374,14.778549574398141
21.62162162162162,15.516759941606118,17.265655168053573,13.81217547012182,15.434127714546934,14.372150930960292,13.79833950356599,13.837629441085289,14.783400361158444
21.71771771771772,15.526292194868546,17.283192180062702,13.812980886260135,15.442691145620579,14.37534108101596,13.799210891089883,13.838165325876044,14.78841716346746
21.813813813813812,15.536185958535073,17.301378396394078,13.813819214543678,15.45157455009345,14.378645988272352,13.800119548951207,13.83871963914996,14.793616845183116
21.90990990990991,15.546472109761991,17.320271740269032,13.814692832224903,15.460806124334164,14.38207627312374,13.801067925953376,13.839294249254353,14.799016270163328
22.006006006006007,15.55718152285338,17.339930129596397,13.81560411632835,15.470414062119056,14.385642554990746,13.802058470659793,13.839891024368614,14.804632300730619
22.1021021021021,15.568331070609839,17.360385403213535,13.816554325040931,15.480413831742123,14.389350673577786,13.803092453402424,13.840511008341357,14.810474261885268
22.1981981981982,15.579891160463694,17.381582853990633,13.817541003576665,15.490778670730881,14.393190606630329,13.804167234436193,13.841152509398242,14.816526465281427
22.294294294294293,15.591822573635355,17.403449845104173,13.818560927934453,15.501473067681712,14.397149045778107,13.805279363966905,13.84181326902702,14.822768040568246
22.39039039039039,15.604086091345234,17.425913739730685,13.819610874113202,15.512461511191,14.401212682650849,13.806425392200367,13.842491028715449,14.829178117394887
22.486486486486488,15.616642494813746,17.448901901046664,13.82068761811182,15.523708489855142,14.405368208878286,13.807601869342387,13.84318352995127,14.8357358254105
22.58258258258258,15.629452565261301,17.47234169222863,13.821787935929205,15.535178492270518,14.409602316090142,13.808805345598769,13.843888514222241,14.842420294264247
22.67867867867868,15.642477083908323,17.496160476453078,13.822908603564269,15.546836007033521,14.413901695916156,13.810032371175327,13.844603723016114,14.849210653605278
22.774774774774773,15.65567683197522,17.52028561689652,13.824046397015907,15.55864552274054,14.418253039986052,13.811279496277862,13.845326897820637,14.856086033082756
22.87087087087087,15.66901259068241,17.544644476735467,13.825198092283031,15.570571527987953,14.422643039929564,13.812543271112181,13.846055780123564,14.863025562345822
22.966966966966968,15.682445141250303,17.56916441914643,13.826360465364543,15.582578511372155,14.427058387376418,13.8138202458841,13.846788111412645,14.870008371043648
23.063063063063062,15.695935264899314,17.593772807305907,13.827530292259349,15.59463096148953,14.431485773956346,13.815106970799418,13.847521633175633,14.877013588825383
23.15915915915916,15.709443742849864,17.618397004390413,13.828704348966351,15.606693366936472,14.43591189129908,13.816399996063952,13.848254086900278,14.884020345340183
23.255255255255253,15.72293135632236,17.642964373576458,13.829879411484452,15.618730216309363,14.440323431034347,13.817695871883497,13.848983214074329,14.891007770237202
23.35135135135135,15.736358886537213,17.667402278040544,13.831052255812558,15.630705998204586,14.44470708479188,13.818991148463866,13.849706756185537,14.8979549931656
23.44744744744745,15.749687114714849,17.691638080959187,13.83221965794958,15.64258520121854,14.449049544201403,13.820282376010868,13.850422454721661,14.904841143774528
23.543543543543542,15.762876822075672,17.715599145508893,13.83337839389441,15.654332313947602,14.45333750089266,13.821566104730312,13.851128051170441,14.911645351713144
23.63963963963964,15.775888789840106,17.739212834866162,13.834525239645961,15.665911824988171,14.457557646495367,13.822838884827998,13.85182128701964,14.918346746630606
23.735735735735737,15.78868379922856,17.76240651220751,13.83565697120314,15.677288222936625,14.461696672639254,13.824097266509744,13.852499903757002,14.92492445817607
23.83183183183183,15.801222631461446,17.78510754070944,13.836770364564844,15.688425996389356,14.46574127095406,13.825337799981346,13.853161642870282,14.931357615998683
23.92792792792793,15.81346606775918,17.807243283548466,13.837862195729977,15.699289633942747,14.469678133069513,13.826557035448623,13.853804245847224,14.937625349747613
24.024024024024023,15.825375022781932,17.8287413526938,13.838929251419025,15.709843745690872,14.473493996583182,13.827751534427183,13.854425462045663,14.943706860838745
24.12012012012012,15.836926557400322,17.84955946403246,13.839969615662776,15.720067642947228,14.477181161201692,13.828919226919767,13.855023993102758,14.949590034463261
24.216216216216218,15.848129090827564,17.86971379973808,13.84098389206166,15.7299691889804,14.480742729074853,13.830060700734666,13.855600390123787,14.955279620995759
24.31231231231231,15.858994645150279,17.88922725938744,13.841972973698569,15.739559527496372,14.484183043484256,13.831176849045073,13.856155416706104,14.960782308512744
24.40840840840841,15.869535242455093,17.908122742557335,13.842937753656386,15.748849802201123,14.487506447711478,13.832268565024169,13.856689836447075,14.966104785090739
24.504504504504503,15.87976290482863,17.926423148824533,13.843879125018013,15.757851156800633,14.49071728503811,13.833336741845145,13.857204412944057,14.97125373880625
24.6006006006006,15.889689654357506,17.944151377765827,13.844797980866339,15.76657473500089,14.493819898745732,13.83438227268119,13.857699909794412,14.976235857735798
24.696696696696698,15.89932751312835,17.961330328958,13.845695214284257,15.775031680507873,14.496818632115932,13.835406050705485,13.8581770905955,14.981057829955896
24.792792792792792,15.908688503227783,17.977982901977825,13.84657171835466,15.783233137027555,14.499717828430297,13.836408969091224,13.858636718944679,14.985726343543057
24.88888888888889,15.917784646742431,17.99413199640209,13.847428386160438,15.791190248265929,14.502521830970405,13.83739192101159,13.85907955843931,14.990248086573798
24.984984984984983,15.926627965758913,18.00980051180759,13.848266110784488,15.798914157928968,14.505234983017848,13.838355799639777,13.859506372676755,14.994629747124627
25.08108108108108,15.935230482363854,18.025011347771088,13.849085785309695,15.806416009722657,14.507861627854204,13.839301498148963,13.859917925254372,14.998878013272066
25.177177177177178,15.943604218643875,18.039787403869376,13.849888302818961,15.813706947352973,14.510406108761059,13.840229909712342,13.860314979769523,15.002999573092628
25.273273273273272,15.951761196685599,18.05415157967924,13.850674556395164,15.820798114525903,14.512872769020003,13.8411419275031,13.860698299819562,15.007001114662827
25.36936936936937,15.959713438575648,18.06812677477746,13.85144543912121,15.827700654947424,14.515265951912614,13.842038444694428,13.86106864900186,15.010889326059178
25.465465465465464,15.967472966400647,18.08173588874082,13.852201844079987,15.834425712323524,14.517590000720482,13.842920354459503,13.861426790913766,15.014670895358192
25.56156156156156,15.97505180224722,18.095001821146102,13.852944664354382,15.840984430360173,14.51984925872519,13.843788549971523,13.861773489152645,15.018352510636385
25.65765765765766,15.982461968201985,18.107947471570085,13.853674793027295,15.847387952763365,14.52204806920832,13.844643924403677,13.862109507315857,15.021940859970274
25.753753753753752,15.98971548635157,18.12059573958956,13.854393123181612,15.853647423239071,14.524190775451462,13.845487370929138,13.862435609000759,15.02544263143637
25.84984984984985,15.996824378782593,18.132969524781306,13.855100547900234,15.85977398549327,14.526281720736195,13.846319782721112,13.862752557804717,15.028864513111195
25.945945945945947,16.003800667581682,18.145091726722104,13.855797960266042,15.865778783231956,14.52832524834411,13.847142052952774,13.863061117325087,15.032213193071254
26.04204204204204,16.01065637483546,18.15698524498874,13.856486253361933,15.871672960161101,14.530325701556784,13.847955074797316,13.86336205115923,15.035495359393064
26.13813813813814,16.01740352263054,18.168672979157993,13.857166320270803,15.877467659986685,14.532287423655804,13.848759741427925,13.863656122904505,15.038717700153143
26.234234234234233,16.024054133053557,18.18017782880665,13.85783905407554,15.883174026414698,14.534214757922758,13.849556946017783,13.863944096158276,15.041886903428004
26.33033033033033,16.030620228191125,18.191522693511498,13.85850534785904,15.888803203151113,14.536112047639232,13.850347581740085,13.864226734517896,15.045009657294155
26.426426426426428,16.037113830129872,18.20273047284931,13.85916609470419,15.894366333901916,14.537983636086807,13.851132541768019,13.864504801580729,15.048092649828124
26.52252252252252,16.04354696095642,18.213824066396867,13.859822187693885,15.899874562373087,14.53983386654707,13.85191271927477,13.864779060944137,15.051142569106412
26.61861861861862,16.049931642757393,18.224826373730963,13.860474519911017,15.905339032270604,14.5416670823016,13.852689007433522,13.865050276205476,15.05416610320554
26.714714714714713,16.056279897619408,18.235760294428378,13.861123984438478,15.910770887300451,14.54348762663199,13.853462299417465,13.865319210962108,15.057169940202025
26.81081081081081,16.062603747629097,18.24664872806589,13.861771474359163,15.916181271168611,14.545299842819817,13.854233488399789,13.865586628811394,15.06016076817238
26.906906906906908,16.068915214873076,18.25751457422029,13.86241788275596,15.92158132758106,14.547108074146674,13.855003467553678,13.865853293350694,15.063145275193115
27.003003003003002,16.075226321411034,18.268380732402136,13.86306410271197,15.92698220021055,14.548916663877442,13.855773130053944,13.8661199681741,15.066130149319243
27.0990990990991,16.081548121521337,18.27926772289446,13.863711034712429,15.932393838445677,14.550729355404476,13.856543427248052,13.86638729950189,15.069121305871239
27.195195195195193,16.087888144418375,18.290187399839414,13.864359606204241,15.937821841593177,14.552547707133662,13.857315522372613,13.866655506029854,15.072121845547514
27.29129129129129,16.09425311695734,18.30114964483113,13.865010750771209,15.943270818813716,14.5543727801341,13.858090626893507,13.866924709142586,15.075134228394871
27.38738738738739,16.100649765993406,18.312164339463756,13.865665401997141,15.948745379267947,14.556205635474884,13.858869952276601,13.867195030224671,15.078160914460115
27.483483483483482,16.107084818381765,18.323241365331423,13.866324493465838,15.954250132116544,14.558047334225115,13.85965470998776,13.86746659066071,15.081204363790038
27.57957957957958,16.11356500097759,18.33439060402827,13.866988958761093,15.959789686520157,14.559898937453895,13.86044611149286,13.867739511835286,15.084267036431442
27.675675675675677,16.120097040636075,18.345621937148444,13.867659731466725,15.96536865163945,14.561761506230317,13.86124536825777,13.868013915132993,15.087351392431126
27.77177177177177,16.126687664212394,18.35694524628607,13.868337745166523,15.970991636635096,14.563636101623478,13.862053691748361,13.868289921938427,15.090459891835891
27.86786786786787,16.13334359856174,18.36837041303529,13.8690239334443,15.976663250667741,14.565523784702487,13.862872293430502,13.868567653636171,15.093594994692538
27.963963963963963,16.140071570539284,18.379907318990252,13.869719229883854,15.982388102898055,14.567425616536427,13.863702384770061,13.86884723161082,15.096759161047862
28.06006006006006,16.14687830700022,18.391565845745085,13.870424568068984,15.988170802486692,14.569342658194406,13.864545177232912,13.869128777246967,15.099954850948667
28.156156156156158,16.15377053479973,18.403355874893922,13.871140881583502,15.994015958594321,14.57127597074552,13.865401882284928,13.869412411929199,15.103184524441748
28.25225225225225,16.160754980792994,18.415287288030914,13.871869104011203,15.999928180381605,14.573226615258866,13.866273711391974,13.86969825704211,15.10645064157391
28.34834834834835,16.167838371835195,18.42736996675019,13.872610168935894,16.005912077009192,14.575195652803544,13.867161876019917,13.869986433970292,15.109755662391947
28.444444444444443,16.175027434781516,18.439613792645897,13.873365009941379,16.011972257637762,14.577184144448651,13.868067587634636,13.870277064098335,15.113102046942661
28.54054054054054,16.18232889648715,18.45202864731216,13.874134560611456,16.018113331427962,14.579193151263286,13.868992057702002,13.870570268810829,15.116492255272856
28.636636636636638,16.189749483807265,18.46462441234313,13.87491975452993,16.024339907540465,14.581223734316545,13.869936497687874,13.870866169492366,15.119928747429325
28.73273273273273,16.197295923597054,18.477410969332936,13.875721525280603,16.030656595135916,14.58327695467753,13.870902119058131,13.871164887527534,15.123413983458873
28.82882882882883,16.204974942711697,18.490398199875724,13.876540806447279,16.037068003374998,14.585353873415336,13.871890133278644,13.871466544300931,15.126950423408292
28.924924924924923,16.21279326800638,18.503595985565624,13.877378531613763,16.043578741418354,14.58745555159906,13.87290175181528,13.871771261197146,15.130540527324388
29.02102102102102,16.220757626336283,18.51701420799678,13.878235634363856,16.050193418426655,14.589583050297804,13.873938186133907,13.87207915960077,15.134186755253959
29.117117117117118,16.22887474455659,18.530662748763326,13.879113048281358,16.05691664356056,14.591737430580661,13.875000647700404,13.87239036089639,15.137891567243805
29.213213213213212,16.237151349522488,18.544551489459405,13.880011706950073,16.063753025980727,14.593919753516737,13.876090347980632,13.872704986468602,15.141657423340721
29.30930930930931,16.245594168089163,18.55869031167915,13.880932543953808,16.070707174847822,14.596131080175123,13.877208498440465,13.873023157701994,15.145486783591517
29.405405405405403,16.254209927111788,18.573089097016705,13.88187649287636,16.077783699322506,14.598372471624927,13.878356310545776,13.87334499598116,15.14938210804298
29.5015015015015,16.26300535344555,18.5877577270662,13.882844487301538,16.084987208565444,14.600644988935233,13.87953499576243,13.873670622690689,15.15334585674192
29.5975975975976,16.271987173945636,18.60270608342178,13.883837460813139,16.092322311737288,14.602949693175146,13.880745765556298,13.874000159215171,15.157380489735129
29.693693693693692,16.281162115467225,18.617944047677582,13.88485634699497,16.099793617998706,14.605287645413767,13.881989831393257,13.874333726939202,15.161488467069411
29.78978978978979,16.290536904865508,18.633481501427738,13.885902079430831,16.107405736510362,14.60765990672019,13.88326840473917,13.874671447247374,15.165672248791568
29.885885885885887,16.300118268995657,18.6493283262664,13.886975591704525,16.11516327643291,14.610067538163518,13.884582697059908,13.87501344152427,15.169934294948389
29.98198198198198,16.309912934712862,18.66549440378769,13.888077817399855,16.123070846927014,14.612511600812844,13.885933919821348,13.875359831154487,15.174277065586686
30.07807807807808,16.31992486013535,18.68198524824382,13.889209344602222,16.131130919573692,14.614992548899272,13.887322848696279,13.87571066609593,15.178701882895284
30.174174174174173,16.330138342450372,18.698775361187142,13.890368307996647,16.13933078690065,14.617506527468832,13.888747164770477,13.876065489102254,15.183201989080258
30.27027027027027,16.340529170996664,18.715825824085613,13.891551780611467,16.147651173024038,14.62004781685962,13.890203210013171,13.876423623445296,15.187767129907472
30.366366366366368,16.351073101086598,18.733097664734817,13.89275683122903,16.15607277579026,14.622610689952008,13.89168732103792,13.876784391519095,15.192387037159111
30.46246246246246,16.361745888032555,18.750551910930312,13.893980528631674,16.164576293045695,14.625189419626375,13.893195834458288,13.877147115717692,15.19705144261734
30.55855855855856,16.372523287146905,18.768149590467686,13.895219941601745,16.17314242263675,14.627778278763092,13.894725086887835,13.877511118435123,15.201750078064341
30.654654654654653,16.38338105374203,18.785851731142504,13.896472138921585,16.181751862409815,14.630371540242532,13.89627141494012,13.877875722065436,15.206472675282301
30.75075075075075,16.394294943130305,18.80361936075035,13.897734189373532,16.190385310211283,14.632963476945065,13.897831155228705,13.878240249002657,15.21120896605338
30.846846846846848,16.405240710624106,18.82141350708679,13.899003161739929,16.19902346388755,14.635548361751066,13.899400644367152,13.878604021640834,15.21594868215977
30.942942942942942,16.41619411153581,18.83919519794739,13.900276124803124,16.20764702128501,14.63812046754091,13.900976218969014,13.878966362374005,15.220681555383642
31.03903903903904,16.42713090117779,18.856925461127737,13.901550147345457,16.21623668025006,14.64067406719497,13.90255421564786,13.879326593596208,15.225397317507172
31.135135135135133,16.43802683486243,18.8745653244234,13.902822298149268,16.22477313862909,14.643203433593616,13.904130971017247,13.879684037701484,15.23008570031254
31.23123123123123,16.448857667902097,18.892075815629955,13.904089645996898,16.233237094268492,14.64570283961722,13.905702821690735,13.880038017083873,15.234736435581924
31.32732732732733,16.459599155609173,18.909417962542975,13.905349259670697,16.241609245014672,14.648166558146158,13.907266104281884,13.88038785413741,15.2393392550975
31.423423423423422,16.470227053296032,18.926552792958027,13.906598207952998,16.249870288714014,14.650588862060804,13.90881715540426,13.880732871256138,15.243883890641449
31.51951951951952,16.480717116275052,18.943441334670702,13.907833559626152,16.25800092321291,14.65296402424153,13.910352311671414,13.881072390834092,15.248360073995942
31.615615615615614,16.49104509985861,18.96004461547655,13.909052383472492,16.265981846357764,14.655286317568706,13.911867909696918,13.881405735265323,15.25275753694316
31.71171171171171,16.50118675935908,18.976323663171172,13.91025174827437,16.27379375599497,14.65755001492271,13.91336028609432,13.881732226943857,15.25706601126528
31.80780780780781,16.511117850088837,18.992239505550117,13.91142872281412,16.281417349970912,14.659749389183913,13.914825777477194,13.88205118826374,15.261275228744479
31.903903903903903,16.520814127360257,19.007753170408968,13.912580375874093,16.288833326131993,14.661878713232685,13.916260720459087,13.882361941619006,15.265374921162934
32.0,16.530251346485727,19.022825685543307,13.913703776236622,16.296022382324608,14.6639322599494,13.917661451653569,13.8826638094037,15.269354820302821
32.0960960960961,16.539410810329898,19.03742714285908,13.914796649040658,16.302969759388333,14.665905708671659,13.919025121736862,13.882956274304343,15.273207064034194
32.192192192192195,16.548296011966592,19.051563890703775,13.915859344851555,16.30967887013551,14.667800364565966,13.920352137635847,13.88323946017738,15.27693341457862
32.288288288288285,16.5569159920219,19.065251341535255,13.916892870591276,16.31615767037166,14.669618939256052,13.921643720340073,13.883513651171734,15.280538040245522
32.38438438438438,16.56527979112192,19.078504907811393,13.917898233181775,16.322414115902305,14.671364144365645,13.92290109083909,13.883779131436341,15.28402510934434
32.48048048048048,16.573396449892755,19.091340001990055,13.918876439545013,16.32845616253298,14.673038691518473,13.924125470122444,13.884036185120124,15.287398790184515
32.57657657657658,16.581275008960507,19.103772036529097,13.919828496602946,16.334291766069192,14.674645292338267,13.92531807917968,13.884285096372013,15.29066325107547
32.672672672672675,16.588924508951273,19.115816423886393,13.920755411277538,16.339928882316478,14.676186658448758,13.926480139000349,13.884526149340932,15.293822660326652
32.768768768768766,16.596353990491146,19.12748857651981,13.92165819049075,16.34537546708036,14.677665501473674,13.927612870573997,13.884759628175816,15.296881186247486
32.86486486486486,16.603572494206233,19.138803906887215,13.922537841164528,16.35063947616636,14.679084533036747,13.928717494890169,13.88498581702559,15.299842997147417
32.96096096096096,16.61058906072263,19.14977782744647,13.923395370220845,16.355728865379998,14.680446464761705,13.92979523293842,13.885205000039177,15.302712261335872
33.05705705705706,16.617412730666437,19.16042575065545,13.924231784581655,16.360651590526803,14.681754008272277,13.930847305708289,13.885417461365513,15.30549314712229
33.153153153153156,16.62405254466375,19.17076308897201,13.925048091168918,16.3654156074123,14.683009875192193,13.931874934189326,13.885623485153523,15.308189822816104
33.249249249249246,16.630517543340673,19.18080525485402,13.925845296904587,16.370028871842006,14.684216777145187,13.932879339371079,13.885823355552132,15.31080645672675
33.34534534534534,16.6368167673233,19.190567660759356,13.926624408710628,16.374499339621458,14.685377425754986,13.933861742243097,13.886017356710267,15.313347217163663
33.44144144144144,16.642959257237735,19.200065719145876,13.927386433508996,16.37883496655617,14.686494532645316,13.93482336379493,13.886205772776867,15.315816272436283
33.53753753753754,16.64895405371007,19.209314842471446,13.928132378221653,16.383043708451662,14.68757080943991,13.935765425016116,13.886388887900846,15.318217790854039
33.633633633633636,16.654810197366416,19.21833044319393,13.928863249770556,16.387133521113473,14.688608967762502,13.936689146896212,13.886566986231145,15.32055594072636
33.729729729729726,16.66053672883286,19.227127933771204,13.929580055077661,16.391112360347115,14.689611719236813,13.937595750424759,13.886740351916679,15.322834890362696
33.825825825825824,16.6661426887355,19.235722726661123,13.930283801064935,16.394988181958116,14.690581775486583,13.93848645659131,13.886909269106384,15.325058808072475
33.92192192192192,16.671637117700445,19.244130234321567,13.93097549465433,16.398768941752,14.69152184813553,13.939362486385413,13.887074021949186,15.32723186216513
34.01801801801802,16.677029056353796,19.252365869210387,13.931656142767809,16.402462595534296,14.692434648807396,13.940225060796607,13.887234894594016,15.329358220950102
34.114114114114116,16.68232754532164,19.260445043785463,13.932326752327326,16.406077099110515,14.693322889125904,13.941075400814446,13.887392171189797,15.331442052736815
34.21021021021021,16.687541625230082,19.26838317050465,13.932988330254847,16.40962040828619,14.69418928071478,13.941914727428479,13.88754613588546,15.333487525834716
34.306306306306304,16.692680336705223,19.276195661825824,13.933641883472326,16.413100478866845,14.695036535197762,13.942744261628246,13.88769707282993,15.335498808553238
34.4024024024024,16.69775272037316,19.283897930206845,13.934288418901723,16.416525266658006,14.695867364198575,13.943565224403304,13.88784526617214,15.337480069201808
34.4984984984985,16.702767816859993,19.291505388105584,13.934928943464996,16.419902727465185,14.696684479340952,13.944378836743192,13.887991000061014,15.339435476089868
34.5945945945946,16.707734666791815,19.2990334479799,13.935564464084107,16.423240817093927,14.697490592248617,13.945186319637465,13.888134558645483,15.341369197526856
34.69069069069069,16.71266231079473,19.306497522287668,13.93619598768101,16.426547491349737,14.698288414545308,13.945988894075667,13.888276226074472,15.343285401822198
34.786786786786784,16.717559789494846,19.31391302348675,13.936824521177671,16.429830706038146,14.699080657854747,13.946787781047343,13.888416286496911,15.345188257285336
34.88288288288288,16.722436143518244,19.321295364035016,13.937451071496042,16.433098416964675,14.699870033800666,13.947584201542046,13.888555024061725,15.3470819322257
34.97897897897898,16.72730041349104,19.328659956390332,13.938076645558084,16.436358579934858,14.700659254006798,13.948379376549319,13.888692722917845,15.348970594952727
35.07507507507508,16.732161312711945,19.336021471754023,13.93870220995199,16.439618601379493,14.701450742738606,13.949174482586436,13.888829679562583,15.350858207706935
35.171171171171174,16.737024984189922,19.343388760720174,13.939328414550983,16.44288157384573,14.7022446678233,13.949970346958695,13.888966287457134,15.352747114603138
35.267267267267265,16.741896357004997,19.350767924852935,13.939955759646153,16.446148552465253,14.703040131388937,13.950767632041163,13.889102985858,15.354638895527284
35.36336336336336,16.746780353051715,19.358165049444402,13.940584744643175,16.44942058030986,14.703836229255469,13.95156699923265,13.889240214292773,15.35653512584172
35.45945945945946,16.75168189422462,19.36558621978667,13.94121586894773,16.45269870045136,14.704632057242861,13.952369109931967,13.889378412289034,15.358437380908779
35.55555555555556,16.75660590241825,19.37303752117183,13.941849631965495,16.455983955961553,14.705426711171082,13.953174625537917,13.889518019374364,15.3603472360908
35.651651651651655,16.761557299527148,19.38052503889198,13.94248653310215,16.45927738991225,14.70621928686009,13.953984207449304,13.88965947507635,15.36226626675012
35.747747747747745,16.76654100744586,19.388054858239208,13.943127071763373,16.462580045375255,14.707008880129838,13.954798517064942,13.889803218922575,15.364196048249074
35.84384384384384,16.771561948068918,19.395633064505613,13.943771747354845,16.46589296542237,14.707794586800299,13.955618215783645,13.889949690440625,15.36613815595
35.93993993993994,16.77662504329087,19.40326574298328,13.944421059282242,16.469217193125395,14.708575502691426,13.956443965004206,13.890099329158085,15.36809416521524
36.03603603603604,16.78173521500626,19.410958978964306,13.945075506951243,16.472553771556147,14.709350723623194,13.957276426125448,13.890252574602533,15.370065651407124
36.132132132132135,16.786897385109626,19.418718857740792,13.945735589767526,16.475903743786425,14.710119345415551,13.958116260546172,13.890409866301553,15.37205418988799
36.228228228228225,16.792116475495504,19.426551464604817,13.946401807136777,16.47926815288803,14.71088046388846,13.958964129665189,13.890571643782735,15.37406135602018
36.32432432432432,16.79739740805845,19.43446288484848,13.947074658464665,16.482648041932773,14.711633174861893,13.959820694881303,13.890738346573661,15.37608872516602
36.42042042042042,16.802745104692995,19.442459203763878,13.947754643156873,16.486044453992456,14.7123765741558,13.960686617593321,13.890910414201912,15.37813787268786
36.51651651651652,16.808164487293684,19.4505465066431,13.948442260619078,16.489458432138882,14.713109757590153,13.961562559200061,13.891088286195075,15.380210373948028
36.612612612612615,16.81366047775506,19.458730878778248,13.949138010256965,16.492891019443856,14.713831820984907,13.96244918110032,13.891272402080729,15.382307804308864
36.708708708708706,16.81923799797166,19.4670184054614,13.949842391476205,16.49634325897919,14.714541860160024,13.96334714469291,13.891463201386467,15.384431739132706
36.8048048048048,16.82490196983803,19.47541517198466,13.950555903682481,16.49981619381668,14.715238970935468,13.964257111376648,13.891661123639864,15.38658375378189
36.9009009009009,16.830657315248708,19.48392726364012,13.951279046281467,16.50331086702813,14.715922249131202,13.96517974255033,13.891866608368506,15.38876542361875
36.996996996997,16.836508956098246,19.49256076571987,13.95201231867885,16.506828321685358,14.716590790567185,13.966115699612768,13.89208009509998,15.390978324005628
37.093093093093096,16.84246181428117,19.501321763516007,13.952756220280305,16.51036960086015,14.71724369106338,13.967065643962767,13.892302023361868,15.393224030304859
37.189189189189186,16.848520811692033,19.510216342320614,13.953511250491507,16.51393574762433,14.717880046439745,13.968030236999146,13.892532832681754,15.395504117878778
37.28528528528528,16.85469087022538,19.519250587425805,13.954277908718138,16.517527805049692,14.718498952516251,13.969010140120702,13.89277296258722,15.397820162089722
37.38138138138138,16.860976911775733,19.52843058412365,13.955056694365872,16.521146816208038,14.719099505112851,13.970006014726247,13.893022852605853,15.400173738300033
37.47747747747748,16.867383858237655,19.537762417706254,13.955848106840401,16.52479382417118,14.719680800049506,13.97101852221459,13.893282942265234,15.402566421872043
37.573573573573576,16.87391663150568,19.54725217346572,13.956652645547388,16.52846987201092,14.720241933146184,13.972048323984538,13.89355367109295,15.40499978816809
37.669669669669666,16.880580153474348,19.55690593669412,13.957470809892522,16.532176002799062,14.720782000222846,13.9730960814349,13.893835478616579,15.40747541255051
37.765765765765764,16.887379346038202,19.566729792683564,13.958303099281476,16.53591325960741,14.72130009709945,13.974162455964484,13.894128804363717,15.409994870381638
37.86186186186186,16.894319131091788,19.57672982672613,13.959150013119936,16.539682685507774,14.721795319595959,13.9752481089721,13.894434087861935,15.412559737023823
37.95795795795796,16.901404430529638,19.586912124113926,13.96001205081357,16.543485323571954,14.722266763532332,13.976353701856553,13.894751768638825,15.415171587839389
38.054054054054056,16.90863942376465,19.597281776771407,13.960889628677908,16.54732193872782,14.72271356719359,13.97747978770148,13.89508223670598,15.41783174248555
38.15015015015015,16.916015346177787,19.607826558777802,13.961781714478708,16.551188446889114,14.723135609177913,13.978625031281167,13.895425018839624,15.420537062791754
38.246246246246244,16.923512438514333,19.61851953446811,13.96268604558634,16.55507664522639,14.723533396904076,13.979786493443589,13.895778908585488,15.423280624117178
38.34234234234234,16.931110592176353,19.629333300790343,13.963600320276646,16.55897820004136,14.723907457770979,13.980961184073621,13.896142676191669,15.426055381509807
38.43843843843844,16.938789698565934,19.64024045469254,13.964522236825458,16.562884777635734,14.724258319177519,13.982146113056132,13.896515091906265,15.428854290017622
38.53453453453454,16.946529649085136,19.65121359312274,13.965449493508613,16.56678804431125,14.724586508522602,13.983338290275993,13.896894925977374,15.431670304688607
38.63063063063063,16.954310335136036,19.662225313028962,13.966379788601948,16.570679666369617,14.724892553205116,13.984534725618076,13.89728094865309,15.434496380570744
38.726726726726724,16.9621116481207,19.67324821135924,13.967310820381304,16.574551310112557,14.725176980623958,13.985732428967253,13.897671930181504,15.437325472712024
38.82282282282282,16.969913479441203,19.684254885061605,13.968240287122505,16.57839464184179,14.725440318178038,13.986928410208396,13.898066640810727,15.440150536160427
38.91891891891892,16.977695720499618,19.695217931084088,13.969165887101397,16.582201327859035,14.725683093266248,13.988119679226374,13.898463850788845,15.442964525963932
39.01501501501502,16.98543826269801,19.70610994637471,13.970085318593812,16.585963034466015,14.725905833287484,13.98930324590606,13.898862330363954,15.44576039717053
39.111111111111114,16.993120997438456,19.716903527881517,13.97099627987558,16.589671427964447,14.726109065640653,13.990476120132325,13.899260849784156,15.4485311048282
39.207207207207205,17.000723816123024,19.727571272552524,13.971896469222548,16.59331817465605,14.726293317724643,13.991635311790041,13.899658179297544,15.45126960398493
39.3033033033033,17.008226610153788,19.738085777335773,13.972783584910545,16.59689494084255,14.72645911693836,13.992777830764075,13.900053089152214,15.453968849688701
39.3993993993994,17.015609270932817,19.74841963917929,13.973655325215406,16.60039339282566,14.726606990680697,13.993900686939305,13.900444349596267,15.456621796987497
39.4954954954955,17.022851689862183,19.758545455031097,13.97450938841297,16.6038051969071,14.72673746635056,13.995000890200599,13.90083073087779,15.459221400929305
39.591591591591595,17.029933758343958,19.768435821839237,13.975343472779073,16.60712201938859,14.72685107134684,13.996075450432832,13.90121100324489,15.461760616562103
39.687687687687685,17.036835367780217,19.778063336551728,13.976155276589546,16.610335526571856,14.726948333068437,13.997121377520871,13.901583936945661,15.46423239893388
39.78378378378378,17.043536409573026,19.787400596116612,13.976942498120232,16.613437384758612,14.72702977891425,13.998135681349586,13.901948302228195,15.466629703092618
39.87987987987988,17.05001677512446,19.796420197481908,13.97770283564696,16.61641926025058,14.72709593628318,13.999115371803853,13.902302869340591,15.4689454840863
39.97597597597598,17.056256355836585,19.805094737595656,13.978433987445571,16.61927281934948,14.727147332574123,14.000057458768541,13.902646408530945,15.47117269696291
40.072072072072075,17.06223743053003,19.813400041511382,13.979133897646582,16.621990658981318,14.727184338933503,14.000959274010508,13.90297787115048,15.473305147563094
40.168168168168165,17.067963057409113,19.821340030756396,13.979802650226858,16.62457347595014,14.727205966532441,14.001820950862035,13.903297784818319,15.475344046774719
40.26426426426426,17.07344699385019,19.828933093553026,13.980441430956475,16.627026137635504,14.727210526299487,14.002644065163567,13.90360748876388,15.4772944182972
40.36036036036036,17.078703085652524,19.836197737683065,13.981051434711247,16.629353545884527,14.727196323376043,14.00343020467709,13.9039083289241,15.479161317340784
40.45645645645646,17.083745178615377,19.843152470928295,13.981633856366985,16.631560602544333,14.727161662903521,14.004180957164603,13.904201651235923,15.480949799115743
40.552552552552555,17.088587118538015,19.849815801070513,13.982189890799496,16.633652209462035,14.72710485002333,14.004897910388102,13.90448880163628,15.482664918832317
40.648648648648646,17.093242751219694,19.8562062358915,13.98272073288459,16.63563326848476,14.727024189876886,14.00558265210958,13.904771126062117,15.484311731700773
40.74474474474474,17.097725922459684,19.86234228317305,13.983227577498084,16.63750868145963,14.726917987605589,14.006236770091029,13.905049970450367,15.485895292931358
40.84084084084084,17.102050478057244,19.86824245069695,13.983711619515782,16.639283350233754,14.726784548350851,14.006861852094445,13.905326680737975,15.48742065773433
40.93693693693694,17.106230263811632,19.87392524624499,13.984174053813497,16.640962176654256,14.726622177254084,14.007459485881826,13.905602602861872,15.488892881319943
41.033033033033036,17.110279125522123,19.879409177598966,13.984616075267041,16.64255006256826,14.726429179456696,14.008031259215162,13.905879082759004,15.490317018898455
41.129129129129126,17.114210908987975,19.884712752540658,13.98503887875222,16.64405190982288,14.726203860100096,14.008578759856444,13.9061574663663,15.49169812568012
41.22522522522522,17.11803946000844,19.889854478851852,13.985443659144847,16.645472620265245,14.725944524325692,14.009103575567677,13.90643909962071,15.493041256875195
41.32132132132132,17.1217786243828,19.89485286431435,13.985831611320737,16.646817095742467,14.7256494772749,14.009607294110848,13.906725328459169,15.494351467693932
41.41741741741742,17.125442247910307,19.899726416709928,13.98620393015569,16.648090238101666,14.72531702408912,14.01009150324795,13.907017498818611,15.495633813346585
41.513513513513516,17.129044176390217,19.904493643820388,13.986561810525528,16.649296949189964,14.724945469909766,14.010557790740982,13.907316956635976,15.496893349043415
41.609609609609606,17.132598255621804,19.90917305342751,13.986906447306053,16.650442130854483,14.724533119878256,14.01100774435194,13.907625047848207,15.498135129994672
41.705705705705704,17.13611833140433,19.913783153313084,13.987239035373078,16.651530684942337,14.724078279135982,14.011442951842806,13.907943118392241,15.499364211410615
41.8018018018018,17.139618249537055,19.9183424512589,13.987560769602414,16.65256751330065,14.723579252824367,14.011865000975588,13.908272514205015,15.5005856485015
41.8978978978979,17.14311185581924,19.922869455046754,13.98787284486987,16.65355751777654,14.723034346084814,14.012275479512276,13.908614581223466,15.501804496477579
41.993993993993996,17.146612996050152,19.927382672458428,13.988176456051255,16.654505600217128,14.72244186405874,14.012675975214867,13.908970665384537,15.503025810549106
42.09009009009009,17.150135516029053,19.931900611275704,13.98847279802239,16.655416662469534,14.721800111887543,14.013068075845347,13.909342112625167,15.504254645926341
42.186186186186184,17.1536932615552,19.936441779280383,13.988763065659068,16.656295606380876,14.72110739471264,14.013453369165719,13.909730268882289,15.505496057819535
42.28228228228228,17.157300078427866,19.941024684254256,13.989048453837114,16.657147333798278,14.720362017675438,14.013833442937973,13.910136480092847,15.506755101438946
42.37837837837838,17.160969812446307,19.9456678339791,13.989330157432335,16.657976746568853,14.719562285917348,14.014209884924107,13.910562092193777,15.50803683199483
42.474474474474476,17.16471630940979,19.950389736236712,13.989609371320535,16.658788746539727,14.718706504579782,14.014584282886112,13.91100845112202,15.509346304697438
42.57057057057057,17.168553415117568,19.955208898808884,13.989887290377531,16.65958823555802,14.71779297880414,14.014958224585982,13.91147690281451,15.510688574757031
42.666666666666664,17.172494975368917,19.9601438294774,13.990165109479136,16.660380115470847,14.71682001373184,14.015333297785713,13.911968793208192,15.512068697383857
42.76276276276276,17.176554835963092,19.96521303602405,13.990444023501148,16.661169288125325,14.715785914504293,14.015711090247299,13.91248546824,15.513491727788178
42.85885885885886,17.180746842699357,19.97043502623062,13.99072522731939,16.66196065536859,14.714688986262903,14.016093189732736,13.913028273846873,15.514962721180247
42.95495495495496,17.185084841376977,19.975828307878906,13.991009915809666,16.66275911904774,14.71352753414908,14.016481184004014,13.913598555965756,15.516486732770323
43.05105105105105,17.189581913622874,19.981410400817403,13.99129922005749,16.663569359719848,14.71229999213598,14.016876576995596,13.914197581195742,15.518068547795497
43.147147147147145,17.194235898524543,19.98717911911431,13.99159299875716,16.664391643986498,14.711007363935117,14.017279200578528,13.914825033626338,15.519707566481808
43.24324324324324,17.19903058625071,19.993114114188014,13.991889937850832,16.665222170144208,14.709653021763955,14.017687345497281,13.915479138761427,15.52139822573647
43.33933933933934,17.20394924201966,19.999194358793186,13.99218867945973,16.66605698447358,14.708240426341309,14.018099244910754,13.916158067603519,15.523134777007835
43.43543543543544,17.208975131049662,20.00539882568449,13.992487865705073,16.66689213325524,14.706773038385995,14.018513131977823,13.916859991155132,15.524911471744257
43.531531531531535,17.21409151855899,20.011706487616586,13.992786138708087,16.667723662769802,14.705254318616834,14.018927239857385,13.917583080418783,15.526722561394074
43.627627627627625,17.21928166976592,20.018096317344142,13.993082140589994,16.66854761929788,14.703687727752637,14.01933980170833,13.91832550639699,15.528562297405646
43.72372372372372,17.22452884988872,20.02454728762183,13.993374513472013,16.669360049120098,14.702076726512223,14.019749050689544,13.91908544009227,15.530424931227321
43.81981981981982,17.229816324145677,20.03103837120431,13.993661899475363,16.670156998517072,14.700424775614406,14.02015321995992,13.919861052507137,15.532304714307447
43.91591591591592,17.23512735775505,20.037548540846252,13.993942940721272,16.670934513769414,14.698735335778007,14.020550542678345,13.920650514644118,15.534195898094378
44.012012012012015,17.240445215935132,20.044056769302323,13.99421627933096,16.67168864115775,14.697011867721837,14.020939252003718,13.921451997505715,15.536092734036455
44.108108108108105,17.24575316390418,20.050542029327183,13.994480557425648,16.672415426962694,14.695257832164716,14.02131758109491,13.92226367209446,15.537989473582043
44.2042042042042,17.25103446688048,20.0569832936755,13.994734417126558,16.67311091746486,14.693476689825461,14.021683763110826,13.92308370941286,15.539880368179482
44.3003003003003,17.256272390082295,20.063359535101945,13.994976500554912,16.673771158944877,14.69167190142288,14.02203603121035,13.923910280463437,15.541759669277122
44.3963963963964,17.261450198727914,20.069649726361177,13.995205449831932,16.674392197683353,14.689846927675804,14.022372618552373,13.924741556248701,15.543621628323317
44.492492492492495,17.266551158035597,20.07583284020787,13.995419907078837,16.674970079960904,14.68800522930303,14.022691758295784,13.925575707771179,15.545460496766411
44.588588588588586,17.271558533223626,20.081887849396683,13.995618514416858,16.675500852058153,14.686150267023393,14.022991683599473,13.926410906033384,15.547270526054763
44.68468468468468,17.276455589510277,20.087793726682285,13.995799913967208,16.675980560255717,14.6842855015557,14.023270627622328,13.927245322037832,15.54904596763672
44.78078078078078,17.28122559211382,20.093529444819342,13.995962747851113,16.676405250834215,14.682414393618771,14.023526823523241,13.928077126787036,15.550781072960628
44.87687687687688,17.285851806252527,20.099073976562522,13.996105658189792,16.676770970074262,14.680540403931419,14.023758504461101,13.92890449128352,15.552470093474845
44.972972972972975,17.290317497144684,20.10440629466649,13.996227287104468,16.677073764256473,14.678666993212461,14.023963903594794,13.9297255865298,15.554107280627713
45.069069069069066,17.29460734287684,20.109507168768687,13.99632640937326,16.67731007111057,14.676797402364727,14.024141423618245,13.930538712734311,15.555687363536835
45.16516516516516,17.298719690023063,20.114374752058907,13.996403083134613,16.677480115355586,14.674932745729008,14.024291107355197,13.931343420080117,15.557209692427277
45.26126126126126,17.302660549854636,20.11901694567202,13.99645808618,16.67758624529054,14.67307294516198,14.02441391734335,13.932139959682043,15.558676208841515
45.35735735735736,17.30643601829651,20.123441758405225,13.996492204249183,16.6776308326686,14.671217909349787,14.02451082627828,13.932928590396443,15.56008888294214
45.453453453453456,17.310052191273627,20.12765719905573,13.996506223081928,16.677616249242913,14.669367546978584,14.024582806855578,13.933709571079659,15.561449684891727
45.549549549549546,17.31351516471094,20.131671276420732,13.996500928418001,16.677544866766638,14.667521766734506,14.024630831770823,13.934483160588051,15.562760584852867
45.645645645645644,17.316831034533383,20.135491999297432,13.996477105997169,16.67741905699292,14.665680477303706,14.024655873719597,13.935249617777961,15.564023552988143
45.74174174174174,17.320005896665904,20.13912737648304,13.99643554155919,16.677241191674927,14.663843587372321,14.024658905397489,13.936009201505751,15.56524055946014
45.83783783783784,17.323045847033455,20.142585416774743,13.996377020843836,16.67701364256581,14.662011005626512,14.024640899500074,13.936762170627754,15.566413574431442
45.933933933933936,17.325956981560974,20.14587412896976,13.996302329590865,16.67673878141872,14.660182640752417,14.024602828722943,13.937508784000336,15.56754456806464
46.03003003003003,17.328745396173403,20.14900152186528,13.99621225354004,16.676418979986813,14.658358401436178,14.024545665761678,13.938249300479836,15.568635510522313
46.126126126126124,17.33141718679569,20.151975604258503,13.996107578431138,16.676056610023252,14.656538196363947,14.024470383311863,13.938983978922609,15.56968837196705
46.22222222222222,17.333978449352788,20.154804384946644,13.99598909000391,16.67565404328118,14.654721934221868,14.024377954069076,13.939713078185006,15.570705122561435
46.31831831831832,17.33643527976963,20.157495872726894,13.99585757399813,16.67521365151376,14.652909523696087,14.024269350728902,13.940436857123375,15.571687732468051
46.414414414414416,17.33879377397117,20.16005807639646,13.995713816153554,16.674737806474145,14.65110087347275,14.024145545986933,13.941155574594067,15.572638171849484
46.51051051051051,17.341060027882342,20.162499004752533,13.995558602209957,16.674228879915493,14.649295892238005,14.024007512538741,13.941869489453431,15.573558410868324
46.606606606606604,17.343240137428097,20.164826666592322,13.995392717907096,16.673689243590957,14.647494488677998,14.023856223079918,13.94257886055782,15.574450419687146
46.7027027027027,17.345340198533382,20.167049070713038,13.99521694898474,16.673121269253684,14.645696571478867,14.023692650306039,13.943283946763582,15.57531616846855
46.7987987987988,17.347366307123142,20.16917422591187,13.995032081182647,16.672527328656845,14.64390204932677,14.023517766912697,13.943985006927068,15.576157627375107
46.8948948948949,17.349324559122316,20.171210140986023,13.994838900240586,16.67190979355358,14.642110830907844,14.023332545595466,13.944682299904626,15.576976766569409
46.99099099099099,17.35122105045585,20.1731648247327,13.994638191898328,16.671271035697053,14.640322824908242,14.023137959049933,13.945376084552608,15.577775556214041
47.087087087087085,17.353061877048695,20.1750462859491,13.994430741895625,16.67061342684042,14.638537940014107,14.022934979971687,13.946066619727365,15.578555966471585
47.18318318318318,17.354853134825795,20.176862533432427,13.994217335972248,16.66993933873683,14.636756084911584,14.022724581056304,13.946754164285247,15.57931996750463
47.27927927927928,17.356600919712086,20.17862157597989,13.993998759867965,16.66925114313944,14.634977168286822,14.022507734999373,13.9474389770826,15.58006952947576
47.37537537537538,17.35831132763252,20.180331422388672,13.993775799322533,16.668551211801407,14.63320109882596,14.022285414496471,13.948121316975781,15.580806622547556
47.471471471471475,17.359990454512044,20.18200008145599,13.993549240075726,16.667841916475886,14.63142778521515,14.022058592243186,13.948801442821129,15.58153321688261
47.567567567567565,17.361644396275597,20.18363556197904,13.9933198678673,16.667125628916036,14.629657136140542,14.021828240935106,13.949479613475008,15.582251282643501
47.66366366366366,17.36327924884813,20.18524587275503,13.993088468437021,16.666404720875004,14.627889060288274,14.0215953332678,13.950156087793763,15.582962789992816
47.75975975975976,17.364901108154573,20.18683902258115,13.992855827524659,16.665681564105945,14.626123466344495,14.021360841936866,13.950831124633739,15.583669709093146
47.85585585585586,17.366516070119893,20.18842302025461,13.992622730869975,16.66495853036202,14.624360262995353,14.02112573963788,13.951504982851294,15.584374010107071
47.951951951951955,17.368130230669017,20.19000587457261,13.992389964212732,16.664237991396387,14.62259935892699,14.020890999066427,13.95217792130277,15.585077663197172
48.048048048048045,17.36974953024163,20.191595385379514,13.992158263893012,16.663522184784874,14.620840565505208,14.02065753752606,13.952850233468675,15.585782609896803
48.14414414414414,17.371376333116263,20.193194546604452,13.991927230058183,16.662810262025125,14.619081455727745,14.02042499830369,13.953523009185009,15.586490133266755
48.24024024024024,17.373009427410295,20.194801546261324,13.991695326662878,16.662098288536555,14.61731736422428,14.020191750669559,13.954198134643276,15.58720085789529
48.33633633633634,17.37464744575584,20.19641436341118,13.991460968262059,16.661382195561263,14.615543528304158,14.019956108501889,13.954877530659127,15.58791537974143
48.432432432432435,17.376289020785006,20.198030977115085,13.991222569410692,16.66065791434136,14.613755185276705,14.01971638567891,13.95556311804822,15.58863429476418
48.528528528528525,17.37793278512991,20.199649366434084,13.990978544663724,16.659921376118948,14.611947572451264,14.019470896078834,13.956256817626201,15.589358198922564
48.62462462462462,17.37957737142267,20.20126751042925,13.990727308576123,16.659168512136137,14.61011592713717,14.019217953579894,13.956960550208732,15.590087688175602
48.72072072072072,17.38122141229539,20.20288338816163,13.990467275702844,16.65839525363503,14.608255486643747,14.018955872060305,13.957676236611464,15.590823358482297
48.81681681681682,17.382863540380196,20.204494978692285,13.99019686059885,16.657597531857736,14.606361488280346,14.018682965398291,13.958405797650054,15.591565805801682
48.912912912912915,17.38450238830919,20.20610026108228,13.989914477819093,16.65677127804635,14.604429169356292,14.018397547472079,13.959151154140148,15.592315626092763
49.009009009009006,17.38613658871449,20.20769721439266,13.989618541918539,16.655912423442988,14.602453767180922,14.018097932159884,13.959914226897407,15.593073415314556
49.1051051051051,17.38776477422821,20.209283817684494,13.98930746745214,16.65501689928975,14.600430519063574,14.017782433339931,13.960696936737484,15.593839769426088
49.2012012012012,17.38938557748246,20.210858050018835,13.988979668974864,16.65408063682874,14.598354662313579,14.017449364890444,13.961501204476031,15.594615284386363
49.2972972972973,17.390997631109357,20.21241789045674,13.988633561041661,16.653099567302064,14.596221434240276,14.017097040689647,13.962328950928704,15.595400556154404
49.393393393393396,17.392599567741016,20.21396131805927,13.988267558207495,16.65206962195184,14.594026072152996,14.016723774615759,13.963182096911156,15.596196180689226
49.489489489489486,17.39419002000955,20.21548631188748,13.987880075027324,16.65098673202015,14.59176381336108,14.016327880547003,13.964062563239038,15.597002753949848
49.585585585585584,17.39576762054707,20.21699085100243,13.987469526056106,16.649846828749116,14.589429895173861,14.0159076723616,13.964972270728012,15.597820871895282
49.68168168168168,17.397331001985684,20.218472914465174,13.987034325848802,16.648645843380837,14.587019554900671,14.015461463937775,13.965913140193726,15.598651130484548
49.77777777777778,17.39887879695752,20.219930481336775,13.986572888960366,16.647379707157423,14.584528029850846,14.01498756915375,13.96688709245183,15.59949412567666
49.873873873873876,17.400409638094676,20.221361530678287,13.986083629945767,16.646044351320977,14.581950557333723,14.014484301887745,13.967896048317986,15.60035045343064
49.969969969969966,17.401922158029272,20.222764041550768,13.985564963359954,16.644635707113604,14.57928237465864,14.013949976017983,13.968941928607844,15.601220709705496
50.066066066066064,17.403414989393426,20.224135993015274,13.985015303757889,16.643149705777404,14.576518719134924,14.013382905422688,13.97002665413706,15.602105490460252
50.16216216216216,17.404886764819246,20.225475364132876,13.984433065694532,16.64158227855449,14.573654828071916,14.012781403980085,13.971152145721286,15.603005391653921
50.25825825825826,17.40633611693885,20.22678013396461,13.983816663724841,16.639929356686967,14.570685938778954,14.01214378556839,13.972320324176174,15.60392100924552
50.354354354354356,17.407761678384347,20.228048281571557,13.983164512403775,16.638186871416938,14.567607288565368,14.011468364065827,13.973533110317387,15.604852939194064
50.45045045045045,17.409162081787848,20.229277786014755,13.982475026286298,16.636350753986502,14.564414114740492,14.010753453350622,13.974792424960567,15.605801777458575
50.546546546546544,17.410535959781473,20.230466626355273,13.98174661992736,16.63441693563778,14.561101654613667,14.009997367300992,13.976100188921375,15.606768119998064
50.64264264264264,17.411881944997333,20.231612781654167,13.980977707881925,16.632381347612856,14.557665145494225,14.009198419795165,13.977458323015465,15.607752562771548
50.73873873873874,17.41319867006754,20.23271423097249,13.980166704704954,16.63023992115386,14.5540998246915,14.00835492471136,13.97886874805849,15.608755701738048
50.83483483483484,17.41448476762421,20.23376895337131,13.979312024951401,16.627988587502873,14.550400929514826,14.007465195927802,13.980333384866103,15.609778132856572
50.93093093093093,17.415738870299453,20.234774927911673,13.978412083176227,16.62562327790202,14.546563697273543,14.006527547322708,13.981854154253956,15.610820452086143
51.027027027027025,17.41695960861291,20.235730139908952,13.977465310197973,16.623139966152213,14.542583423515175,14.005540309999057,13.983432954222913,15.611883244644156
51.12312312312312,17.41814542181701,20.236633140954915,13.97647160936996,16.620538479407777,14.53846067678008,14.004503374620606,13.985069617080336,15.612966123181476
51.21921921921922,17.419294408076507,20.237483492484493,13.9754335100231,16.617825516524736,14.534205428959385,14.003419413022558,13.986760291373518,15.614066965966922
51.31531531531532,17.420404630299025,20.23828086031689,13.974353812927278,16.61500848666516,14.529828623938817,14.002291384520998,13.988500744871125,15.615183471991735
51.411411411411414,17.42147415139218,20.23902491027134,13.973235318852407,16.612094798991116,14.525341205604114,14.001122248432022,13.990286745341823,15.616313340247153
51.507507507507505,17.422501034263583,20.239715308167046,13.972080828568378,16.60909186266467,14.520754117840994,13.999914964071714,13.992114060554291,15.617454269724412
51.6036036036036,17.42348334182085,20.24035171982322,13.970893142845092,16.606007086847885,14.516078304535196,13.998672490756164,13.993978458277196,15.61860395941475
51.6996996996997,17.424419136971608,20.240933811059087,13.969675062452449,16.602847880702836,14.511324709572445,13.997397787801457,13.995875706279204,15.619760108309407
51.7957957957958,17.425306482623462,20.241461247693852,13.968429388160342,16.59962165339159,14.506504276838477,13.996093814523695,13.997801572328989,15.620920415399617
51.891891891891895,17.42614344168403,20.24193369554674,13.967158920738676,16.596335814076213,14.501627950219016,13.994763530238957,13.99975182419522,15.622082579676619
51.987987987987985,17.42692807706093,20.242350820436965,13.965866460957349,16.59299777191878,14.49670667359979,13.993409894263332,14.001722229646562,15.62324430013165
52.08408408408408,17.427658451661777,20.242712288183746,13.964554809586256,16.589614936081343,14.491751390866533,13.99203586591291,14.003708556451693,15.624403275755949
52.18018018018018,17.428332628394188,20.243017764606286,13.963226767395295,16.586194715725988,14.486773045904977,13.990644404503785,14.005706572379282,15.625557205540751
52.27627627627628,17.428948670165777,20.24326691552381,13.961885135154372,16.58274452001477,14.481782582600847,13.989238469352044,14.007712045197994,15.626703788477304
52.372372372372375,17.429504639884165,20.243459406755527,13.960532713633377,16.57927175810977,14.476790944839873,13.987821019773772,14.009720742676501,15.62784072355683
52.468468468468465,17.429998600456962,20.24359490412066,13.959172303602212,16.575783839173038,14.47180907650779,13.986395015085066,14.011728432583473,15.628965709770576
52.56456456456456,17.430428614791783,20.243673073438423,13.95780670583078,16.57228817236666,14.466847921490322,13.984963414602008,14.013730882687577,15.630076446109776
52.66066066066066,17.430792745796246,20.24369358052802,13.956438721088976,16.568792166852695,14.4619184236732,13.98352917764069,14.01572386075749,15.631170631565666
52.75675675675676,17.431089056377974,20.243656091208685,13.955071150146697,16.565303231793216,14.457031526942158,13.982095263517206,14.017703134561877,15.632245965129494
52.852852852852855,17.431315609444578,20.243560271299618,13.953706793773845,16.561828776350282,14.452198175182923,13.98066463154764,14.019664471869408,15.63330014579249
52.948948948948946,17.43147046790367,20.24340578662005,13.952348452740315,16.558376209685967,14.447429312281221,13.979240241048076,14.021603640448754,15.634330872545888
53.04504504504504,17.431551773635885,20.243192345386397,13.95099887637768,16.554952799518837,14.442735654466002,13.977824996869481,14.02351649443494,15.635335898011087
53.14114114114114,17.431559782026902,20.24292079046515,13.949659437405817,16.551562028204053,14.438121825331013,13.97642034624676,14.025401199331377,15.636314410079605
53.23723723723724,17.431497041534563,20.242593195774717,13.948330014973607,16.548203271122283,14.433585838193864,13.97502615495716,14.027258428387764,15.637267153856138
53.333333333333336,17.43136621557799,20.242211696951262,13.947010413350942,16.544875697754357,14.429125374971347,13.973642209492843,14.029088980577622,15.638194952515006
53.429429429429426,17.43116996757633,20.241778429630976,13.945700436807723,16.54157847758112,14.42473811758025,13.972268296345963,14.030893654874468,15.639098629230524
53.525525525525524,17.43091096094871,20.24129552945003,13.944399889613852,16.53831078008339,14.420421747937356,13.970904202008677,14.03267325025183,15.639979007177008
53.62162162162162,17.430591859114273,20.24076513204462,13.943108576039226,16.535071774742015,14.416173947959454,13.969549712973139,14.034428565683225,15.64083690952877
53.71771771771772,17.430215325492153,20.24018937305091,13.94182630035375,16.531860631037826,14.411992399563333,13.968204615731505,14.036160400142169,15.64167315946014
53.813813813813816,17.429784023501487,20.239570388105093,13.940552866827321,16.52867651845166,14.40787478466578,13.966868696775936,14.037869552602192,15.642488580145425
53.909909909909906,17.429300616561402,20.238910312843345,13.939288079729836,16.525518606464352,14.403818785183587,13.96554174259858,14.039556822036806,15.643283994758939
54.006006006006004,17.428767768091053,20.238211282901844,13.938031743331203,16.522386064556734,14.399822083033536,13.964223539691606,14.04122300741954,15.644060226475007
54.1021021021021,17.42818814150957,20.237475433916778,13.936783661901314,16.519278062209647,14.395882360132411,13.962913874547155,14.04286890772391,15.644818098467939
54.1981981981982,17.427564400236076,20.23670490152432,13.935543639710069,16.516193768903914,14.391997298397014,13.961612533657394,14.044495321923433,15.645558433912054
54.294294294294296,17.426899207689722,20.235901821360656,13.934311481027375,16.513132354120387,14.388164579744119,13.96031930351448,14.04610304899164,15.64628205598167
54.39039039039039,17.426195227289643,20.235068329061964,13.933086990123128,16.510092987339885,14.38438188609052,13.959033970610557,14.047692887902047,15.646989787851103
54.486486486486484,17.42545512245497,20.23420656026443,13.931869971267224,16.507074838043252,14.380646899353005,13.957756321437797,14.049265637628173,15.647682452694673
54.58258258258258,17.424681556604842,20.233318650604225,13.930660228729572,16.504077075711322,14.376957301448359,13.956486142488345,14.05082209714354,15.648360873686688
54.67867867867868,17.423877193158397,20.23240673571754,13.929457566780066,16.501098869824933,14.37331077429337,13.955223220254364,14.05236306542167,15.64902587400147
54.77477477477478,17.423044695534767,20.231472951240555,13.928261789688603,16.498139389864907,14.369704999804828,13.953967341228008,14.05388934143608,15.64967827681334
54.87087087087087,17.42218672715309,20.230519432809434,13.927072701725091,16.49519780531209,14.366137659899517,13.952718291901428,14.055401724160294,15.650318905296606
54.966966966966964,17.421305951432508,20.22954831606038,13.925890107159425,16.492273285647318,14.362606436494229,13.951475858766788,14.056901012567838,15.650948582625587
55.06306306306306,17.420405031792153,20.228561736629565,13.924713810261501,16.489365000351423,14.35910901150575,13.95023982831624,14.058388005632224,15.651568131974608
55.15915915915916,17.419486631651164,20.227561830153167,13.92354361530123,16.486472118905237,14.355643066850865,13.949009987041944,14.059863502326975,15.652178376517972
55.25525525525526,17.41855341442867,20.226550732267373,13.922379326548503,16.483593810789603,14.352206284446364,13.947786121436053,14.061328301625617,15.652780139430009
55.351351351351354,17.417608043543815,20.225530578608357,13.921220748273225,16.48072924548535,14.348796346209037,13.946568017990725,14.062783202501667,15.653374243885027
55.447447447447445,17.416653182415732,20.224503504812304,13.920067684745291,16.477877592473313,14.34541093405567,13.945355463198112,14.064229003928642,15.653961513057347
55.54354354354354,17.41569149446356,20.223471646515396,13.918919940234606,16.475038021234322,14.342047729903046,13.944148243550378,14.06566650488007,15.654542770121282
55.63963963963964,17.41472564310643,20.222437139353808,13.917777319011066,16.472209701249227,14.338704415667959,13.94294614553967,14.067096504329465,15.655118838251154
55.73573573573574,17.413758291763486,20.221402118963727,13.916639625344573,16.46939180199885,14.335378673267197,13.94174895565815,14.068519801250357,15.655690540621272
55.831831831831835,17.41279210385386,20.220368720981323,13.915506663505026,16.46658349296403,14.33206818461754,13.940556460397973,14.069937194616255,15.656258700405962
55.927927927927925,17.411829742796687,20.219339081042794,13.914378237762328,16.463783943625604,14.328770631635784,13.939368446251299,14.071349483400692,15.656824140779529
56.02402402402402,17.410873849001426,20.21831531652693,13.913254144151836,16.460992306286403,14.325483681867793,13.938184691167155,14.072757473898124,15.65738768610866
56.12012012012012,17.409924278706388,20.217297335669738,13.912133182329523,16.458205654711314,14.322203263977853,13.937003939376796,14.074162858237033,15.657950305034909
56.21621621621622,17.408975480875306,20.216280756223266,13.911012216834385,16.455417025835313,14.318921929463563,13.935822927477757,14.075569048967335,15.658513246403178
56.312312312312315,17.408021283210605,20.215260702990356,13.909887889872813,16.452618992787382,14.315631841807619,13.934638161403267,14.0769796563044,15.659077791251924
56.408408408408405,17.4070555134147,20.214232300773833,13.90875684365121,16.449804128696517,14.312325164492712,13.93344614708657,14.078398290463584,15.65964522061961
56.5045045045045,17.406071999190004,20.21319067437654,13.907615720375983,16.446965006691695,14.308994061001545,13.932243390460902,14.079828561660252,15.660216815544704
56.6006006006006,17.405064568238938,20.2121309486013,13.90646116225352,16.444094199901905,14.305630694816818,13.931026397459492,14.081274080109763,15.660793857065658
56.6966966966967,17.40402704826391,20.21104824825095,13.905289811490226,16.441184281456138,14.302227229421222,13.929791674015584,14.082738456027478,15.66137762622094
56.792792792792795,17.40295326696734,20.20993769812833,13.9040983102925,16.438227824483377,14.298775828297455,13.928535726062407,14.084225299628756,15.661969404049009
56.888888888888886,17.401837052051643,20.20879442303626,13.902883300866742,16.435217402112613,14.295268654928217,13.927255059533202,14.085738221128965,15.662570471588328
56.98498498498498,17.400672231219243,20.207613547777587,13.901641425419351,16.432145587472824,14.291697872796199,13.925946180361205,14.087280830743468,15.663182109877361
57.08108108108108,17.399452632172537,20.206390197155137,13.900369326156724,16.429004953693006,14.288055645384107,13.92460559447965,14.088856738687621,15.663805599954571
57.17717717717718,17.398172082613954,20.205119495971747,13.899063645285265,16.425788073902137,14.284334136174632,13.923229807821775,14.090469555176789,15.66444222285842
57.273273273273276,17.396824410245912,20.203796569030246,13.89772102501137,16.42248752122922,14.280525508650472,13.921815326320813,14.092122890426328,15.665093259627369
57.369369369369366,17.395403442770817,20.202416541133474,13.896338107541442,16.41909586880322,14.276621926294325,13.920358655910004,14.093820354651607,15.665759991299879
57.46546546546546,17.393903007891094,20.20097453708426,13.894911535081874,16.41560568975314,14.272615552588885,13.918856302522581,14.095565558067985,15.666443698914417
57.56156156156156,17.39231693330915,20.19946568168543,13.893437949839074,16.412009557207952,14.268498551016853,13.917304772091782,14.09736211089082,15.667145663509435
57.65765765765766,17.39063904672741,20.19788509973984,13.891913994019433,16.40830004429666,14.264263085060927,13.915700570550838,14.099213623335483,15.667867166123406
57.753753753753756,17.38886317584828,20.196227916050297,13.890336309829356,16.404469724148235,14.259901318203799,13.914040203832995,14.101123705617324,15.668609487794793
57.849849849849846,17.386983148374185,20.19448925541965,13.888701539475246,16.400511169891676,14.255405413928168,13.912320177871479,14.103095967951711,15.669373909562045
57.945945945945944,17.384992792007534,20.192664242650725,13.887006325163492,16.39641695465596,14.250767535716733,13.910536998599532,14.105134020554008,15.670161712463637
58.04204204204204,17.38288593445074,20.190748002546364,13.885247309100501,16.392179651570082,14.245979847052192,13.908687171950387,14.107241473639572,15.670974177538021
58.13813813813814,17.380656403406235,20.188735659909398,13.883421133492668,16.38779183376303,14.241034511417233,13.906767203857285,14.109421937423768,15.67181258582367
58.234234234234236,17.378298026576413,20.186622339542648,13.881524440546396,16.38324607436378,14.235923692294566,13.904773600253456,14.111679022121953,15.67267821835904
58.33033033033033,17.3758046316637,20.184403166248966,13.879553872468087,16.378534946501322,14.23063955316688,13.902702867072142,14.114016337949495,15.673572356182596
58.426426426426424,17.373170046370518,20.182073264831175,13.877506071464135,16.373651023304646,14.225174257516876,13.900551510246572,14.116437495121753,15.674496280332798
58.52252252252252,17.370388098399275,20.17962776009211,13.875377679740938,16.36858687790274,14.219519968827246,13.898316035709984,14.118946103854086,15.675451271848107
58.61861861861862,17.367452615452386,20.177061776834606,13.873165339504903,16.36333508342459,14.21366885058069,13.895992949395621,14.121545774361858,15.676438611766988
58.71471471471472,17.36435742523227,20.174370439861494,13.870865692962425,16.35788821299918,14.207613066259912,13.893578757236714,14.12424011686043,15.6774595811279
58.81081081081081,17.36109635544134,20.17154887397561,13.868475382319904,16.352238839755493,14.201344779347593,13.891069965166494,14.127032741565165,15.678515460969312
58.906906906906904,17.357663233782013,20.16859220397978,13.865991049783736,16.34637953682252,14.194856153326443,13.888463079118202,14.12992725869142,15.679607532329676
59.003003003003,17.354051888068167,20.165495554767084,13.863409337626583,16.34030287747903,14.18813935183961,13.885754605094085,14.132927278381466,15.68073707622098
59.0990990990991,17.350260151128452,20.16225729365545,13.860729268974115,16.33400681674168,14.1811923040632,13.882943528732955,14.136033783997645,15.681904422139425
59.1951951951952,17.34630044372879,20.158887598228954,13.857958539013488,16.32750891216532,14.17403393965342,13.880037867546099,14.139238191072362,15.683106433763152
59.29129129129129,17.3421885070758,20.15539933427135,13.855106816827483,16.320831183146385,14.166687968301314,13.877047694839002,14.142529737351566,15.684339185896373
59.387387387387385,17.337940082376093,20.15180536756641,13.852183771498899,16.313995649081324,14.159178099697941,13.873983083917155,14.145897660581214,15.685598753343308
59.48348348348348,17.333570910836286,20.148118563897878,13.84919907211053,16.307024329366573,14.151528043534354,13.870854108086045,14.149331198507262,15.686881210908176
59.57957957957958,17.329096733662997,20.144351789049523,13.846162387745162,16.299939243398576,14.143761509501607,13.867670840651167,14.152819588875666,15.688182633395197
59.67567567567568,17.32453329206283,20.140517908805098,13.843083387485594,16.292762410573765,14.135902207290755,13.864443354918008,14.15635206943238,15.689499095608586
59.771771771771775,17.31989632724241,20.136629788948362,13.839971740414613,16.285515850288593,14.127973846592848,13.861181724192054,14.159917877923355,15.690826672352559
59.867867867867865,17.315201580408345,20.132700295263074,13.836837115615019,16.278221581939498,14.120000137098945,13.857896021778792,14.163506252094557,15.69216143843134
59.96396396396396,17.31046479276726,20.12874229353299,13.833689182169598,16.270901624922917,14.112004788500096,13.854596320983726,14.167106429691934,15.693499468649142
60.06006006006006,17.305701705525756,20.124768649541874,13.830537609161142,16.26357799863529,14.104011510487355,13.851292695112328,14.17070764846144,15.694836837810177
60.15615615615616,17.30092805989046,20.12079222907348,13.827392065672447,16.25627272247307,14.09604401275178,13.84799521747009,14.174299146149034,15.696169620718676
60.252252252252255,17.29615959706797,20.116825897911568,13.82426222078631,16.249007815832684,14.088126004984423,13.844713961362507,14.177870160500671,15.697493892178848
60.348348348348345,17.291412058264918,20.112882521839897,13.821157743585513,16.241805298110584,14.080281196876332,13.84145900009507,14.181409929262303,15.698805726994916
60.44444444444444,17.286701184687907,20.108974966642226,13.818088303152853,16.2346871887032,14.072533298118566,13.838240406973256,14.184907690179893,15.700101199971089
60.54054054054054,17.28204271754356,20.105116098102304,13.815063568571123,16.22767550700699,14.064906018402185,13.835068255302568,14.188352680999389,15.701376385911598
60.63663663663664,17.277452398038484,20.101318782003904,13.812093208923118,16.220792272418375,14.057423067418231,13.831952618388485,14.19173413946675,15.702627359620646
60.732732732732735,17.272945967379304,20.09759588413078,13.809186893291624,16.214059504333807,14.050108154857766,13.828903569536505,14.195041303327924,15.703850195902461
60.828828828828826,17.268539166772623,20.09396027026668,13.80635429075944,16.20749922214973,14.042984990411838,13.825931182052106,14.198263410328876,15.70504096956126
60.92492492492492,17.264247737425066,20.090424806195372,13.803605070409356,16.201133445262577,14.036077283771508,13.823045529240789,14.201389698215557,15.706195755401255
61.02102102102102,17.26008736921514,20.08700231629722,13.800948870184559,16.19498412500353,14.029408669802443,13.820256652498001,14.204409438405834,15.70731064102861
61.11711711711712,17.256065080565875,20.083698630193425,13.798390067251015,16.18906171364209,14.022990142243874,13.817569202284375,14.207317590906912,15.7083838768313
61.213213213213216,17.252169529555715,20.080504767282275,13.795921899966102,16.183352316123965,14.016805929381675,13.814976414665194,14.210121160354566,15.709418292523036
61.309309309309306,17.248387036066244,20.077409860874567,13.793536188155725,16.177838936753957,14.010836850911085,13.812470072078181,14.212828685272584,15.710417300996404
61.4054054054054,17.244703919979056,20.0744030442811,13.791224751645778,16.172504579836865,14.00506372652735,13.810041956961044,14.21544870418475,15.71138431514399
61.5015015015015,17.241106501175757,20.071473450812675,13.788979410262156,16.16733224967749,13.999467375925716,13.807683851751506,14.217989755614852,15.712322747858371
61.5975975975976,17.237581099537937,20.068610213780087,13.786791983830756,16.162304950580637,13.99402861880143,13.805387538887285,14.22046037808668,15.713236012032135
61.693693693693696,17.234114034947194,20.065802466494137,13.784654292177478,16.1574056868511,13.988728274849738,13.803144800806091,14.222869110124018,15.714127520557867
61.789789789789786,17.23069162728512,20.063039342265622,13.782558155128216,16.152617462793685,13.98354716376588,13.80094741994565,14.225224490250651,15.715000686328143
61.885885885885884,17.227300196433315,20.060309974405342,13.780495392508865,16.14792328271319,13.978466105245108,13.798787178743673,14.227535056990364,15.715858922235551
61.98198198198198,17.223926062273375,20.05760349622409,13.778457824145324,16.143306150914416,13.973465918982669,13.79665585963788,14.229809348866947,15.716705641172677
62.07807807807808,17.220555544686892,20.05490904103267,13.776437269863495,16.138749071702165,13.968527424673805,13.794545245065986,14.232055904404186,15.717544256032095
62.174174174174176,17.217174963555465,20.05221574214188,13.774425549489266,16.13423504938124,13.963631442013757,13.79244711746571,14.234283262125869,15.718378179706406
62.27027027027027,17.21377063876069,20.049512732862514,13.77241448284854,16.129747088256437,13.95875879069778,13.790353259274768,14.236499960555776,15.719210825088176
62.366366366366364,17.210328890184165,20.046789146505372,13.770395889767212,16.125268192632557,13.953890290421118,13.788255452930873,14.2387145382177,15.720045605069988
62.46246246246246,17.206836037707475,20.044034116381255,13.768361590071176,16.120781366814402,13.949006760879007,13.78614548087175,14.240935533635424,15.72088593254444
62.55855855855856,17.203278401212234,20.041236775800964,13.766303403586333,16.116269615106777,13.944089021766706,13.784015125535113,14.243171485332734,15.721735220404105
62.65465465465466,17.199642300580024,20.03838625807528,13.764213150138577,16.111715941814477,13.939117892779452,13.781856169358676,14.24543093183342,15.722596881541568
62.75075075075075,17.195914055692445,20.035471696515028,13.762082649553808,16.10710335124231,13.934074193612494,13.779660394780159,14.247722411661265,15.72347432884941
62.846846846846844,17.19207998643109,20.032482224430982,13.759903721657915,16.10241484769507,13.928938743961078,13.777419584237279,14.250054463340057,15.72437097522022
62.94294294294294,17.188126412677562,20.029406975133956,13.757668186276808,16.097633435477555,13.923692363520445,13.775125520167752,14.252435625393584,15.725290233546577
63.03903903903904,17.18403965431345,20.02623508193474,13.755367863236373,16.092742118894574,13.918315871985849,13.772769985009297,14.254874436345629,15.726235516721065
63.13513513513514,17.179806031220355,20.02295567814414,13.752994572362512,16.08772390225092,13.912790089052528,13.770344761199627,14.25737943471998,15.72721023763627
63.23123123123123,17.175411863279873,20.01955789707295,13.75054013348112,16.082561789851407,13.907095834415731,13.767841631176461,14.259959159040426,15.72821780918477
63.327327327327325,17.170843470373594,20.01603087203196,13.74799636641809,16.077238786000827,13.901213927770705,13.765252377377521,14.262622147830747,15.729261644259154
63.42342342342342,17.166087172383115,20.012363736331977,13.745355090999325,16.07173789500397,13.89512518881269,13.762568782240514,14.265376939614734,15.730345155752001
63.51951951951952,17.16112928919004,20.0085456232838,13.74260812705072,16.06604212116566,13.88881043723694,13.759782628203169,14.268232072916174,15.731471756555898
63.61561561561562,17.15595614067596,20.00456566619823,13.739747294398171,16.060134468790675,13.882250492738695,13.756885697703195,14.271196086258852,15.732644859563427
63.711711711711715,17.150554046722466,20.000412998386057,13.736764412867577,16.053997942183834,13.8754261750132,13.753869773178307,14.274277518166556,15.733867877667167
63.807807807807805,17.144909327211163,19.996076753158086,13.733651302284834,16.047615545649926,13.868318303755705,13.75072663706623,14.277484907163068,15.735144223759711
63.9039039039039,17.13900830202364,19.991546063825112,13.730399782475835,16.040970283493756,13.860907698661451,13.747448071804675,14.28082679177218,15.736477310733632
64.0,17.132837291041493,19.98681006369793,13.727001673266482,16.034045160020128,13.853175179425689,13.74402585983136,14.284311710517676,15.73787055148152
64.09609609609609,17.12638832275399,19.981862347177476,13.723452054385863,16.026830029845353,13.845109225615495,13.740455114089508,14.287944756315166,15.73932599895273
64.1921921921922,17.119676260081032,19.9767143530252,13.719759045175866,16.01934214883181,13.836728956285294,13.736744269544355,14.291717239647554,15.740840266323747
64.28828828828829,17.11272167455021,19.97138198109269,13.715934024881566,16.01160562315339,13.828061150361348,13.732905091666634,14.295617025389573,15.742408606827812
64.38438438438439,17.105545137689095,19.965881131231527,13.711988372748046,16.003644558983993,13.819132586769914,13.728949345927088,14.299631978415952,15.74402627369819
64.48048048048048,17.098167221025264,19.96022770329329,13.707933468020384,15.9954830624975,13.809970044437254,13.724888797796453,14.303749963601419,15.745688520168121
64.57657657657657,17.090608496086308,19.954437597129584,13.703780689943656,15.987145239867814,13.800600302289624,13.720735212745469,14.307958845820703,15.747390599470862
64.67267267267268,17.082889534399786,19.948526712591967,13.699541417762944,15.978655197268818,13.79105013925328,13.716500356244875,14.312246489948539,15.74912776483967
64.76876876876877,17.07503090749329,19.94251094953204,13.695227030723329,15.970037040874407,13.78134633425449,13.712195993765409,14.316600760859648,15.750895269507796
64.86486486486487,17.067053186894395,19.936406207801383,13.690848908069885,15.961314876858482,13.771515666219509,13.707833890777804,14.321009523428765,15.75268836670849
64.96096096096096,17.058976944130674,19.930228387251585,13.686418429047695,15.952512811394929,13.761584914074598,13.703425812752808,14.325460642530622,15.754502309675006
65.05705705705705,17.05082275072971,19.923993387734225,13.681946972901837,15.94365495065764,13.751580856746012,13.698983525161157,14.329941983039943,15.756332351640594
65.15315315315316,17.042611178219083,19.917717109100888,13.67744591887739,15.934765400820506,13.741530273160013,13.694518793473584,14.334441409831461,15.75817374583851
65.24924924924925,17.034362798126367,19.911415451203162,13.672926646219432,15.92586826805742,13.731459942242862,13.690043383160832,14.338946787779902,15.760021745502009
65.34534534534535,17.02609818197914,19.905104313892625,13.668400534173045,15.916987658542281,13.721396642920814,13.68556905969364,14.34344598176,15.76187160386434
65.44144144144144,17.01783790130499,19.898799597020872,13.663878961983306,15.908147678448975,13.711367154120136,13.68110758854274,14.347926856646485,15.763718574158753
65.53753753753753,17.00960252763148,19.89251720043948,13.659373308895296,15.899372433951395,13.701398254767078,13.676670735178881,14.35237727731408,15.765557909618508
65.63363363363364,17.001412632486197,19.886273024000033,13.65489495415409,15.890686031223437,13.691516723787903,13.672270265072795,14.35678510863752,15.767384863476853
65.72972972972973,16.993288787396718,19.880082967554124,13.650455277004772,15.882112576438988,13.681749340108873,13.66791794369522,14.361138215491534,15.769194688967037
65.82582582582583,16.98525156389062,19.873962930953333,13.646065656692418,15.873676175771948,13.672122882656243,13.663625536516896,14.365424462750854,15.770982639322323
65.92192192192192,16.977321533495488,19.867928814049236,13.64173747246211,15.8654009353962,13.662664130356278,13.659404809008564,14.369631715290204,15.772743967775954
66.01801801801801,16.969519240090015,19.86199649517558,13.637482088162256,15.857310927710182,13.653399824982637,13.655267510405897,14.3737478549184,15.774473934026966
66.11411411411412,16.96185831430901,19.856176472405824,13.633307017903576,15.849421779995748,13.64434741878379,13.651221330578148,14.377764997593095,15.776169414459224
66.2102102102102,16.954336410855156,19.85046681047909,13.629210879372906,15.841729603572114,13.635502896687457,13.647264578536092,14.38168504403803,15.777831021480873
66.30630630630631,16.94694893463158,19.844863823218812,13.625191037424356,15.834227761436603,13.626859220500798,13.643394242237598,14.385511272909831,15.779459893623088
66.4024024024024,16.939691290541393,19.83936382444841,13.621244856912046,15.826909616586548,13.61840935203098,13.639607309640562,14.389246962865144,15.781057169417048
66.49849849849849,16.932558883487733,19.83396312799131,13.617369702690086,15.819768532019268,13.610146253085158,13.635900768702857,14.3928953925606,15.78262398739393
66.5945945945946,16.9255471183737,19.828658047670956,13.613562939612583,15.81279787073209,13.6020628854705,13.632271607382368,14.396459840652842,15.784161486084908
66.69069069069069,16.918651400102434,19.823444897310765,13.609821932533665,15.805990995722341,13.594152210994165,13.628716813636983,14.399943585798503,15.785670804021162
66.78678678678679,16.911867133577044,19.818319990734174,13.606144046307428,15.799341269987345,13.586407191463318,13.625233375424573,14.403349906654217,15.787153079733866
66.88288288288288,16.90518972370066,19.81327964176461,13.602526645787993,15.792842056524432,13.578820788685125,13.621818280703026,14.406682081876626,15.788609451754196
66.97897897897897,16.898614575376396,19.808320164225503,13.598967095829478,15.786486718330917,13.571385964466742,13.618468517430227,14.409943390122363,15.79004105861333
67.07507507507508,16.892137093507376,19.803437871940275,13.595462761285987,15.780268618404131,13.564095680615331,13.61518107356405,14.413137110048066,15.791449038842442
67.17117117117117,16.885752682996717,19.798629078732365,13.592011007011639,15.774181119741403,13.55694289893806,13.611952937062382,14.41626652031037,15.792834530972714
67.26726726726727,16.879456748747554,19.793890098425198,13.58860919786055,15.768217585340055,13.549920581242091,13.608781095883108,14.419334899565914,15.794198673535318
67.36336336336336,16.873244695662994,19.789217244842206,13.585254698686827,15.76237137819741,13.543021689334584,13.605662537984104,14.42234552647133,15.79554260506143
67.45945945945945,16.867111928646164,19.784606831806816,13.581944874344584,15.7566358613108,13.536239185022703,13.602594251323255,14.425301679683262,15.796867464082231
67.55555555555556,16.86105385260019,19.78005517314245,13.578677089687938,15.75100439767754,13.529566030113607,13.59957322385844,14.428206637858343,15.798174389128894
67.65165165165165,16.855065872428185,19.775558582672556,13.575448709570997,15.745470350294962,13.522995186414466,13.59659644354755,14.431063679653205,15.799464518732599
67.74774774774775,16.849143393033273,19.771113374220548,13.572257098847878,15.740027082160394,13.516519615732436,13.593660898348462,14.433876083724492,15.800738991424513
67.84384384384384,16.843281819318577,19.766715861609857,13.569099622372693,15.734667956271156,13.510132279874682,13.59076357621905,14.436647128728838,15.801998945735823
67.93993993993993,16.837476556187212,19.76236235866392,13.565973644999557,15.729386335624577,13.503826140648364,13.587901465117207,14.439380093322876,15.803245520197706
68.03603603603604,16.83172300854231,19.75804917920616,13.56287653158258,15.724175583217976,13.497594159860652,13.58507155300081,14.44207825616325,15.804479853341332
68.13213213213213,16.82601658128699,19.753772637060006,13.559805646975878,15.719029062048683,13.491429299318696,13.582270827827744,14.444744895906588,15.80570308369788
68.22822822822823,16.820352679324365,19.74952904604889,13.55675835603356,15.713940135114028,13.485324520829675,13.579496277555887,14.447383291209533,15.806916349798527
68.32432432432432,16.814726707557565,19.745314719996237,13.553732023609749,15.708902165411326,13.479272786200735,13.576744890143125,14.44999672072872,15.808120790174451
68.42042042042041,16.809134070889705,19.741125972725484,13.550724014558547,15.703908515937915,13.473267057239052,13.57401365354734,14.452588463120783,15.809317543356826
68.51651651651652,16.80357017422391,19.736959118060057,13.547731693734072,15.698952549691105,13.467300295751777,13.571299555726407,14.455161797042363,15.810507747876827
68.61261261261261,16.798030422463302,19.73281046982338,13.544752425990437,15.694027629668234,13.461365463546086,13.56859958463822,14.457720001150093,15.811692542265634
68.70870870870871,16.792510220511,19.728676341838895,13.541783576181754,15.689127118866619,13.455455522429126,13.565910728240649,14.46026635410061,15.812873065054426
68.8048048048048,16.787004973270125,19.724553047930016,13.538822509162141,15.684244380283591,13.449563434208075,13.563229974491584,14.462804134550552,15.81405045477437
68.9009009009009,16.781510085643806,19.720436901920184,13.535866589785703,15.679372776916473,13.443682160690084,13.560554311348906,14.465336621156554,15.815225849956654
68.996996996997,16.776020962535153,19.71632421763282,13.532913182906558,15.674505671762596,13.437804663682318,13.557880726770493,14.467867092575254,15.816400389132445
69.09309309309309,16.770531978595262,19.71221062611542,13.529959083122145,15.669636263225945,13.431923498634857,13.555205966818576,14.470398924404492,15.817575381348496
69.1891891891892,16.765032982192913,19.708088758725516,13.526998579679123,15.664757026590514,13.426029435719206,13.552525714817321,14.472935918141056,15.818752884790161
69.28528528528528,16.759512579038145,19.70395042327704,13.524025273997859,15.659860238612817,13.420112754971274,13.549835362323698,14.475481992209255,15.81993516331351
69.38138138138137,16.753959374806428,19.699787427560985,13.521032767479577,15.654938176043832,13.414163736413348,13.547130300886556,14.478041065036674,15.82112448078033
69.47747747747748,16.748361975173232,19.69559157936835,13.518014661525502,15.649983115634539,13.408172660067693,13.544405922054754,14.480617055050885,15.82232310105241
69.57357357357357,16.74270898581401,19.691354686490158,13.51496455753686,15.644987334135932,13.402129805956603,13.541657617377128,14.483213880679457,15.823533287991538
69.66966966966967,16.736989012404234,19.687068556717392,13.511876056914875,15.63994310829899,13.396025454102341,13.53888077840254,14.485835460349977,15.824757305459505
69.76576576576576,16.73119066061936,19.68272499784107,13.508742761060773,15.634842714874697,13.389849884527196,13.536070796679839,14.488485712490007,15.825997417318098
69.86186186186187,16.72530253613487,19.678315817652187,13.505558271375781,15.629678430614044,13.383593377253444,13.533223063757873,14.491168555527132,15.827255887429104
69.95795795795796,16.71931324462621,19.67383282394175,13.502316189261117,15.62444253226801,13.377246212303357,13.530332971185494,14.493887907888919,15.828534979654316
70.05405405405405,16.713211391768855,19.669267824500757,13.499010116118013,15.619127296587584,13.37079866969922,13.527395910511549,14.496647688002948,15.82983695785552
70.15015015015015,16.706985583238268,19.664612627120214,13.495633653347689,15.613725000323742,13.364241029463306,13.524407273284893,14.49945181429679,15.8311640858945
70.24624624624624,16.700624424709908,19.659859039591133,13.492180402351373,15.60822792022748,13.357563571617897,13.521362451054372,14.50230420519802,15.832518627633052
70.34234234234235,16.694116521859247,19.654998869704503,13.488643964530283,15.602628333049772,13.350756576185269,13.518256835368838,14.505208779134218,15.833902846932963
70.43843843843844,16.687450480361747,19.650023925251336,13.485017941285651,15.596918515541608,13.3438103231877,13.515085817777145,14.508169454532954,15.835319007656015
70.53453453453453,16.68061490589287,19.644926014022634,13.4812959340187,15.591090744453972,13.336715092647466,13.511844789828137,14.5111901498218,15.836769373664003
70.63063063063063,16.673598404128086,19.639696943809398,13.477471544130657,15.585137296537852,13.329461164586853,13.50852914307067,14.514274783428338,15.838256208818718
70.72672672672672,16.666389580742855,19.634328522402637,13.473538373022741,15.579050448544226,13.322038819028128,13.505134269053592,14.517427273780136,15.839781776981937
70.82282282282283,16.658977041412637,19.62881255759335,13.469490022096183,15.572822477224085,13.314438335993579,13.501655559325753,14.520651539304778,15.84134834201546
70.91891891891892,16.651349391812907,19.623140857172537,13.4653200927522,15.566445659328403,13.306649995505476,13.49808840543601,14.523951498429827,15.842958167781074
71.01501501501501,16.64349523761913,19.617305228931208,13.461022186392025,15.559912271608178,13.298664077586103,13.4944281989332,14.527331069582864,15.844613518140562
71.11111111111111,16.635403184506757,19.61129748066036,13.45658990441688,15.55321459081439,13.290470862257733,13.490670331366184,14.530794171191463,15.846316656955716
71.2072072072072,16.627061838151267,19.605109420151003,13.452016848227988,15.546344893698016,13.28206062954265,13.48681019428381,14.534344721683201,15.848069848088326
71.30330330330331,16.618459804228113,19.598732855194136,13.447296619226574,15.539295457010052,13.273423659463123,13.482843179234925,14.537986639485649,15.849875355400178
71.3993993993994,16.60958568841277,19.592159593580764,13.442422818813865,15.532058557501477,13.264550232041442,13.478764677768385,14.541723843026382,15.851735442753062
71.49549549549549,16.600428096380696,19.58538144310189,13.437389048391085,15.524626471923279,13.255430627299877,13.474570081433038,14.545560250732978,15.853652374008764
71.5915915915916,16.590975633807357,19.578390211548513,13.432188909359457,15.516991477026432,13.246055125260705,13.47025478177773,14.549499781033006,15.855628413029077
71.68768768768768,16.58121690636822,19.571177706711644,13.426816003120209,15.509145849561934,13.236414005946207,13.46581417035132,14.553546352354049,15.85766582367578
71.78378378378379,16.571140519738744,19.56373573638228,13.421263931074561,15.501081866280758,13.226497549378664,13.46124363870265,14.557703883123677,15.859766869810677
71.87987987987988,16.560735079594398,19.556056108351427,13.415526294623742,15.4927918039339,13.21629603558035,13.456538578380577,14.561976291769463,15.861933815295542
71.97597597597597,16.54998919161065,19.548130630410093,13.409596695168974,15.484267939272334,13.205799744573543,13.451694380933949,14.566367496718982,15.864168923992173
72.07207207207207,16.538894322943275,19.53995320732192,13.403470323708202,15.475504644769622,13.195001603860751,13.446707671481908,14.570880333707848,15.866473874261864
72.16816816816817,16.52746684622495,19.531535995279164,13.397156206618217,15.466514533447617,13.183917583827972,13.441585811773932,14.575508215041566,15.868845248443103
72.26426426426427,16.515735957759407,19.52290054801817,13.390670494024048,15.457319610270048,13.172575519494822,13.436341691781916,14.58023970096165,15.871277004964778
72.36036036036036,16.50373095983115,19.514068496940933,13.384029394924701,15.447941957820028,13.161003343935757,13.43098824716556,14.585063311609906,15.873763080570559
72.45645645645645,16.491481154724664,19.50506147344944,13.377249118319167,15.438403658680633,13.149228990225206,13.42553841358454,14.589967567128143,15.876297412004128
72.55255255255256,16.479015844724437,19.49590110894569,13.37034587320644,15.428726795434969,13.137280391437622,13.420005126698548,14.594940987658166,15.878873936009159
72.64864864864865,16.466364332114974,19.48660903483168,13.363335868585516,15.418933450666128,13.125185480647447,13.414401322167278,14.599972093341783,15.881486589329324
72.74474474474475,16.453555919180754,19.4772068825094,13.356235313455386,15.409045706957208,13.112972190929122,13.408739935650416,14.605049404320802,15.884129308708312
72.84084084084084,16.440619908206287,19.467716283380852,13.349060416815048,15.399085646891297,13.100668455357098,13.403033902807652,14.610161440737032,15.886796030889784
72.93693693693693,16.427585601476046,19.458158868848024,13.341827387663496,15.389075353051501,13.088302207005814,13.39729615929867,14.61529672273228,15.889480692617427
73.03303303303304,16.41448230127454,19.448556270312913,13.334552434999722,15.379036908020904,13.075901378949714,13.391539640783165,14.620443770448343,15.892177230634912
73.12912912912913,16.401339309886247,19.438930119177517,13.327251767822723,15.368992394382609,13.063493904263247,13.385777282920822,14.625591104027041,15.894879581685922
73.22522522522523,16.388185929595675,19.429302046843823,13.31994159513149,15.358963894719704,13.051107716020846,13.380022021371332,14.630727243610181,15.897581682514128
73.32132132132132,16.375051462687306,19.41969368471383,13.312638125925021,15.348973491615292,13.038770747296969,13.374286791794384,14.63584070933956,15.90027746986321
73.41741741741741,16.36196521144564,19.410126664189537,13.305357569202314,15.339043267652459,13.026510931166053,13.368584529849667,14.64092002135699,15.902960880476838
73.51351351351352,16.348956478155163,19.40062261667293,13.298116133962354,15.329195305414304,13.014356200702537,13.36292817119687,14.64595369980428,15.905625851098698
73.6096096096096,16.33605456510037,19.391203173566012,13.290930029204143,15.319451687483927,13.00233448898088,13.35733065149568,14.650930264823241,15.908266318472458
73.70570570570571,16.323288774565757,19.381889966270776,13.28381546392667,15.309834496444413,12.990473729075507,13.351804906405787,14.65583823655567,15.910876219341802
73.8018018018018,16.310688408835812,19.37270462618921,13.276788647128937,15.300365814878864,12.978801854060878,13.346363871586881,14.660666135143382,15.913449490450398
73.89789789789789,16.298282770195026,19.363668784723316,13.269865787809934,15.291067725370372,12.96734679701143,13.341020482698651,14.66540248072818,15.915980068541934
73.993993993994,16.2861011609279,19.35480407327509,13.263063094968652,15.281962310502035,12.956136491001608,13.335787675400779,14.670035793451873,15.918461890360074
74.09009009009009,16.27416774017722,19.346128301422677,13.256393949449269,15.273067667596937,12.945193826346069,13.330676062355032,14.674556677405675,15.920889967422024
74.18618618618619,16.262481841331272,19.33764083094209,13.249858080697354,15.264382657275732,12.93451735214474,13.32568504319817,14.67896579582738,15.923264499136936
74.28228228228228,16.251035316983494,19.32933546469578,13.243451104554934,15.255900343524587,12.924098282710059,13.320810638723446,14.683266843097792,15.925587248191952
74.37837837837837,16.239820018203424,19.321206004413824,13.237168636026048,15.247613789148847,12.913927830860308,13.316048869035823,14.687463514215175,15.927859977592673
74.47447447447448,16.228827796060603,19.31324625182627,13.231006290114733,15.239516056953873,12.90399720941377,13.311395754240252,14.691559504177798,15.930084450344694
74.57057057057057,16.218050501624585,19.305450008663197,13.224959681825045,15.231600209745006,12.894297631188723,13.3068473144417,14.695558507983925,15.932262429453608
74.66666666666667,16.2074799859649,19.29781107665466,13.219024426161013,15.223859310327596,12.884820309003459,13.302399569745122,14.69946422063182,15.934395677925012
74.76276276276276,16.197108100151095,19.290323257530723,13.21319613812669,15.216286421507005,12.875556455676257,13.298048540255468,14.70328033711975,15.936485958764504
74.85885885885885,16.186926695252716,19.282980353021454,13.207470432726115,15.208874606088575,12.866497284025403,13.293790246077714,14.70701055244599,15.938535034977674
74.95495495495496,16.1769276223393,19.27577616485691,13.201842924963337,15.201616926877659,12.857634006869167,13.289620707316798,14.710658561608794,15.940544669570123
75.05105105105105,16.16710273248039,19.268704494767157,13.19630922984239,15.19450644667961,12.848957837025852,13.285535944077692,14.714228059606437,15.942516625547437
75.14714714714715,16.157443876745532,19.261759144482266,13.190864962367321,15.18753622829977,12.840459987313727,13.281531976465349,14.71772274143718,15.944452665915222
75.24324324324324,16.14794290620427,19.25493391573229,13.185505737542174,15.180699334543501,12.83213167055108,13.277604824584731,14.721146302099292,15.94635455367907
75.33933933933933,16.138591671926143,19.2482226102473,13.180227170370994,15.173988828216151,12.823964099556196,13.273750508540793,14.724502436591033,15.948224051844576
75.43543543543544,16.129382024980696,19.241619029757356,13.175024875857824,15.167397772123065,12.815948487147352,13.269965048438495,14.727794839910679,15.950062923417335
75.53153153153153,16.12030581643747,19.235116975992526,13.169894469006705,15.160919229069597,12.808076046142839,13.266244464382792,14.731027207056494,15.951872931402947
75.62762762762763,16.111354897366002,19.228710250682866,13.16483156482168,15.154546261861102,12.800337989360933,13.262584776478645,14.734203233026738,15.953655838806998
75.72372372372372,16.102521118835845,19.22239265555845,13.15983177830679,15.14827193330292,12.792725529619918,13.25898200483101,14.737326612819679,15.955413408635094
75.81981981981981,16.093796331916536,19.216157992349334,13.154890724466089,15.142089306200418,12.785229879738083,13.255432169544854,14.740401041433588,15.957147403892824
75.91591591591592,16.085172387677616,19.210000062785582,13.150004018303605,15.135991443358925,12.777842252533706,13.251931290725125,14.743430213866729,15.958859587585783
76.01201201201201,16.076641137188634,19.203912668597265,13.145167274823393,15.129971407583815,12.770553860825071,13.248475388476782,14.746417825117364,15.96055172271957
76.10810810810811,16.06819443151912,19.19788961151444,13.14037610902949,15.124022261680425,12.763355917430458,13.245060482904785,14.749367570183768,15.962225572299783
76.2042042042042,16.059824121738632,19.191924693267172,13.135626135925943,15.118137068454107,12.756239635168157,13.2416825941141,14.752283144064199,15.96388289933201
76.3003003003003,16.051522058916703,19.186011715585522,13.130912970516793,15.112308890710214,12.74919622685645,13.238337742209671,14.755168241756925,15.96552546682185
76.3963963963964,16.04328009412288,19.18014448019956,13.126232227806083,15.1065307912541,12.742216905313612,13.235021947296469,14.758026558260212,15.9671550377749
76.49249249249249,16.035090078426702,19.174316788839345,13.121579522797855,15.100795832891107,12.735292883357936,13.231731229479443,14.760861788572333,15.968773375196754
76.58858858858859,16.026943862897713,19.16852244323495,13.116950470496159,15.095097078426594,12.7284153738077,13.228461608863554,14.763677627691546,15.970382242093006
76.68468468468468,16.018833298605458,19.162755245116422,13.11234068590503,15.089427590665908,12.721575589481185,13.225209105553764,14.76647777061612,15.971983401469256
76.78078078078077,16.01075023661947,19.15700899621384,13.107745784028513,15.0837804324144,12.71476474319668,13.221969739655028,14.76926591234432,15.973578616331096
76.87687687687688,16.002686528009306,19.15127749825726,13.103161379870656,15.07814866647742,12.707974047772467,13.218739531272309,14.772045747874415,15.975169649684123
76.97297297297297,15.994634023844498,19.145554552976744,13.0985830884355,15.072525355660321,12.701194716026823,13.215514500510556,14.774820972204669,15.976758264533931
77.06906906906907,15.986584257797997,19.13983379487091,13.094006320506557,15.066903450355207,12.694417922014178,13.212290623589706,14.777595297796593,15.978346267327023
77.16516516516516,15.978525692958332,19.134107240593906,13.089424511180198,15.061274813436595,12.687634464776421,13.209063452173508,14.780372606056034,15.979935884769503
77.26126126126125,15.970445070562937,19.128365999582662,13.0848299876728,15.055630697946148,12.680834933064606,13.205828299852959,14.783156873125536,15.981529579230912
77.35735735735736,15.962329112832071,19.12260117125421,13.080215064964618,15.049962350190155,12.674009913307216,13.202580477589615,14.785952076193967,15.983129815683606
77.45345345345345,15.954164541985987,19.116803855025598,13.075572058035922,15.044261016474891,12.667149991932728,13.199315296345057,14.788762192450205,15.984739059099928
77.54954954954955,15.945938080244945,19.11096515031386,13.070893281866972,15.03851794310665,12.660245755369617,13.196028067080846,14.791591199083113,15.98635977445223
77.64564564564564,15.93763644982919,19.105076156536036,13.06617105143803,15.032724376391721,12.653287790046367,13.19271410075855,14.794443073281565,15.987994426712865
77.74174174174173,15.92924637295898,19.099127973109177,13.061397681729368,15.02687156263638,12.646266682391454,13.189368708339744,14.797321792234436,15.989645480854186
77.83783783783784,15.920754571854568,19.093111699450315,13.056565487721237,15.020950748146916,12.63917301883335,13.185987200785988,14.800231333130586,15.991315401848539
77.93393393393393,15.912147768736215,19.0870184349765,13.051666784393905,15.014953179229618,12.631997385800545,13.18256488905885,14.8031756731589,15.993006654668276
78.03003003003003,15.90341268582417,19.080839279104765,13.046693886727635,15.00887010219077,12.624730369721506,13.179097084119906,14.806158789508242,15.99472170428575
78.12612612612612,15.894536045338691,19.07456533125216,13.041639109702691,15.002692763336652,12.617362557024716,13.175579096930717,14.80918465936748,15.996463015673312
78.22222222222223,15.885504569500029,19.06818769083572,13.036494768299335,14.996412408973562,12.609884534138654,13.172006238452855,14.812257259925493,15.998233053803313
78.31831831831832,15.876304980528444,19.06169745727249,13.031253177497831,14.990020285407773,12.602286887491799,13.168373819647888,14.815380568371145,16.000034283648105
78.41441441441441,15.866924000644184,19.055085729979517,13.025906652278444,14.983507638945582,12.594560203512625,13.164677151477381,14.818558561893308,16.001869170180033
78.51051051051051,15.857348352067508,19.04834360837383,13.02044750762143,14.976865715893261,12.586695068629611,13.160911544902904,14.821795217680858,16.00374017837145
78.6066066066066,15.84756475701867,19.041462191872476,13.014868058507059,14.970085762557112,12.578682069271242,13.157072310886026,14.825094512922663,16.005649773194712
78.70270270270271,15.837559937717918,19.034432579892503,13.009160619915594,14.963159025243405,12.570511791865984,13.153154760388311,14.828460424807592,16.007600419622165
78.7987987987988,15.827320616385515,19.02724587185094,13.003317506827294,14.956076750258438,12.562174822842326,13.149154204371333,14.831896930524518,16.009594582626164
78.89489489489489,15.816833515241715,19.01989316716484,12.997331034222427,14.948830183908491,12.55366174862874,13.145065953796658,14.835408007262307,16.011634727179054
78.990990990991,15.806085356506768,19.012365565251244,12.991193517081248,14.941410572499848,12.544963155653704,13.140885319625855,14.838997632209841,16.013723318253188
79.08708708708708,15.795062862400936,19.004654165527185,12.984897270384026,14.933809162338802,12.5360696303457,13.136607612820491,14.842669782555983,16.01586282082092
79.18318318318319,15.783752755144462,18.996750067409707,12.978434609111028,14.926017199731628,12.526971759133204,13.13222814434213,14.846428435489607,16.018055699854592
79.27927927927928,15.772141756957609,18.98864437031586,12.971797848242511,14.91802593098462,12.517660128444696,13.12774222515235,14.85027756819958,16.02030442032657
79.37537537537537,15.76021659006063,18.98032817366268,12.964979302758739,14.909826602404058,12.508125324708653,13.123145166212707,14.854221157874775,16.022611447209194
79.47147147147147,15.747963976673779,18.971792576867205,12.957971287639975,14.901410460296233,12.49835793435355,13.118432278484782,14.858263181704068,16.024979245474817
79.56756756756756,15.735370639017313,18.96302867934648,12.950766117866483,14.89276875096743,12.48834854380787,13.113598872930135,14.862407616876322,16.027410280095793
79.66366366366367,15.72242329931148,18.954027580517547,12.943356108418524,14.883892720723932,12.47808773950009,13.108640260510333,14.866658440580416,16.02990701604447
79.75975975975976,15.709108679776543,18.944780379797443,12.935733574276364,14.874773615872025,12.467566107858683,13.103551752186949,14.871019630005211,16.032471918293194
79.85585585585585,15.69541350263275,18.93527817660322,12.927890830420266,14.865402682717999,12.456774235312137,13.098328658921545,14.875495162339588,16.035107451814326
79.95195195195195,15.68132449010036,18.925512070351907,12.919820191830494,14.855771167568129,12.445702708288922,13.092966291675697,14.880089014772413,16.037816081580207
80.04804804804805,15.666829448950113,18.915473899701865,12.911514598813895,14.845871041817068,12.434342921457995,13.087460358377914,14.884804827042394,16.04060006792046
80.14414414414415,15.651941130613908,18.905172505861543,12.902981374188824,14.83571095389163,12.422704859019293,13.081815697196419,14.88963847753447,16.043456964381846
80.24024024024024,15.636697231184836,18.894633732589515,12.894242223285152,14.825316229250806,12.410817094703733,13.076046276539156,14.894578083279805,16.046379617728252
80.33633633633633,15.621136531306462,18.88388416288565,12.885319476759319,14.814712918441957,12.398709010482703,13.070166461781001,14.8996114238594,16.04936067008084
80.43243243243244,15.60529781162234,18.872950379749817,12.87623546526778,14.80392707201243,12.386409988327598,13.064190618296834,14.904726278854257,16.052392763560768
80.52852852852853,15.589219852776043,18.8618589661819,12.867012519466986,14.792984740509569,12.37394941020981,13.05813311146155,14.909910427845386,16.05546854028921
80.62462462462463,15.572941435411128,18.85063650518176,12.857672970013386,14.781911974480732,12.361356658100732,13.05200830665002,14.915151650413783,16.05858064238731
80.72072072072072,15.556501340171163,18.839309579749287,12.848239147563431,14.770734824473267,12.34866111397176,13.045830569237133,14.92043772614045,16.061721711976244
80.81681681681681,15.539938347699714,18.827904772884345,12.83873338277357,14.759479341034531,12.335892159794282,13.039614264597766,14.925756434606392,16.064884391177163
80.91291291291292,15.523291238640342,18.816448667586805,12.829178006300248,14.748171574711868,12.32307917753969,13.033373758106807,14.931095555392615,16.068061322111234
81.009009009009,15.50659879363661,18.804967846856545,12.819595348799925,14.736837576052636,12.310251549179378,13.027123415139135,14.936442868080114,16.071245146899614
81.10510510510511,15.489899793332086,18.79348889369344,12.810007740929045,14.725503395604175,12.29743865668474,13.02087760106963,14.941786152249895,16.074428507663466
81.2012012012012,15.473233018370333,18.782038391097363,12.800437513344058,14.714195083913845,12.284669882027169,13.014650681273181,14.947113187482962,16.077604046523952
81.29729729729729,15.456637249394914,18.770642922068184,12.790906996701413,14.702938691529004,12.271974607178054,13.00845702112467,14.952411753360318,16.08076440560223
81.3933933933934,15.44015126704939,18.759329069605784,12.781438521657563,14.691760268996983,12.259382214108792,13.002310985998971,14.957669629462963,16.08390222701947
81.48948948948949,15.423813851977334,18.748123416710026,12.772054418868956,14.68068586686515,12.246922084790771,12.99622694127098,14.962874595371897,16.087010152896823
81.58558558558559,15.407663784822297,18.737052546380795,12.762777018992042,14.66974153568085,12.234623601195386,12.990219252315564,14.96801443066813,16.090080825355454
81.68168168168168,15.391739846227855,18.726143041617966,12.753628652683274,14.65895332599143,12.222516145294032,12.984302284507615,14.973076914932658,16.093106886516523
81.77777777777777,15.37608081683757,18.7154214854214,12.744631650599098,14.648347288344254,12.210629099058098,12.978490403222015,14.978049827746487,16.096080978501192
81.87387387387388,15.360725477295004,18.704914460790977,12.735808343395966,14.63794947328666,12.198991844458975,12.972797973833645,14.98292094869062,16.098995743430628
81.96996996996997,15.345712608243717,18.694648550726576,12.727181061730326,14.627785931366002,12.187633763468064,12.967239361717386,14.987678057346058,16.10184382342598
82.06606606606607,15.331078198959409,18.684648413521245,12.71877053119717,14.61788082997661,12.176582087872765,12.961827885762936,14.992309824055308,16.10461839330986
82.16216216216216,15.31682812508042,18.674917943482075,12.710580161781056,14.608238020814596,12.165840852997798,12.956565575242559,14.9968145288111,16.107318374756872
82.25825825825825,15.302949888710977,18.66544836597816,12.7026027985203,14.598848960156346,12.155399941078567,12.951447571181538,15.001196314837978,16.1099461958258
82.35435435435436,15.289430729805783,18.656230725620993,12.694831135714907,14.589704927423144,12.145249032417329,12.946468916325182,15.005459409015778,16.112504334603724
82.45045045045045,15.276257888319552,18.647256067022077,12.6872578676649,14.580797202036289,12.135377807316356,12.941624653418804,15.009608038224329,16.114995269177747
82.54654654654655,15.263418604207002,18.638515434792907,12.679875688670283,14.572117063417062,12.12577594607791,12.936909825207712,15.013646429343458,16.11742147763495
82.64264264264264,15.250900117422841,18.62999987354498,12.672677293031073,14.563655790986763,12.116433129004257,12.93231947443722,15.017578809253004,16.11978543806243
82.73873873873873,15.238689667921786,18.621700427889788,12.665655375047288,14.555404664166671,12.107339036397665,12.927848643852634,15.021409404832795,16.122089628547275
82.83483483483484,15.22677449565855,18.61360814243884,12.658802629018929,14.547354962378082,12.098483348560393,12.923492376199267,15.025142442962663,16.12433652717658
82.93093093093093,15.215141840587837,18.605714061803617,12.65211174924602,14.53949796504228,12.089855745794711,12.91924571422243,15.02878215052244,16.126528612037426
83.02702702702703,15.203778942664373,18.59800923059563,12.645575430028567,14.531824951580564,12.081445908402882,12.91510370066743,15.032332754391959,16.128668361216917
83.12312312312312,15.192673041842863,18.590484693426372,12.639186365666582,14.524327201414216,12.073243516687176,12.911061378279578,15.035798481451046,16.13075825280213
83.21921921921921,15.181811378078022,18.583131494907338,12.632937250460085,14.516995993964535,12.065238250949852,12.907113789804189,15.039183558579541,16.132800764880173
83.31531531531532,15.171181191324562,18.575940679650028,12.626820778709083,14.509822608652795,12.057419791493178,12.903255977986566,15.042492212657274,16.134798375538118
83.41141141141141,15.160769721537196,18.568903292265933,12.620829644713586,14.5027983249003,12.049777818619416,12.899482985572028,15.04572867056407,16.136753562863067
83.50750750750751,15.15056420867064,18.562010377366555,12.614956542773614,14.495914422128337,12.04230201263084,12.895789855305875,15.04889715917977,16.138668804942107
83.6036036036036,15.140551892679605,18.5552529795634,12.609194167189179,14.48916217975819,12.03498205382971,12.892171629933424,15.052001905384193,16.14054657986233
83.69969969969969,15.1307200135188,18.548622143467945,12.603535212260288,14.482532877211154,12.02780762251829,12.888623352199982,15.055047136057187,16.14238936571083
83.7957957957958,15.121055811142947,18.542108913691703,12.597972372286955,14.476017793908518,12.020768398998843,12.885140064850864,15.058037078078574,16.14419964057469
83.89189189189189,15.111546525506753,18.535704334846166,12.5924983415692,14.469608209271573,12.013854063573643,12.881716810631374,15.060975958328182,16.145979882541006
83.98798798798799,15.102179396564924,18.529399451542826,12.587105814407028,14.463295402721604,12.007054296544947,12.878348632286823,15.063868003685851,16.147732569696867
84.08408408408408,15.092941664272189,18.52318530839319,12.581787485100454,14.457070653679905,12.000358778215023,12.87503057256253,15.066717441031411,16.149460180129367
84.18018018018017,15.083820568583251,18.517052950008758,12.576536047949494,14.450925241567763,11.99375718888614,12.871757674203794,15.069528497244688,16.151165191925593
84.27627627627628,15.074803349452818,18.51099342100101,12.571344197254156,14.44485044580647,11.987239208860556,12.86852497995593,15.072305399205524,16.152850083172634
84.37237237237237,15.065877246835615,18.504997765981457,12.566204627314454,14.438837545817318,11.98079451844054,12.86532753256425,15.075052373793744,16.154517331957585
84.46846846846847,15.057029500686351,18.499057029561595,12.5611100324304,14.43287782102159,11.97441279792836,12.862160374774062,15.077773647889178,16.15616941636754
84.56456456456456,15.048247350959734,18.493162256352914,12.55605310690201,14.426962550840583,11.968083727626281,12.859018549330676,15.08047344837166,16.157808814489584
84.66066066066065,15.039518037610483,18.487304490966917,12.551026545029298,14.421083014695583,11.961796987836562,12.855897098979405,15.083156002121022,16.159438004410802
84.75675675675676,15.030828800593305,18.481474778015095,12.546023041112269,14.415230492007879,11.955542258861472,12.852791066465555,15.085825536017097,16.1610594642183
84.85285285285285,15.022166879862919,18.475664162108956,12.541035289450942,14.409396262198761,11.94930922100328,12.849695494534439,15.088486276939712,16.162675671999157
84.94894894894895,15.013519515374036,18.469863687859984,12.536055984345328,14.403571604689525,11.943087554564244,12.846605425931365,15.091142451768706,16.164289105840467
85.04504504504504,15.004874036194074,18.464064469023615,12.531077870742466,14.39774786117276,11.936867030510959,12.843515944525164,15.093798253078091,16.16590222501883
85.14114114114113,14.996220156257808,18.458259469810645,12.526095049023834,14.391918039868894,11.93063984620212,12.840423234747439,15.096456955337064,16.167516985397484
85.23723723723724,14.987550176989842,18.45244366210517,12.521103090165422,14.3860769571173,11.924400831539069,12.837324675098321,15.099120836906192,16.16913479665542
85.33333333333333,14.978856529536491,18.446612118444367,12.51609763887029,14.380219519905918,11.918144948403542,12.834217703941588,15.101792126206941,16.17075704108915
85.42942942942943,14.970131645044068,18.440759911365397,12.5110743398415,14.374340635222687,11.911867158677254,12.83109975964103,15.104473051660792,16.17238510099515
85.52552552552552,14.961367954658883,18.43488211340544,12.506028837782102,14.368435210055555,11.905562424241941,12.827968280560418,15.107165841689204,16.174020358669924
85.62162162162161,14.952557889527245,18.428973797101662,12.500956777395158,14.362498151392467,11.899225706979323,12.824820705063544,15.10987272471366,16.175664196409965
85.71771771771772,14.94369388079547,18.423030034991232,12.495853803383726,14.356524366221358,11.892851968771133,12.821654471514183,15.112595929155622,16.17731799651177
85.81381381381381,14.93476835960987,18.41704589961132,12.49071556045086,14.350508761530179,11.886436171499096,12.818467018276122,15.11533768343657,16.178983141271836
85.90990990990991,14.925773757116756,18.411016463499095,12.48553769329962,14.344446244306862,11.879973277044936,12.81525578371314,15.11810021597797,16.180661012986654
86.006006006006,14.916702504462439,18.404936799191738,12.480315846633063,14.338331721539365,11.873458247290383,12.812018206189022,15.120885755201293,16.182352993952716
86.1021021021021,14.907547032793236,18.398801979226405,12.475045665154246,14.332160100215624,11.866886044117164,12.808751724067546,15.123696529528013,16.184060466466523
86.1981981981982,14.898299773255449,18.392607076140276,12.469722793566225,14.32592628732358,11.860251629407005,12.805453775712502,15.126534767379601,16.185784812824572
86.29429429429429,14.888953156995402,18.38634716247052,12.46434287657206,14.319625189851182,11.853549965041637,12.802121799487667,15.129402697177527,16.18752741532335
86.3903903903904,14.879499615159396,18.380017310754305,12.458901558874807,14.313251714786363,11.846776012902783,12.798753233756823,15.132302547343263,16.18928965625936
86.48648648648648,14.869931578893752,18.373612593528797,12.453394485177522,14.306800769117078,11.839924734872168,12.795345516883753,15.13523654629828,16.191072917929088
86.58258258258259,14.860241479344777,18.367128083331174,12.447817300183265,14.300267259831262,11.832991092831522,12.79189608723224,15.138206922464054,16.19287858262904
86.67867867867868,14.850421747658782,18.3605588526986,12.442165648595093,14.293646093916859,11.825970048662574,12.788402383166062,15.141215904262046,16.1947080326557
86.77477477477477,14.840464814982083,18.353899974168254,12.436435175116062,14.286932178361814,11.818856564247046,12.784861843049006,15.14426572011374,16.19656265030557
86.87087087087087,14.830363112460986,18.347146520277295,12.430621524449231,14.280120420154068,11.811645601466667,12.781271905244854,15.147358598440597,16.198443817875145
86.96696696696696,14.820109071241813,18.340293563562902,12.424720341297657,14.273205726281567,11.804332122203169,12.777630008117391,15.150496767664093,16.200352917660915
87.06306306306307,14.809695122470865,18.33333617656224,12.418727270364394,14.266183003732259,11.796911088338275,12.773933590030387,15.1536824562057,16.20229133195938
87.15915915915916,14.799113697294459,18.326269431812488,12.412637956352507,14.25904715949407,11.789377461753709,12.770180089347638,15.15691789248689,16.20426044306703
87.25525525525525,14.788357226858908,18.319088401850802,12.406448043965046,14.251793100554961,11.781726204331203,12.766366944432923,15.160205304929129,16.206261633280366
87.35135135135135,14.777418142310522,18.311788159214366,12.400153177905072,14.244415733902866,11.773952277952482,12.762491593650015,15.163546921953897,16.20829628489588
87.44744744744744,14.766288874795617,18.30436377644034,12.39374900287564,14.236909966525726,11.76605064449927,12.758551475362706,15.166944971982657,16.21036578021007
87.54354354354355,14.754961855460497,18.2968103260659,12.38723116357981,14.22927070541149,11.7580162658533,12.754544027934777,15.170401683436886,16.212471501519424
87.63963963963964,14.743429515451478,18.28912288062822,12.380595304720638,14.221492857548101,11.749844103896296,12.750466689730006,15.17391928473805,16.214614831120443
87.73573573573573,14.731684285914879,18.281296512664458,12.373837071001184,14.213571329923502,11.741529120509986,12.74631689911218,15.177500004307626,16.21679715130962
87.83183183183183,14.719718597997003,18.273326294711797,12.366952107124499,14.20550102952563,11.733066277576095,12.742092094445075,15.181146070567086,16.219019844383453
87.92792792792793,14.707524882844162,18.265207299307402,12.359936057793648,14.197276863342434,11.724450536976352,12.737789714092484,15.184859711937895,16.22128429263843
88.02402402402403,14.695095673037972,18.25693466579173,12.352784626071116,14.188893806738474,11.715676930250488,12.733407231503852,15.188643126425703,16.22359185968532
88.12012012012012,14.682435774831406,18.248511616703382,12.34550057651073,14.180355108649644,11.706748917556965,12.72894636549502,15.192494831721215,16.225941648161445
88.21621621621621,14.66957383177306,18.239957073354198,12.33810038813297,14.17168008651811,11.69768632868565,12.724417080014888,15.19640619779605,16.22832836955737
88.31231231231232,14.656541226164634,18.231291760744856,12.33060211566298,14.162889903954856,11.688510874192568,12.719830286325518,15.200367773394518,16.230746230848926
88.4084084084084,14.643369340307839,18.22253640387602,12.32302381382592,14.154005724570851,11.679244264633763,12.71519689568897,15.204370107260937,16.23318943901192
88.50450450450451,14.630089556504377,18.21371172774839,12.315383537346941,14.145048711977076,11.669908210565252,12.710527819367298,15.208403748139618,16.235652201022198
88.6006006006006,14.616733257055959,18.204838457362634,12.307699340951196,14.13604002978452,11.660524422543073,12.70583396862257,15.212459244774879,16.23812872385557
88.69669669669669,14.60333182426429,18.19593731771942,12.299989279363832,14.127000841604149,11.651114611123253,12.701126254716838,15.21652714591103,16.24061321448788
88.7927927927928,14.589916640431074,18.18702903381944,12.29227140731001,14.117952311046944,11.641700486861824,12.696415588912165,15.220598000292384,16.243099879894945
88.88888888888889,14.576519087858026,18.178134330663365,12.28456377951488,14.108915601723881,11.63230376031482,12.691712882470613,15.224662356663266,16.245582927052588
88.98498498498499,14.563170548846841,18.169273933251873,12.27688445070359,14.099911877245946,11.622946142038263,12.687029046654235,15.22871076376798,16.24805656293664
89.08108108108108,14.54990240569923,18.160468566585646,12.269251475601301,14.090962301224117,11.613649342588191,12.682374992725098,15.232733770350842,16.250514994522927
89.17717717717717,14.5367460407169,18.15173895566536,12.26168290893316,14.082088037269363,11.604435072520634,12.67776163194526,15.236721925156168,16.252952428787275
89.27327327327328,14.523732836201555,18.14310582549169,12.254196805424316,14.073310248992671,11.595325042391616,12.67319987557678,15.240665776928278,16.255363072705514
89.36936936936937,14.510894174454908,18.13458990106532,12.246811219799934,14.064650100005016,11.586340962757177,12.668700634881713,15.244555874411475,16.257741133253457
89.46546546546547,14.498261437778662,18.126211907386917,12.239544206785158,14.056128753917374,11.577504544173339,12.664274821122124,15.248382766350076,16.260080817406948
89.56156156156156,14.485866008474519,18.117992569457172,12.23241382110514,14.047767374340731,11.56883749719614,12.65993334556007,15.252137001488405,16.262376332141805
89.65765765765765,14.473739268844191,18.109952612276757,12.225438117485037,14.039587124886054,11.560361532381606,12.655687119457614,15.255809128570766,16.26462188443385
89.75375375375376,14.46191260118938,18.102112760846346,12.21863515065,14.03160916916433,11.552098360285767,12.651547054076815,15.259389696341477,16.26681168125892
89.84984984984985,14.450417387811799,18.094493740166623,12.212022975325182,14.023854670786534,11.544069691464655,12.64752406067973,15.262869253544853,16.268939929592825
89.94594594594595,14.439285011013148,18.08711627523826,12.205619646235736,14.016344793363643,11.536297236474299,12.643629050528421,15.26623834892521,16.27100083641141
90.04204204204204,14.428546247747118,18.08000069034268,12.199442869777405,14.009100292328686,11.528802284564089,12.63987272352396,15.269487714105818,16.272988720606993
90.13813813813813,14.418212823271038,18.07315469820318,12.193499389617271,14.00212907681424,11.521592865492842,12.636259127550362,15.272613836332017,16.274901423341966
90.23423423423424,14.408274033198044,18.06657116390138,12.187783042954713,13.995423931948055,11.514661398564046,12.632784479043302,15.2756199789678,16.276740932562447
90.33033033033033,14.398717886556135,18.060242100844416,12.182286926662195,13.988976775330968,11.507999407651015,12.62944454521934,15.278509794061593,16.2785094740779
90.42642642642643,14.3895323923733,18.054159522439445,12.177004137612169,13.982779524563815,11.50159841662707,12.626235093295026,15.281286933661825,16.280209273697793
90.52252252252252,14.380705559677534,18.0483154420936,12.171927772677096,13.976824097247428,11.495449949365526,12.623151890486916,15.283955049816921,16.281842557231588
90.61861861861861,14.37222539749683,18.042701873214035,12.167050928729433,13.971102410982644,11.489545529739702,12.620190704011563,15.28651779457531,16.28341155048875
90.71471471471472,14.364079914859182,18.037310829207893,12.162366702641632,13.965606383370305,11.483876681622913,12.617347301085523,15.288978819985422,16.284918479278748
90.8108108108108,14.356257120792584,18.032134323482325,12.157868191286154,13.960327932011241,11.478434928888479,12.614617448925353,15.291341778095674,16.286365569411043
90.90690690690691,14.348745024325027,18.027164369444463,12.153548491535455,13.955258974506284,11.473211795409718,12.611996914747598,15.293610320954503,16.287755046695107
91.003003003003,14.341531634484502,18.022392980501476,12.149400700261994,13.950391428456275,11.468198805059945,12.609481465768823,15.29578810061033,16.289089136940394
91.09909909909909,14.334604960299007,18.01781217006049,12.145417914338227,13.945717211462044,11.463387481712479,12.607066869205575,15.297878769111584,16.290370065956385
91.1951951951952,14.327953010796534,18.013413951528662,12.14159323063661,13.941228241124437,11.458769349240638,12.604748892274415,15.299885978506698,16.29160005955253
91.29129129129129,14.321563795005076,18.00919033831313,12.137919746029603,13.936916435044278,11.454335931517736,12.602523302191893,15.301813380844088,16.292781343538305
91.38738738738739,14.315425321952628,18.005133343821043,12.134390557389658,13.93277371082241,11.450078752417097,12.60038586617456,15.30366462817219,16.293916143723173
91.48348348348348,14.309525600667177,18.00123498145955,12.13099876158924,13.928791986059668,11.445989335812031,12.598332351438977,15.305443372539425,16.295006685916597
91.57957957957957,14.303852640176723,17.997487264635794,12.127737455500798,13.924963178356887,11.442059205575864,12.596358525201698,15.307153265994227,16.296055195928044
91.67567567567568,14.298394449509255,17.993882206756915,12.12459973599679,13.921279205314896,11.438279885581903,12.594460154679274,15.308797960585016,16.29706389956698
91.77177177177177,14.29313903769277,17.990411821230072,12.121578699949682,13.917731984534539,11.434642899703476,12.59263300708826,15.310381108360223,16.298035022642868
91.86786786786787,14.288074413755261,17.9870681214624,12.11866744423192,13.914313433616648,11.431139771813895,12.590872849645212,15.311906361368276,16.29897079096518
91.96396396396396,14.283188586724721,17.98384312086105,12.115859065715966,13.911015470162058,11.427762025786475,12.589175449566683,15.3133773716576,16.29987343034337
92.06006006006005,14.278469565629138,17.980728832833165,12.113146661274282,13.907830011771608,11.424501185494544,12.587536574069228,15.314797791276622,16.30074516658691
92.15615615615616,14.273905359496508,17.977717270785888,12.110523327779315,13.90474897604613,11.421348774811404,12.5859519903694,15.316171272273769,16.30158822550527
92.25225225225225,14.26948397735483,17.97480044812638,12.10798216210353,13.901764280586459,11.418296317610386,12.584417465683757,15.317501466697466,16.302404832907914
92.34834834834835,14.26519342823209,17.97197037826177,12.105516261119382,13.89886784299344,11.415335337764802,12.582928767228852,15.318792026596146,16.303197214604296
92.44444444444444,14.261021721156286,17.96921907459921,12.103118721699326,13.89605158086789,11.412457359147968,12.581481662221236,15.320046604018234,16.303967596403897
92.54054054054053,14.25695686515541,17.966538550545845,12.100782640715824,13.893307411810666,11.409653905633204,12.580071917877467,15.321268851012155,16.30471820411617
92.63663663663664,14.252986869257454,17.96392081950882,12.098501115041326,13.890627253422588,11.406916501093828,12.578695301414095,15.322462419626333,16.305451263550587
92.73273273273273,14.24909974249041,17.96135789489529,12.096267241548295,13.888003023304496,11.404236669403156,12.577347580047682,15.323630961909206,16.30616900051661
92.82882882882883,14.245283493882274,17.958841790112384,12.094074117109187,13.885426639057227,11.401605934434505,12.576024520994778,15.32477812990919,16.306873640823714
92.92492492492492,14.241526132461038,17.956364518567263,12.091914838596454,13.882890018281616,11.399015820061194,12.574721891471935,15.32590757567472,16.307567410281347
93.02102102102101,14.237815686076827,17.953918106225274,12.08978251372142,13.880385091261399,11.396457863517623,12.573435465359855,15.327022945509732,16.308252531201806
93.11711711711712,14.234143362421767,17.951496700655866,12.087672081330345,13.87790593095064,11.393925859282437,12.57216214239073,15.328126915235496,16.308930635076514
93.21321321321321,14.230507101967206,17.94909894156744,12.085582357388946,13.875451147046517,11.391418381168268,12.570901206097455,15.32922010583987,16.309602102433402
93.30930930930931,14.226905702606448,17.946724040743938,12.083512651615564,13.873019927002128,11.388934611637753,12.569652243590829,15.3303028766269,16.31026715448974
93.4054054054054,14.22333796223282,17.944371209969347,12.081462273728546,13.870611458270593,11.386473733153522,12.568414841981657,15.331375586900634,16.310926012462783
93.5015015015015,14.21980267873964,17.942039661027625,12.079430533446239,13.868224928305024,11.38403492817821,12.567188588380743,15.332438595965115,16.311578897569788
93.5975975975976,14.21629865002022,17.939728605702744,12.077416740486981,13.865859524558527,11.381617379174449,12.565973069898897,15.333492263124393,16.31222603102803
93.69369369369369,14.212824673967875,17.937437255778672,12.075420204569122,13.863514434484223,11.379220268604868,12.564767873646923,15.334536947682508,16.312867634054758
93.7897897897898,14.209379548475928,17.93516482303937,12.073440235411,13.861188845535219,11.376842778932106,12.563572586735622,15.335573008943513,16.313503927867227
93.88588588588588,14.20596207143769,17.932910519268813,12.071476142730965,13.858881945164631,11.37448409261879,12.562386796275804,15.336600806211454,16.31413513368271
93.98198198198197,14.202571040746484,17.930673556250966,12.06952723624736,13.856592920825566,11.37214339212756,12.561210089378271,15.337620698790372,16.314761472718466
94.07807807807808,14.199205254295618,17.928453145769797,12.067592825678524,13.854320959971139,11.369819859921039,12.56004205315383,15.338633045984318,16.31538316619175
94.17417417417417,14.195863509978418,17.926248499609272,12.065672220742806,13.85206525005447,11.367512678461866,12.558882274713284,15.339638207097336,16.316000435319822
94.27027027027027,14.192544605688198,17.924058829553363,12.063764731158551,13.84982497852866,11.365221030212671,12.557730341167442,15.340636541433478,16.316613501319942
94.36636636636636,14.189247339318273,17.921883347386036,12.061869666644101,13.847599332846826,11.362944097636092,12.556585839627108,15.341628408296778,16.31722258540938
94.46246246246247,14.185970508761958,17.91972126489125,12.059986336917799,13.845387500462081,11.360681063194754,12.555448357203083,15.342614166991297,16.317827908805388
94.55855855855856,14.18271291191258,17.91757179385299,12.058114051697991,13.843188668827539,11.358431109351292,12.554317481006175,15.343594176821071,16.31842969272522
94.65465465465465,14.17947334666344,17.915434146055212,12.056252120703022,13.84100202539631,11.356193418568344,12.553192798147192,15.344568797090153,16.31902815838616
94.75075075075075,14.176250610907868,17.913307533281888,12.054399853651233,13.838826757621506,11.353967173308538,12.552073895736937,15.34553838710258,16.319623527005444
94.84684684684684,14.173043502539176,17.91119116731698,12.052556560260971,13.836662052956239,11.351751556034506,12.55096036088621,15.346503306162413,16.320216019800345
94.94294294294295,14.16985081945068,17.909084259944457,12.050721550250579,13.834507098853626,11.349545749208882,12.549851780705822,15.347463913573684,16.320805857988116
95.03903903903904,14.166671359535702,17.906986022948296,12.0488941333384,13.832361082766775,11.347348935294299,12.548747742306581,15.348420568640444,16.32139326278602
95.13513513513513,14.163503920687553,17.90489566811245,12.047073619242783,13.830223192148797,11.345160296753388,12.547647832799289,15.349373630666745,16.321978455411326
95.23123123123123,14.16034730079955,17.902812407220903,12.045259317682067,13.828092614452808,11.342979016048782,12.546551639294744,15.350323458956627,16.322561657081284
95.32732732732732,14.157200297765016,17.900735452057603,12.043450538374595,13.825968537131923,11.340804275643118,12.545458748903762,15.351270412814138,16.32314308901316
95.42342342342343,14.154061709477265,17.89866401440654,12.041646591038718,13.823850147639249,11.338635257999023,12.544368748737146,15.352214851543325,16.32372297242421
95.51951951951952,14.150930333829606,17.896597306051664,12.039846785392774,13.8217366334279,11.336471145579132,12.543281225905694,15.353157134448233,16.3243015285317
95.61561561561561,14.147804968715363,17.894534538776956,12.038050431155108,13.819627181950988,11.33431112084608,12.54219576752022,15.35409762083291,16.324878978552885
95.71171171171171,14.144684412027859,17.89247492436637,12.036256838044068,13.81752098066163,11.332154366262495,12.54111196069152,15.355036670001404,16.32545554370503
95.8078078078078,14.1415674616604,17.890417674603885,12.034465315777995,13.815417217012932,11.330000064291013,12.54002939253041,15.355974641257752,16.32603144520539
95.90390390390391,14.138452915506308,17.88836200127346,12.032675174075232,13.813315078458007,11.327847397394263,12.538947650147685,15.356911893906014,16.326606904271234
96.0,14.1353395714589,17.886307116159074,12.030885722654128,13.811213752449975,11.325695548034885,12.537866320654159,15.357848787250228,16.327182142119817
