Time_h,20_mM,10_mM,5_mM,2.5_mM,1.25_mM,0.625_mM,0.156_mM
0.0,10.25410577418777,10.25410577418777,10.25410577418777,10.25410577418777,10.25410577418777,10.25410577418777,10.25410577418777
0.09509509509509509,10.253994797804317,10.254189225690581,10.254161825390968,10.254206160834482,10.254058080495133,10.25409661960803,10.253940915468796
0.19019019019019018,10.253669001544479,10.254434234411688,10.254326430312226,10.25450088823462,10.25391809547669,10.254069752247283,10.253456907142096
0.2852852852852853,10.253139084744014,10.254832781670096,10.254594265919044,10.25498030757821,10.253690463221641,10.254026066673237,10.252669600953014
0.38038038038038036,10.25241574673869,10.255376848784817,10.254960009178928,10.255634770055263,10.253379827819186,10.253966457453597,10.251594848646887
0.4754754754754754,10.25150968686427,10.25605841707486,10.255418337059371,10.2564546268558,10.252990833358524,10.253891819156069,10.250248501969054
0.5705705705705706,10.250431604456526,10.25686946785923,10.255963926527881,10.257430229169834,10.252528123928855,10.253803046348361,10.248646412664852
0.6656656656656657,10.249192198851215,10.257801982456943,10.256591454551954,10.258551928187387,10.251996343619375,10.253701033598183,10.246804432479623
0.7607607607607607,10.247802169384112,10.258847942187002,10.257295598099091,10.259810075098471,10.251400136519296,10.253586675473239,10.244738413158707
0.8558558558558558,10.246272215390977,10.259999328368414,10.258071034136796,10.261195021093107,10.250744146717802,10.253460866541237,10.242464206447439
0.9509509509509508,10.244613036207578,10.261248122320193,10.258912439632565,10.262697117361311,10.250033018304103,10.253324501369883,10.239997664091161
1.046046046046046,10.242835331169676,10.262586305361348,10.2598144915539,10.264306715093099,10.249271395367392,10.253178474526887,10.237354637835214
1.1411411411411412,10.240949799613047,10.264005858810883,10.260771866868303,10.266014165478486,10.24846392199688,10.253023680579954,10.234550979424933
1.2362362362362362,10.238967140873443,10.26549876398781,10.261779242543277,10.267809819707493,10.247615242281755,10.252861014096789,10.23160254060566
1.3313313313313313,10.236898054286641,10.26705700221114,10.26283129554632,10.269684028970136,10.246730000311222,10.252691369645103,10.228525173122732
1.4264264264264264,10.234753239188398,10.268672554799876,10.263922702844928,10.271627144456433,10.24581284017448,10.252515641792602,10.225334728721492
1.5215215215215214,10.232543394914488,10.270337403073032,10.265048141406611,10.2736295173564,10.244868405960732,10.25233472510699,10.222047059147274
1.6166166166166165,10.230279220800668,10.272043528349613,10.26620228819886,10.27568149886005,10.243901341759175,10.252149514155978,10.218678016145418
1.7117117117117115,10.227971416182712,10.27378291194863,10.267379820189182,10.277773440157405,10.242916291659004,10.251960903507271,10.215243451461268
1.8068068068068066,10.22563068039638,10.275547535189093,10.268575414345078,10.279895692438485,10.241917899749426,10.251769787728577,10.211759216840157
1.9019019019019017,10.223267712777439,10.277329379390007,10.269783747634044,10.282038606893298,10.24091081011964,10.251577061387604,10.20824116402743
1.996996996996997,10.220893212661657,10.279120425870383,10.270999497023586,10.284192534711869,10.239899666858841,10.251383619052055,10.204705144768422
2.092092092092092,10.218517879384796,10.280912655949232,10.2722173394812,10.28634782708421,10.238889114056233,10.25119035528964,10.201167010808474
2.187187187187187,10.216152412282625,10.282698050945559,10.273431951974388,10.288494835200341,10.237883795801016,10.250998164668069,10.197642613892922
2.2822822822822824,10.213807510690907,10.284468592178374,10.274638011470651,10.290623910250279,10.236888356182387,10.250807941755042,10.194147805767109
2.3773773773773774,10.21149387394541,10.286216260966688,10.275830194937493,10.29272540342404,10.235907439289548,10.250620581118271,10.190698438176375
2.4724724724724725,10.209222201381895,10.287933038629507,10.277003179342408,10.29478966591164,10.234945689211699,10.250436977325464,10.187310362866054
2.5675675675675675,10.207003192336133,10.289610906485839,10.278151641652904,10.296807048903101,10.234007750038039,10.250258024944324,10.183999431581487
2.6626626626626626,10.20484754614389,10.291241845854698,10.279270258836474,10.298767903588432,10.233098265857766,10.25008461854256,10.180781496068017
2.7577577577577577,10.202765962140926,10.292817838055088,10.280353707860623,10.300662581157658,10.232221880760084,10.24991765268788,10.177672408070977
2.8528528528528527,10.200769139663013,10.294330864406017,10.281396665692853,10.30248143280079,10.231383238834189,10.249758021947992,10.174688019335711
2.947947947947948,10.198867778045912,10.2957729062265,10.282393809300663,10.30421480970785,10.230586984169282,10.249606620890598,10.171844181607558
3.043043043043043,10.197072372606943,10.297136097376674,10.283339916066081,10.305853246658444,10.229837671682835,10.249464326864638,10.169156444935082
3.138138138138138,10.195387490989223,10.298417003738129,10.284232680874972,10.307392612554303,10.229137265443562,10.249331516934538,10.166631593688177
3.233233233233233,10.193810992963746,10.299617206554666,10.28507310011765,10.308834812494116,10.228484797665,10.249208002032981,10.16426649282318
3.328328328328328,10.192340377495206,10.300738556838834,10.285862347767347,10.31018207625448,10.227879142860646,10.249093562641283,10.162057473746184
3.423423423423423,10.190973143548298,10.301782905603178,10.2866015977973,10.31143663361199,10.22731917554398,10.248987979240761,10.160000867863287
3.518518518518518,10.18970679008772,10.302752103860238,10.287292024180756,10.312600714343242,10.2268037702285,10.248891032312729,10.158093006580577
3.613613613613613,10.188538816078168,10.303648002622564,10.28793480089094,10.313676548224832,10.22633180142769,10.248802502338503,10.156330221304152
3.7087087087087083,10.187466720484332,10.304472452902703,10.288531101901095,10.314666365033354,10.225902143655045,10.248722169799398,10.154708843440105
3.8038038038038033,10.186488002270917,10.305227305713197,10.289082101184462,10.315572394545407,10.225513671424054,10.248649815176728,10.153225204394529
3.898898898898899,10.185600160402608,10.305914412066597,10.289588972714274,10.316396866537584,10.225165259248199,10.248585218951813,10.151875635573514
3.993993993993994,10.184800693844114,10.306535622975444,10.290052890463768,10.317142010786483,10.22485578164098,10.248528161605963,10.150656468383161
4.0890890890890885,10.18408710156012,10.307092789452286,10.290475028406183,10.317810057068701,10.22458411311588,10.248478423620497,10.149564034229558
4.184184184184184,10.183456882515328,10.307587762509666,10.290856560514758,10.318403235160831,10.224349128186388,10.248435785476728,10.1485946645188
4.279279279279279,10.182907535674433,10.308022393160135,10.291198660762728,10.318923774839469,10.224149701366002,10.248400027655972,10.147744690656982
4.374374374374374,10.182436560002127,10.308398532416236,10.291502503123331,10.319373905881212,10.223984707168201,10.248370930639545,10.147010444050194
4.469469469469469,10.182041454463112,10.308718031290512,10.291769261569806,10.319755858062656,10.223853020106482,10.248348274908762,10.146388256104535
4.564564564564565,10.18171971802208,10.308982740795509,10.292000110075392,10.320071861160397,10.223753514694334,10.24833184094494,10.145874458226093
4.65965965965966,10.181468849643727,10.30919451194378,10.29219622261332,10.32032414495103,10.223685065445242,10.24832140922939,10.145465381820964
4.754754754754755,10.18128634829275,10.309355195747862,10.292358773156831,10.320514939211153,10.223646546872699,10.248316760243432,10.145157358295243
4.84984984984985,10.181169712933844,10.309466643220306,10.292488935679167,10.320646473717357,10.223636833490195,10.24831767446838,10.144946719055023
4.944944944944945,10.181116442531707,10.309530705373655,10.292587884153562,10.320720978246243,10.223654799811218,10.248323932385548,10.144829795506396
5.04004004004004,10.181124036051033,10.309549233220457,10.292656792553249,10.320740682574403,10.22369932034926,10.24833531447625,10.144802919055458
5.135135135135135,10.181189992456519,10.309524077773254,10.292696834851471,10.320707816478436,10.223769269617806,10.248351601221806,10.1448624211083
5.23023023023023,10.181311810712858,10.309457090044596,10.292709185021463,10.320624609734939,10.223863522130355,10.24837257310353,10.145004633071016
5.325325325325325,10.18148698978475,10.309350121047027,10.292695017036465,10.320493292120501,10.223980952400385,10.248398010602736,10.145225886349705
5.42042042042042,10.181713028636889,10.309205021793092,10.292655504869714,10.320316093411725,10.224120434941396,10.248427694200737,10.145522512350452
5.515515515515515,10.181987426233972,10.309023643295337,10.292591822494442,10.320095243385206,10.22428084426687,10.248461404378853,10.145890842479355
5.61061061061061,10.182307681540692,10.30880783656631,10.292505143883895,10.319832971817535,10.2244610548903,10.248498921618399,10.146327208142509
5.7057057057057055,10.182671293521748,10.308559452618553,10.292396643011305,10.31953150848531,10.224659941325175,10.248540026400686,10.146827940746004
5.8008008008008005,10.183075761141835,10.308280342464615,10.292267493849911,10.31919308316513,10.224876378084986,10.248584499207034,10.147389371695937
5.895895895895896,10.183518583365647,10.307972357117038,10.292118870372951,10.31881992563359,10.22510923968322,10.248632120518755,10.148007832398399
5.990990990990991,10.183997259157884,10.307637347588374,10.29195194655366,10.318414265667283,10.22535740063337,10.248682670817168,10.148679654259485
6.086086086086086,10.18450928748324,10.30727716489116,10.29176789636528,10.317978333042804,10.225619735448925,10.248735930583585,10.149401168685287
6.181181181181181,10.185052167306408,10.30689366003795,10.291567893781044,10.317514357536755,10.22589511864337,10.248791680299323,10.150168707081903
6.276276276276276,10.185623397592087,10.306488684041287,10.29135311277419,10.317024568925726,10.2261824247302,10.248849700445698,10.15097860085542
6.371371371371371,10.186220477304973,10.306064087913713,10.29112472731796,10.316511196986317,10.226480528222904,10.248909771504023,10.151827181411937
6.466466466466466,10.186840905409762,10.30562172266778,10.29088391138559,10.31597647149512,10.226788303634969,10.248971673955614,10.152710780157548
6.561561561561561,10.187482180871148,10.305163439316027,10.290631838950311,10.315422622228734,10.227104625479889,10.249035188281788,10.153625728498342
6.656656656656656,10.188141802653828,10.304691088871005,10.290369683985368,10.314851878963752,10.227428368271147,10.249100094963861,10.154568357840416
6.751751751751751,10.188817269722499,10.304206522345257,10.290098620463995,10.314266471476774,10.22775840652224,10.249166174483145,10.155534999589861
6.846846846846846,10.189506081041856,10.303711590751332,10.289819822359432,10.313668629544392,10.228093614746651,10.249233207320959,10.156521985152773
6.941941941941941,10.190205735576594,10.303208145101772,10.289534463644914,10.313060582943203,10.228432867457874,10.249300973958617,10.157525645935246
7.037037037037036,10.190913732291412,10.302698036409124,10.289243718293678,10.312444561449803,10.2287750391694,10.249369254877431,10.158542313343371
7.132132132132131,10.191627570151,10.302183115685933,10.288948760278965,10.311822794840788,10.229119004394715,10.249437830558723,10.159568318783244
7.227227227227226,10.192344748120059,10.301665233944746,10.288650763574006,10.311197512892756,10.229463637647308,10.2495064814838,10.160599993660957
7.3223223223223215,10.193062765163287,10.301146242198108,10.288350902152045,10.310570945382299,10.229807813440672,10.249574988133986,10.161633669382605
7.417417417417417,10.193779120245374,10.300627991458567,10.288050349986317,10.309945322086014,10.230150406288296,10.24964313099059,10.16266567735428
7.512512512512512,10.194491312331017,10.300112332738665,10.28775028105006,10.309322872780498,10.230490290703669,10.249710690534933,10.163692348982076
7.607607607607607,10.195196840384916,10.299601117050953,10.287451869316515,10.308705827242349,10.230826341200281,10.249777447248325,10.164710015672087
7.702702702702703,10.19589320337176,10.29909619540797,10.287156288758911,10.308096415248158,10.231157432291619,10.249843181612084,10.165715008830409
7.797797797797798,10.196577900256255,10.298599418822263,10.286864713350493,10.307496866574521,10.231482438491176,10.249907674107526,10.166703659863131
7.892892892892893,10.197248430003091,10.298112638306383,10.286578317064494,10.306909410998038,10.231800234312443,10.249970705215963,10.167672300176351
7.987987987987988,10.197902291576959,10.297637704872873,10.286298273874154,10.306336278295303,10.232109694268903,10.250032055418714,10.168617261176157
8.083083083083082,10.198536983942562,10.297176469534277,10.286025757752709,10.305779698242912,10.232409692874052,10.250091505197092,10.16953487426865
8.178178178178177,10.199150006064594,10.296730783303142,10.285761942673398,10.30524190061746,10.232699104641378,10.250148835032414,10.170421470859917
8.273273273273272,10.199738856907752,10.296302497192013,10.28550800260946,10.304725115195543,10.23297680408437,10.250203825405995,10.171273382356057
8.368368368368367,10.200301035436727,10.295893462213439,10.285265111534125,10.304231571753759,10.233241665716514,10.250256256799151,10.17208694016316
8.463463463463462,10.200834040616224,10.29550552937996,10.285034443420638,10.303763500068698,10.23349256405131,10.250305909693196,10.172858475687319
8.558558558558557,10.20133537141093,10.295140549704126,10.284817172242235,10.303323129916965,10.23372837360224,10.250352564569445,10.17358432033463
8.653653653653652,10.201802526785546,10.294800374198482,10.284614471972152,10.302912691075147,10.233947968882793,10.250396001909214,10.174260805511187
8.748748748748747,10.202233005704768,10.294486853875572,10.284427516583627,10.302534413319847,10.234150224406461,10.250436002193823,10.174884262623081
8.843843843843842,10.202624307133288,10.294201839747947,10.284257480049899,10.302190526427657,10.234334014686732,10.250472345904576,10.175451023076407
8.938938938938938,10.202973930035803,10.293947182828145,10.284105536344201,10.30188326017517,10.2344982142371,10.2505048135228,10.17595741827726
9.034034034034033,10.203279373377011,10.293724734128718,10.283972859439777,10.301614844338989,10.234641697571046,10.250533185529804,10.17639977963173
9.12912912912913,10.20353813612161,10.293536344662206,10.28386062330986,10.301387508695704,10.23476333920207,10.250557242406908,10.176774438545914
9.224224224224224,10.20374771723429,10.293383865441163,10.283770001927687,10.301203483021917,10.234862013643657,10.250576764635422,10.177077726425905
9.31931931931932,10.203905615679751,10.293269147478124,10.2837021692665,10.301064997094217,10.234936595409296,10.250591532696662,10.177305974677795
9.414414414414415,10.204009330422686,10.293194041785645,10.28365829929953,10.300974280689204,10.234985959012475,10.250601327071948,10.177455514707678
9.50950950950951,10.204056360427797,10.293160399376264,10.283639566000023,10.300933563583468,10.235008978966688,10.250605928242592,10.177522677921651
9.604604604604605,10.204044204659771,10.293170071262534,10.283647143341208,10.300945075553617,10.235004529785423,10.25060511668991,10.177503795725803
9.6996996996997,10.203970362083313,10.293224908456992,10.283682205296328,10.301011046376235,10.234971485982168,10.250598672895217,10.177395199526229
9.794794794794795,10.203832331663111,10.29332676197219,10.283745925838616,10.301133705827926,10.234908722070415,10.250586377339829,10.177193220729025
9.88988988988989,10.203627612363867,10.293477482820673,10.283839478941314,10.301315283685279,10.23481511256365,10.25056801050506,10.176894190740281
9.984984984984985,10.203353703150274,10.293678922014987,10.283964038577656,10.301558009724895,10.234689531975368,10.250543352872226,10.176494440966092
10.08008008008008,10.203008102987027,10.293932930567674,10.284120778720883,10.301864113723365,10.234530854819056,10.250512184922645,10.175990302812552
10.175175175175175,10.202588310838824,10.294241359491284,10.28431087334423,10.30223582545729,10.2343379556082,10.250474287137628,10.175378107685756
10.27027027027027,10.202091825670362,10.294606059798362,10.284535496420935,10.302675374703261,10.234109708856298,10.250429439998495,10.174654186991795
10.365365365365365,10.20151614644633,10.295028882501452,10.284795821924234,10.30318499123788,10.23384498907683,10.250377423986556,10.173814872136765
10.46046046046046,10.200858772131433,10.295511678613098,10.285093023827368,10.303766904837738,10.233542670783295,10.250318019583132,10.172856494526757
10.555555555555555,10.200117201690361,10.296056299145851,10.285428276103572,10.304423345279433,10.233201628489176,10.250251007269535,10.171775385567866
10.65065065065065,10.199288934087814,10.296664595112254,10.285802752726084,10.30515654233956,10.232820736707964,10.25017616752708,10.170567876666187
10.745745745745745,10.198371468288487,10.297338417524852,10.286217627668142,10.305968725794715,10.232398869953151,10.250093280837083,10.169230299227811
10.84084084084084,10.197362303257073,10.298079617396192,10.286674074902981,10.306862125421492,10.231934902738226,10.250002127680862,10.167758984658832
10.935935935935936,10.196258937958268,10.29889004573882,10.287173268403842,10.30783897099649,10.231427709576678,10.249902488539728,10.166150264365346
11.03103103103103,10.19505887135677,10.299771553565279,10.28771638214396,10.308901492296304,10.230876164981995,10.249794143895,10.164400469753442
11.126126126126126,10.193759602417275,10.300725991888118,10.288304590096576,10.310051919097528,10.230279143467667,10.249676874227989,10.162505932229221
11.22122122122122,10.19235863010448,10.301755211719883,10.288939066234922,10.311292481176762,10.229635519547188,10.249550460020016,10.16046298319877
11.316316316316316,10.19085345338308,10.302861064073115,10.289620984532242,10.3126254083106,10.228944167734044,10.249414681752391,10.158267954068185
11.411411411411411,10.189241571217767,10.304045399960364,10.290351518961764,10.314052930275635,10.228203962541722,10.249269319906434,10.155917176243559
11.506506506506506,10.187520482573238,10.305310070394176,10.291131843496736,10.315577276848465,10.227413778483719,10.24911415496346,10.153406981130985
11.601601601601601,10.185687686414196,10.306656926387094,10.29196313211039,10.317200677805685,10.226572490073517,10.248948967404779,10.150733700136561
11.696696696696696,10.183740681705332,10.308087818951666,10.292846558775963,10.318925362923894,10.22567897182461,10.248773537711712,10.147893664666373
11.791791791791791,10.18167696741134,10.309604599100435,10.293783297466694,10.320753561979682,10.22473209825049,10.248587646365573,10.144883206126522
11.886886886886886,10.179494042496916,10.31120911784595,10.294774522155823,10.322687504749652,10.22373074386464,10.248391073847674,10.141698655923099
11.981981981981981,10.177189405926761,10.312903226200756,10.295821406816582,10.324729421010396,10.222673783180554,10.248183600639335,10.138336345462195
12.077077077077076,10.174760556665568,10.314688775177396,10.296925125422215,10.32688154053851,10.221560090711721,10.24796500722187,10.134792606149906
12.172172172172171,10.172204993678031,10.31656761578842,10.298086851945952,10.32914609311059,10.220388540971632,10.247735074076592,10.131063769392327
12.267267267267266,10.169520215928847,10.318541599046371,10.299307760361035,10.33152530850323,10.219158008473773,10.247493581684822,10.127146166595546
12.362362362362362,10.166703722382714,10.320612575963795,10.300589024640704,10.33402141649303,10.217867367731639,10.24724031052787,10.123036129165664
12.457457457457457,10.163753012004324,10.322782397553238,10.30193181875819,10.336636646856581,10.216515493258711,10.246975041087051,10.11872998850877
12.552552552552552,10.160665583758378,10.325052914827246,10.303337316686736,10.339373229370484,10.215101259568488,10.246697553843683,10.11422407603096
12.647647647647647,10.157438936609571,10.327425978798363,10.304806692399575,10.342233393811332,10.213623541174456,10.24640762927908,10.109514723138325
12.742742742742742,10.154070569522593,10.329903440479137,10.306341119869948,10.345219369955721,10.212081212590105,10.246105047874563,10.104598261236958
12.837837837837837,10.150557981462144,10.332487150882114,10.30794177307109,10.348333387580247,10.210473148328925,10.245789590111437,10.099471021732958
12.932932932932932,10.146898671392924,10.335178961019837,10.309609825976244,10.351577676461506,10.208798222904402,10.245461036471024,10.094129336032413
13.028028028028027,10.143090138279621,10.337980721904854,10.311346452558638,10.354954466376093,10.20705531083003,10.24511916743464,10.088569535541419
13.123123123123122,10.139129881086937,10.340894284549709,10.313152826791518,10.358465987100608,10.205243286619297,10.244763763483597,10.08278795166607
13.218218218218217,10.135015398779567,10.343921499966953,10.31503012264812,10.362114468411642,10.203361024785691,10.244394605099211,10.07678091581246
13.313313313313312,10.130744190322204,10.347064219169125,10.316979514101675,10.36590214008579,10.201407399842704,10.244011472762802,10.070544759386681
13.408408408408407,10.126313754679543,10.350324293168772,10.319002175125428,10.369831231899653,10.199381286303828,10.243614146955679,10.064075813794826
13.503503503503502,10.121721590816286,10.353703572978441,10.321099279692614,10.373903973629824,10.197281558682548,10.24320240815916,10.05737041044299
13.598598598598597,10.116965197697125,10.357203909610678,10.32327200177647,10.378122595052899,10.195107091492355,10.24277603685456,10.050424880737268
13.693693693693692,10.112042074286755,10.36082715407803,10.325521515350234,10.382489325945473,10.192856759246743,10.242334813523197,10.04323555608375
13.788788788788787,10.106949719549874,10.364575157393043,10.327848994387141,10.387006396084143,10.19052943645919,10.241878518646383,10.035798767888533
13.883883883883883,10.101685632451177,10.368449770568258,10.330255612860432,10.391676035245506,10.188123997643201,10.241406932705434,10.02811084755771
13.978978978978978,10.09624731195536,10.372452844616225,10.332742544743345,10.396500473206155,10.185639317312255,10.240919836181666,10.020168126497373
14.074074074074073,10.090633599594195,10.376585214911062,10.335310267715707,10.401480719800253,10.183074839587919,10.240417118443881,10.011968939592524
14.169169169169168,10.084853958563611,10.380839681645284,10.337953750760741,10.406608133337555,10.18043451502259,10.239899530319743,10.003527472169122
14.264264264264263,10.078922900806708,10.385205225685189,10.340665344438023,10.411869484512765,10.177724436189877,10.239368232110232,9.994865443670896
14.359359359359358,10.072854968949645,10.389670804685647,10.343437383394031,10.417251516139995,10.17495070868122,10.238824386604842,9.986004619329142
14.454454454454453,10.066664705618585,10.39422537630153,10.34626220227524,10.422740971033345,10.172119438088068,10.238269156593068,9.976966764375153
14.549549549549548,10.06036665343969,10.398857898187709,10.349132135728125,10.428324592006925,10.169236730001868,10.237703704864405,9.967773644040227
14.644644644644643,10.05397535503912,10.403557327999057,10.35203951839916,10.433989121874845,10.166308690014061,10.23712919420835,9.958447023555655
14.739739739739738,10.047505353043036,10.408312623390445,10.354976684934826,10.439721303451204,10.163341423716089,10.236546787414397,9.949008668152732
14.834834834834833,10.040971190077602,10.41311274201674,10.357935969981593,10.445507879550116,10.160341036699405,10.23595764727204,9.939480343062753
14.929929929929928,10.034387408768977,10.417946641532817,10.360909708185936,10.451335592985684,10.157313634555447,10.235362936570777,9.929883813517016
15.025025025025023,10.027768551743323,10.422803279593547,10.363890234194335,10.457191186572011,10.154265322875665,10.2347638181001,9.920240844746807
15.120120120120118,10.021129161626801,10.4276716138538,10.366869882653257,10.46306140312321,10.151202207251496,10.234161454649508,9.910573201983427
15.215215215215213,10.014483781045573,10.43254060196845,10.369840988209187,10.468932985453385,10.148130393274394,10.233557009008493,9.900902650458171
15.31031031031031,10.007846952625798,10.437399201592365,10.372795885508596,10.47479267637664,10.145055986535798,10.232951643966551,9.891250955402327
15.405405405405405,10.001233218993642,10.442236370380417,10.375726909197958,10.480627218707088,10.141985092627156,10.232346522313179,9.881639882047196
15.5005005005005,9.994657122775262,10.447041065987477,10.37862639392375,10.486423355258829,10.138923817139911,10.23174280683787,9.872091195624071
15.595595595595595,9.988133206596821,10.45180224606842,10.381486674332447,10.492167828845972,10.135878265665509,10.23114166033012,9.862626661364244
15.69069069069069,9.981676013084478,10.45650886827811,10.384300085070524,10.497847382282623,10.132854543795393,10.230544245579425,9.85326804449901
15.785785785785786,9.9753000848644,10.461149890271425,10.387058960784454,10.503448758382891,10.129858757121008,10.22995172537528,9.844037110259665
15.88088088088088,9.969019964562744,10.465714269703232,10.389755636120716,10.508958699960882,10.126897011233803,10.229365262507182,9.834955623877503
15.975975975975976,9.962850194805672,10.470190964228404,10.392382445725787,10.514363949830699,10.123975411725219,10.22878601976462,9.826045350583819
16.07107107107107,9.956804040163158,10.474569915371976,10.394932439313157,10.519652429703505,10.121099548122565,10.228215063107568,9.81732612228479
16.166166166166164,9.95088354318117,10.478849703570708,10.397404945271207,10.524822412643656,10.118270478631175,10.227652608280415,9.808800795247274
16.26126126126126,9.94508492636524,10.483033389631,10.399802548276266,10.52987754020289,10.115486911392141,10.227098430083116,9.800463421719611
16.356356356356354,9.939404362857097,10.487124072360375,10.402127860623517,10.534821499466807,10.11274753461404,10.226552299575673,9.79230797927714
16.45145145145145,9.933838025798462,10.491124850566353,10.40438349460813,10.539657977521017,10.110051036505446,10.226013987818082,9.784328445495202
16.546546546546544,9.928382088331071,10.495038823056454,10.406572062525282,10.544390661451121,10.10739610527493,10.225483265870347,9.776518797949139
16.64164164164164,9.923032723596648,10.498869088638209,10.408696176670144,10.549023238342725,10.104781429131066,10.224959904792465,9.76887301421429
16.736736736736734,9.917786104736924,10.502618746119133,10.4107584493379,10.553559395281436,10.102205696282427,10.224443675644437,9.761385071865995
16.83183183183183,9.91263840489362,10.506290894306751,10.412761492823716,10.558002819352854,10.099667594937586,10.223934349486262,9.754048948479596
16.926926926926924,9.907585797208467,10.509888632008588,10.414707919422769,10.562357197642584,10.097165813305114,10.223431697377938,9.746858621630436
17.02202202202202,9.902624454823194,10.513415058032162,10.416600341430241,10.566626217236234,10.09469903959359,10.22293549037947,9.73980806889385
17.117117117117115,9.897750550879525,10.516873271184998,10.418441371141302,10.570813565219405,10.092265962011577,10.222445499550854,9.732891267845185
17.21221221221221,9.89296025851919,10.52026637027462,10.420233620851125,10.574922928677704,10.089865268767662,10.22196149595209,9.726102196059774
17.307307307307305,9.888249750883919,10.523597454108549,10.421979702854888,10.578957994696736,10.087495648070405,10.221483250643178,9.719434831112967
17.4024024024024,9.883615201115434,10.526869621494308,10.423682229447765,10.5829224503621,10.085155788128386,10.221010534684119,9.712883150580097
17.497497497497495,9.879052782355469,10.530085971239417,10.425343812924934,10.586819982759406,10.082844377150176,10.220543119134911,9.706441132036508
17.59259259259259,9.874558667745745,10.533249602151402,10.426967065581568,10.590654278974261,10.080560103344348,10.220080775055553,9.700102753057541
17.687687687687685,9.870129030427996,10.536363613037786,10.428554599712843,10.594429026092262,10.078301654919477,10.219623273506048,9.693861991218537
17.782782782782782,9.865760043543945,10.53943110270609,10.430109027613934,10.59814791119902,10.076067720084135,10.219170385546393,9.687712824094834
17.877877877877875,9.861447880235325,10.542455169963835,10.431632961580014,10.601814621380136,10.073856987046897,10.218721882236588,9.681649229261776
17.972972972972972,9.857188713643854,10.545438913618547,10.433129013906262,10.605432843721214,10.071668144016328,10.218277534636636,9.6756651842947
18.068068068068065,9.852978716911268,10.548385432477748,10.434599796887847,10.609006265307862,10.069499879201011,10.217837113806533,9.66975466676895
18.163163163163162,9.848814063179294,10.551297825348957,10.43604792281995,10.612538573225683,10.067350880809515,10.217400390806278,9.663911654259866
18.25825825825826,9.844690925589655,10.554179191039701,10.437476003997746,10.616033454560277,10.065219837050414,10.216967136695876,9.658130124342787
18.353353353353352,9.840605477284079,10.557032628357499,10.438886652716407,10.619494596397255,10.063105436132275,10.216537122535321,9.652404054593056
18.44844844844845,9.8365538914043,10.559861236109876,10.440282481271112,10.62292568582222,10.061006366263685,10.216110119384616,9.646727422586013
18.543543543543542,9.832532341092039,10.562668113104355,10.441666101957033,10.626330409920774,10.058921315653201,10.21568589830376,9.641094205896996
18.63863863863864,9.82853699948903,10.565456358148456,10.443040127069345,10.629712455778526,10.056848972509409,10.215264230352753,9.63549838210135
18.733733733733732,9.82456403973699,10.568229070049703,10.444407168903226,10.633075510481076,10.054788025040875,10.214844886591596,9.629933928774413
18.82882882882883,9.820609634977655,10.57098934761562,10.445769839753847,10.63642326111403,10.052737161456172,10.214427638080286,9.624394823491526
18.923923923923923,9.816669958352755,10.57374028965373,10.447130751916387,10.639759394762995,10.050695069963876,10.214012255878824,9.61887504382803
19.01901901901902,9.812741180883402,10.576484994535344,10.44849251253892,10.6430875983534,10.04866043479131,10.21359851007316,9.61336856731977
19.114114114114113,9.80881902402152,10.579226468155998,10.449856637584679,10.646411524853953,10.046631096141386,10.21318596425064,9.607869363128996
19.20920920920921,9.804898206170794,10.58196751008553,10.451222208439367,10.649734751471435,10.04460301108705,10.212773721272947,9.60237138173539
19.304304304304303,9.800973310015896,10.584710891976561,10.452587977074407,10.653060845161535,10.042571881901436,10.212360821662571,9.59686857109075
19.3993993993994,9.797038918241503,10.587459385481718,10.453952695461211,10.656393372879947,10.040533410857666,10.211946305941993,9.591354879146877
19.494494494494493,9.793089613532295,10.590215762253619,10.455315115571198,10.65973590158236,10.038483300228872,10.211529214633702,9.585824253855577
19.58958958958959,9.789119978572945,10.592982793944886,10.456673989375782,10.66309199822447,10.036417252288182,10.211108588260176,9.580270643168646
19.684684684684683,9.785124596048128,10.595763252208142,10.458028068846383,10.66646522976197,10.034330969308725,10.210683467343905,9.574687995037888
19.77977977977978,9.781098048642527,10.598559908696012,10.459376105954416,10.669859163150543,10.032220153563626,10.210252892407375,9.569070257415104
19.874874874874873,9.777034919040812,10.601375535061111,10.460716852671297,10.67327736534589,10.030080507326016,10.209815903973068,9.563411378252093
19.96996996996997,9.772929789927662,10.604212902956068,10.462049060968441,10.6767234033037,10.027907732869018,10.209371542563467,9.55770530550066
20.065065065065063,9.768777243987756,10.607074784033504,10.46337148281727,10.680200843979664,10.025697532465765,10.208918848701062,9.551945987112607
20.16016016016016,9.76457186390577,10.609963949946035,10.464682870189193,10.683713254329472,10.023445608389386,10.208456862908335,9.546127371039729
20.255255255255253,9.760308232366377,10.612883172346292,10.465981975055632,10.687264201308821,10.021147662913004,10.20798462570777,9.540243405233834
20.35035035035035,9.755980932054257,10.615835222886892,10.467267549388,10.690857251873402,10.018799398309751,10.207501177621856,9.534288037646718
20.445445445445444,9.751584545654085,10.618822873220457,10.468538345157716,10.6944959729789,10.016396516852753,10.207005559173071,9.528255216230187
20.54054054054054,9.74711365585054,10.62184889499961,10.469793114336195,10.698183931581017,10.013934720815142,10.206496810883905,9.52213888893604
20.635635635635634,9.742562845328298,10.624916059876975,10.471030608894855,10.701924694635439,10.011409712470039,10.205973973276844,9.515933003716079
20.73073073073073,9.73792669677203,10.628027139505173,10.472249580805112,10.705721829097858,10.008817194090579,10.20543608687437,9.509631508522103
20.825825825825824,9.73319979286642,10.631184905536822,10.473448782038382,10.709578901923965,10.006152867949885,10.204882192198966,9.503228351305918
20.92092092092092,9.72837671629614,10.634392129624548,10.474626964566081,10.713499480069459,10.003412436321089,10.204311329773121,9.496717480019319
21.016016016016014,9.723452049745871,10.637651583420975,10.475782880359628,10.717487130490019,10.000591601477318,10.203722540119319,9.490092842614112
21.11111111111111,9.718420375900287,10.640966038578723,10.476915281390434,10.72154542014135,9.997686065691697,10.203114863760042,9.483348387042097
21.206206206206204,9.713276277444063,10.644338266750413,10.478022919629923,10.725677915979139,9.994691531237356,10.202487341217777,9.476478061255078
21.3013013013013,9.708014337061881,10.647771039588669,10.479104547049504,10.729888184959076,9.991603700387424,10.201839013015013,9.469475813204852
21.396396396396394,9.702629137438407,10.651267128746111,10.480158915620601,10.734179794036852,9.988418275415032,10.201168919674227,9.462335590843223
21.49149149149149,9.69711526125833,10.654829305875364,10.481184777314624,10.738556310168164,9.985130958593302,10.200476101717909,9.45505134212199
21.586586586586584,9.691467291206319,10.658460342629047,10.482180884102995,10.7430213003087,9.981737452195365,10.199759599668543,9.447617014992955
21.68168168168168,9.685679809967056,10.662163010659782,10.483145987957124,10.747578331414154,9.978233458494348,10.199018454048613,9.440026557407922
21.776776776776774,9.679747400225212,10.665940081620198,10.484078840848433,10.752230970440213,9.97461467976338,10.198251705380605,9.432273917318689
21.87187187187187,9.673664644665465,10.669794327162906,10.484978194748336,10.756982784342576,9.970876818275588,10.197458394187,9.42435304267706
21.966966966966964,9.667426125972495,10.673728518940536,10.48584280162825,10.761837340076932,9.967015576304105,10.19663756099029,9.416257881434834
22.06206206206206,9.661027565541431,10.677744789291104,10.486671501918249,10.766797397104714,9.963027475451822,10.19578842616658,9.407983740513707
22.157157157157155,9.65447861993776,10.681837446827233,10.487464218576818,10.771855833033742,9.958919064014456,10.194912411082523,9.399542557469513
22.25225225225225,9.647798278921377,10.685995560157416,10.488221599594725,10.776998907019484,9.954703605747312,10.194012411236193,9.390957408361436
22.347347347347345,9.641005703956047,10.690208101489175,10.488944306301232,10.782212756456975,9.950394487950776,10.193091349245433,9.382251574164998
22.44244244244244,9.63412005650553,10.694464043030047,10.489633000025602,10.78748351874124,9.94600509792524,10.192152147728091,9.373448335855727
22.537537537537535,9.627160498033586,10.698752356987557,10.490288342097099,10.79279733126731,9.941548822971098,10.191197729302004,9.364570974409144
22.63263263263263,9.620146190003977,10.703062015569229,10.490910993844988,10.798140331430226,9.937039050388739,10.190231016585019,9.35564277080077
22.727727727727725,9.613096293880465,10.707381990982599,10.491501616598534,10.803498656625008,9.932489167478554,10.18925493219498,9.346687006006134
22.822822822822822,9.606029971126807,10.71170125543519,10.492060871687002,10.808858444246694,9.927912561540937,10.188272398749728,9.337726961000756
22.917917917917915,9.598966383206768,10.716008781134533,10.492589420439652,10.814205831690316,9.923322619876275,10.18728633886711,9.32878591676016
23.013013013013012,9.591924691584104,10.720293540288155,10.493087924185755,10.819526956350902,9.918732729784963,10.186299675164964,9.319887154259868
23.108108108108105,9.584924057722581,10.724544505103585,10.49355704425457,10.82480795562348,9.91415627856739,10.185315330261139,9.311053954475408
23.203203203203202,9.577983643085956,10.72875064778835,10.493997441975363,10.830034966903096,9.909606653523948,10.184336226773475,9.302309598382301
23.298298298298295,9.571122609137992,10.732900940549984,10.494409778677396,10.835194127584765,9.905097241955028,10.183365287319814,9.29367736695607
23.393393393393392,9.564360117342448,10.736984355596006,10.494794715689938,10.840271575063525,9.900641431161022,10.182405434518007,9.285180541172238
23.488488488488485,9.557715329163088,10.74098986513395,10.495152914342247,10.845253446734409,9.89625260844232,10.18145959098589,9.27684240200633
23.583583583583582,9.551207406063666,10.744906441371347,10.495485035963593,10.85012587999245,9.891944161099312,10.180530679341306,9.268686230433872
23.678678678678676,9.544855509507954,10.748723056515718,10.495791741883236,10.854875012232675,9.88772947643239,10.179621622202104,9.260735307430384
23.773773773773772,9.5386788009597,10.752428682774598,10.496073693430443,10.859486980850116,9.88362194174195,10.178735342186123,9.253012913971387
23.868868868868866,9.532696441882676,10.756012292355512,10.496331551934478,10.863947923239808,9.879634944328377,10.177874761911207,9.245542331032413
23.963963963963963,9.526927593740636,10.75946285746599,10.496565978724606,10.868243976796778,9.875781871492066,10.177042803995201,9.238346839588978
24.059059059059056,9.521390098634235,10.762770070833664,10.496777456603851,10.872362197758834,9.872075138629082,10.176242176108225,9.231448171819125
24.154154154154153,9.516083613823035,10.765933556147163,10.496964007740111,10.87630230681507,9.868513765334452,10.175472623286238,9.224846712755477
24.249249249249246,9.510994553618158,10.768960169228958,10.497121862365674,10.880073247428362,9.865087015830504,10.174731733053289,9.218527301562284
24.344344344344343,9.506109032610672,10.77185692958225,10.497247210156974,10.883684171795327,9.86178393355181,10.174017044103687,9.212474425563071
24.43943943943944,9.501413165391643,10.774630856710244,10.49733624079045,10.887144232112586,9.858593561932928,10.173326095131749,9.206672572081361
24.534534534534533,9.496893066552136,10.777288970116143,10.497385143942537,10.890462580576756,9.855504944408434,10.172656424831791,9.201106228440684
24.62962962962963,9.492534850683226,10.779838289303145,10.497390109289675,10.89364836938446,9.852507124412897,10.172005571898127,9.195759881964564
24.724724724724723,9.488324632375972,10.782285833774461,10.4973473265083,10.896710750732314,9.849589145380886,10.171371075025068,9.190618019976528
24.81981981981982,9.48424852622145,10.784638623033286,10.49725298527485,10.899658876816936,9.84674005074697,10.170750472906933,9.185665129800102
24.914914914914913,9.480292646810717,10.78690367658283,10.497103275265761,10.90250189983495,9.843948883945714,10.170141304238037,9.18088569875881
25.01001001001001,9.476443108734845,10.789088013926293,10.496894386157468,10.905248971982976,9.841204688411693,10.169541107712691,9.176264214176182
25.105105105105103,9.472686026584904,10.791198654566877,10.496622507626412,10.90790924545763,9.838496507579473,10.168947422025212,9.171785163375741
25.2002002002002,9.46900751495196,10.793242618007787,10.496283829349029,10.910491872455532,9.835813384883622,10.168357785869913,9.167433033681013
25.295295295295293,9.465393688427074,10.795226923752226,10.495874541001752,10.913006005173303,9.833144363758711,10.167769737941109,9.163192312415527
25.39039039039039,9.461830661601324,10.797158591303393,10.495390832261025,10.915460795807562,9.83047848763931,10.167180816933117,9.159047486902805
25.485485485485484,9.45830454906577,10.799044640164498,10.494828892803282,10.917865396554927,9.827804799959985,10.16658856154025,9.154983044466377
25.58058058058058,9.45480146541148,10.80089208983874,10.494184912304958,10.92022895961202,9.825112344155306,10.16599051045682,9.150983472429767
25.675675675675674,9.451307525229522,10.80270795982932,10.49345508044249,10.922560637175458,9.822390163659843,10.165384202377146,9.1470332581165
25.77077077077077,9.447808843110963,10.804499269639445,10.492635586892321,10.924869581441863,9.819627301908161,10.16476717599554,9.143116888850104
25.865865865865864,9.444291533646872,10.806273038772318,10.491722621330883,10.92716494460785,9.816812802334836,10.164136970006318,9.139218851954103
25.96096096096096,9.440741711428315,10.80803628673114,10.490712373434615,10.929455878870044,9.813935708374434,10.163491123103793,9.135323634752027
26.056056056056054,9.437145491046357,10.809796033019111,10.489601032879953,10.931751536425061,9.81098506346152,10.162827173982278,9.131415724567397
26.15115115115115,9.43348898709207,10.811559297139441,10.48838478934333,10.934061069469523,9.807949911030667,10.162142661336093,9.127479608723744
26.246246246246244,9.42975831415652,10.81333309859533,10.487059832501194,10.936393630200048,9.804819294516442,10.161435123859548,9.123499774544591
26.34134134134134,9.425939586830772,10.81512445688998,10.485622352029973,10.938758370813254,9.801582257353418,10.16070210024696,9.119460709353465
26.436436436436434,9.422018919705893,10.816940391526593,10.484068537606108,10.941164443505762,9.79822784297616,10.159941129192642,9.115346900473892
26.53153153153153,9.417982427372955,10.818787922008378,10.482394578906034,10.943621000474192,9.794745094819241,10.159149749390908,9.111142835229396
26.626626626626624,9.413816224423018,10.820674067838528,10.480596665606187,10.94613719391516,9.791123056317224,10.158325499536074,9.106833000943507
26.72172172172172,9.409506425447157,10.822605848520256,10.47867098738301,10.948722176025292,9.78735077090468,10.157465918322458,9.10240188493975
26.816816816816814,9.405039145036431,10.82459028355676,10.47661373391293,10.951385099001202,9.783417282016183,10.156568544444369,9.097833974541649
26.91191191191191,9.400400497781915,10.826634392451243,10.474421094872396,10.954135115039513,9.779311633086296,10.155630916596124,9.093113757072729
27.007007007007005,9.3955766005044,10.828745193697243,10.47208926092771,10.95698137498099,9.775022869472314,10.154650573910626,9.088225722174501
27.1021021021021,9.390560459655507,10.830926586012058,10.469617481354854,10.959928840219415,9.770545977556855,10.153626410720019,9.083161521817555
27.197197197197195,9.385367200817548,10.833172452084588,10.467014825083238,10.962969021946721,9.765895017359226,10.152561672217857,9.077935802599752
27.29229229229229,9.380016379588895,10.83547466859511,10.464292327720928,10.966090737550493,9.761087868963742,10.151460474987555,9.07256781647934
27.387387387387385,9.374527551567917,10.837825112223904,10.461461024875994,10.969282804418325,9.756142412454714,10.150326935612524,9.067076815414563
27.48248248248248,9.368920272352982,10.840215659651248,10.458531952156513,10.972534039937813,9.751076527916453,10.149165170676175,9.061482051363665
27.577577577577575,9.36321409754246,10.842638187557423,10.455516145170547,10.975833261496533,9.745908095433277,10.147979296761916,9.05580277628489
27.67267267267267,9.357428582734723,10.845084572622707,10.45242463952617,10.979169286482087,9.740654995089491,10.146773430453159,9.050058242136489
27.767767767767765,9.351583283528143,10.847546691527379,10.449268470831454,10.98253093228206,9.735335106969407,10.145551688333315,9.044267700876702
27.862862862862862,9.345697755521083,10.85001642095172,10.446058674694465,10.985907016284045,9.729966311157341,10.144318186985796,9.038450404463775
27.957957957957955,9.339791554311923,10.852485637576011,10.442806286723277,10.989286355875631,9.724566487737603,10.143077042994012,9.032625604855955
28.053053053053052,9.333884235499026,10.854946218080526,10.439522342525962,10.992657768444408,9.719153516794506,10.14183237294137,9.026812554011487
28.148148148148145,9.327995354680763,10.857390039145548,10.436217877710586,10.996010071377967,9.713745278412357,10.140588293411284,9.021030503888614
28.243243243243242,9.322144467455507,10.859808977451355,10.432903927885222,10.999332082063898,9.708359652675474,10.139348920987167,9.015298706445584
28.338338338338335,9.316351129421625,10.862194909678227,10.42959152865794,11.00261261788979,9.703014519668168,10.138118372252428,9.009636413640642
28.433433433433432,9.31063489617749,10.864539712506442,10.426291715636811,11.005840496243234,9.697727759474747,10.136900763790473,9.004062877432032
28.528528528528525,9.305015323321468,10.86683526261628,10.423015524429905,11.009004534511822,9.692517252179524,10.13570021218472,8.998597349777999
28.623623623623622,9.299511966451934,10.869073436688023,10.419773990645291,11.01209355008314,9.687400877866814,10.134520834018575,8.993259082636788
28.718718718718716,9.294144381167255,10.871246111401947,10.416578149891041,11.015096360344783,9.682396516620926,10.133366745875453,8.988067327966647
28.813813813813812,9.288932123065802,10.87334516343833,10.413439037775225,11.018001782684344,9.677522048526175,10.13224206433876,8.983041337725819
28.908908908908906,9.283894747745949,10.875362469477457,10.410367689905915,11.020798634489402,9.672795353666869,10.131150905991909,8.97820036387255
29.004004004004003,9.279051810416613,10.87728990634462,10.407375141609966,11.02347573335698,9.668234311752668,10.130097387330911,8.973563658003163
29.099099099099096,9.274416963501224,10.879121548893671,10.404468165898837,11.026025071060017,9.663851123891034,10.129084300173108,8.969144986129676
29.194194194194193,9.269983044982185,10.880859222681206,10.401638505979422,11.028449832171505,9.659637967265061,10.128109765245188,8.964938770960648
29.289289289289286,9.265738307305003,10.882506460786646,10.39887459390923,11.030755667100422,9.655582607676145,10.127170874206639,8.96093517376752
29.384384384384383,9.261671002915179,10.884066796289419,10.396164861745776,11.032948226255737,9.651672810925687,10.126264718716957,8.957124355821728
29.479479479479476,9.257769384258225,10.88554376226895,10.393497741546566,11.035033160046424,9.647896342815077,10.125388390435624,8.953496478394706
29.574574574574573,9.254021703779632,10.886940891804667,10.390861665369117,11.037016118881454,9.644240969145713,10.124538981022136,8.950041702757893
29.669669669669666,9.250416213924915,10.888261717975999,10.388245065270937,11.038902753169808,9.640694455719,10.123713582135982,8.946750190182726
29.764764764764763,9.246941167139571,10.889509773862367,10.385636373309541,11.040698713320445,9.637244568336326,10.12290928543665,8.943612101940637
29.859859859859856,9.243584815869111,10.890688592543206,10.383024021542438,11.042409649742353,9.633879072799093,10.122123182583634,8.940617599303067
29.954954954954953,9.240335412559036,10.891801707097937,10.380396442027141,11.044041212844496,9.630585734908697,10.121352365236419,8.93775684354145
30.050050050050046,9.23718120965485,10.892852650605986,10.377742066821158,11.045599053035854,9.627352320466533,10.120593925054498,8.935019995927226
30.145145145145143,9.234110459602055,10.893844956146783,10.375049327982007,11.047088820725396,9.624166595274003,10.119844953697362,8.932397217731825
30.240240240240237,9.231111414846161,10.894782156799751,10.372306657567195,11.04851616632209,9.621016325132496,10.1191025428245,8.929878670226692
30.335335335335333,9.228172327832663,10.895667785644322,10.369502487634238,11.04988674023492,9.617889275843417,10.118363784095402,8.927454514683255
30.430430430430427,9.225281451007074,10.896505375759919,10.36662525024064,11.05120619287285,9.614773213208156,10.117625769169557,8.925114912372957
30.525525525525524,9.222427036814896,10.89729846022597,10.363663377443919,11.05248017464486,9.611655903028115,10.116885589706456,8.92285002456723
30.62062062062062,9.21959733770163,10.898050572121901,10.360605301301584,11.053714335959915,9.608525111104692,10.11614033736559,8.920650012537514
30.715715715715714,9.216780606112783,10.898765244527137,10.35743945387115,11.054914327227,9.605368603239278,10.11538710380645,8.918505037555242
30.81081081081081,9.213965094493858,10.899446010521107,10.354154267210127,11.056085798855078,9.602174145233274,10.114622980688523,8.916405260891855
30.905905905905904,9.211139055290358,10.900096403183241,10.35073817337602,11.05723440125313,9.598929502888076,10.1138450596713,8.914340843818785
31.001001001001,9.208290740947788,10.900719955592958,10.347179604426351,11.05836578483012,9.59562244200508,10.113050432414273,8.912301947607471
31.096096096096094,9.205408403911656,10.90132020082969,10.343466992418628,11.059485599995027,9.592240728385688,10.11223619057693,8.910278733529347
31.19119119119119,9.202480296627462,10.901900671972866,10.339588769410359,11.060599497156822,9.588772127831291,10.111399425818762,8.908261362855853
31.286286286286284,9.19949467154071,10.902464902101904,10.33553336745906,11.061713126724484,9.58520440614329,10.11053722979926,8.906239996858424
31.38138138138138,9.196439781096906,10.90301642429624,10.331289218622238,11.062832139106979,9.58152532912308,10.109646694177911,8.904204796808497
31.476476476476474,9.193303877741553,10.903558771635296,10.326844754957408,11.063962184713285,9.577722662572054,10.108724910614209,8.902145923977505
31.57157157157157,9.190075213920155,10.9040954771985,10.322188408522084,11.06510891395237,9.573784172291617,10.10776897076764,8.90005353963689
31.666666666666664,9.186742042078217,10.904630074065278,10.317308611373772,11.066277977233211,9.569697624083163,10.106775966297699,8.897917805058084
31.76176176176176,9.18329261466124,10.905166095315055,10.312193795569991,11.067475024964782,9.565450783748087,10.10574298886387,8.895728881512525
31.856856856856854,9.179715184114738,10.905707074027262,10.306832393168245,11.068705707556054,9.56103141708779,10.10466713012565,8.89347693027165
31.95195195195195,9.175998002884201,10.906256543281323,10.301212836226046,11.069975675416002,9.556427289903663,10.103545481742525,8.891152112606896
32.047047047047045,9.172129843261471,10.9068179063038,10.295324157828373,11.071290356811197,9.551626749632756,10.102375274583745,8.888744986152803
32.14214214214214,9.168111734762032,10.90739150457876,10.28916956241741,11.07264994221211,9.546631857838513,10.101157021883147,8.886255454211986
32.23723723723724,9.163957133578418,10.907974575519855,10.282766621708435,11.074049311881732,9.54145857980552,10.0998945646171,8.883692894956909
32.33233233233233,9.159680049642164,10.908564218221798,10.276133547629659,11.075483109457531,9.536123500375203,10.098591892047878,8.881067108765029
32.427427427427425,9.155294492884815,10.909157531779298,10.2692885521093,11.076945978576974,9.530643204388987,10.097252993437742,8.878387896013797
32.52252252252252,9.150814473237908,10.909751615287064,10.262249847075575,11.07843256287753,9.525034276688293,10.095881858048955,8.87566505708067
32.61761761761762,9.146254000632984,10.910343567839806,10.255035644456708,11.079937505996659,9.519313302114558,10.094482475143781,8.872908392343101
32.71271271271271,9.141627085001586,10.910930488532236,10.24766415618091,11.081455451571838,9.513496865509198,10.09305883398449,8.870127702178547
32.807807807807805,9.136947736275248,10.911509476459058,10.240153594176409,11.082981043240526,9.507601551713645,10.091614923833342,8.867332786964461
32.9029029029029,9.132229964385518,10.91207763071499,10.232522170371412,11.08450892464019,9.501643945569317,10.090154733952604,8.864533447078296
32.997997997998,9.12748777926393,10.912632050394736,10.224788096694143,11.086033739408299,9.49564063191765,10.088682253604542,8.86173948289751
33.09309309309309,9.122735190842029,10.91316983459301,10.21696958507282,11.087550131182317,9.489608195600061,10.087201472051417,8.858960694799555
33.188188188188185,9.11798620905135,10.91368808240452,10.209084847435657,11.089052743599712,9.483563221457981,10.085716378555498,8.856206883161885
33.28328328328328,9.113254843823436,10.914183892923973,10.201152095710876,11.090536220297952,9.477522294332836,10.08423096237905,8.853487848361958
33.37837837837838,9.108555105089827,10.914654365246083,10.193189541826694,11.091995204914506,9.471501999066046,10.082749212784332,8.850813390777223
33.47347347347347,9.103901002782065,10.91509659846556,10.18521539771133,11.093424341086834,9.465518920499044,10.081275119033615,8.84819331078514
33.568568568568566,9.099306546831688,10.91550769167711,10.177247875292998,11.094818272452404,9.459589643473254,10.079812670389163,8.845637408763162
33.66366366366366,9.094785747170237,10.915884743975447,10.169305186499919,11.096171642648686,9.453730752830097,10.078365856113239,8.843155485088742
33.75875875875876,9.090352613729252,10.91622485445528,10.161405543260313,11.097479095313144,9.447958833411004,10.07693866546811,8.840757340139335
33.85385385385385,9.08602115644027,10.916525122211317,10.153567157502396,11.09873527408325,9.4422904700574,10.075535087716037,8.838452774292396
33.948948948948946,9.081805385234837,10.916782646338268,10.145808241154388,11.099934822596461,9.436742247610708,10.074159112119288,8.83625158792538
34.04404404404404,9.077719003289122,10.916994600769177,10.138146649534008,11.101072509205363,9.431330397753596,10.072814643785206,8.83416335332591
34.13913913913914,9.073767269641305,10.917160219532128,10.130590421445557,11.102146535329096,9.426061430672055,10.071503271265806,8.832191364091145
34.23423423423423,9.069946146996905,10.917281004658019,10.123136788483096,11.103158881923445,9.42093115394781,10.070224032767653,8.830332001473225
34.329329329329326,9.066251120373064,10.917358574718182,10.115782426916464,11.104111724154182,9.415934825213528,10.068975835448821,8.828581291536167
34.42442442442442,9.062677674786928,10.917394548283951,10.10852401301551,11.105007237187085,9.411067702101853,10.067757586467382,8.826935260343994
34.51951951951952,9.059221295255632,10.91739054392665,10.101358223050067,11.105847596187928,9.40632504224544,10.06656819298141,8.825389933960727
34.61461461461461,9.055877466796328,10.917348180217616,10.09428173328998,11.106634976322487,9.401702103276945,10.065406562148976,8.823941338450389
34.709709709709706,9.052641674426154,10.917269075728173,10.087291220005094,11.107371552756536,9.397194142829019,10.064271601128155,8.822585499877
34.8048048048048,9.049509403162252,10.917154849029655,10.080383359465246,11.108059500655854,9.392796418534317,10.063162217077018,8.821318444304582
34.8998998998999,9.046476138021763,10.917007118693393,10.073554827940283,11.10870099518621,9.388504188025493,10.062077317153637,8.820136197797158
34.99499499499499,9.043537364021837,10.916827503290715,10.066802301700042,11.109298211513385,9.384312708935196,10.061015808516085,8.819034786418745
35.09009009009009,9.040688566179607,10.916617621392955,10.060122457014366,11.109853324803153,9.380217238896083,10.05997659832244,8.818010236233372
35.18518518518518,9.037925229512224,10.916379091571441,10.053511970153096,11.110368510221285,9.376213035540806,10.058958593730768,8.817058573305053
35.28028028028028,9.035242839036826,10.916113532397503,10.046967517386081,11.110845942933562,9.372295356502018,10.057960701899143,8.816175823697813
35.37537537537537,9.032636879770555,10.915822562442472,10.04048577498315,11.111287798105757,9.368459459412374,10.056981829985641,8.815358013475675
35.47047047047047,9.030102836730556,10.915507800277677,10.034063419214156,11.111696250903643,9.364700601904524,10.056020885148333,8.814601168702659
35.565565565565564,9.027636194933972,10.915170864474451,10.027697126348937,11.112073476493,9.361014041611126,10.055076774545293,8.813901315442783
35.66066066066066,9.025232439397946,10.914813373604122,10.02138357265733,11.112421650039602,9.35739503616483,10.05414840533459,8.813254479760074
35.75575575575575,9.022887055139622,10.914436946238023,10.015119434409185,11.11274294670922,9.353838843198291,10.053234684674303,8.812656687718553
35.85085085085085,9.020595527176132,10.914043200947484,10.008901387874339,11.113039541667632,9.350340720344159,10.052334519722498,8.812103965382237
35.945945945945944,9.018353340524634,10.913633756303835,10.002726109322637,11.113313610080617,9.346895925235092,10.051446817637252,8.811592338815153
36.04104104104104,9.01615598020226,10.913210230878402,9.996590275023914,11.113567327113943,9.343499715503741,10.050570485576637,8.811117834081317
36.13613613613613,9.013998931226158,10.912774243242522,9.990490561248018,11.113802867933394,9.34014734878276,10.049704430698728,8.810676477244755
36.23123123123123,9.011877678613468,10.912327411967523,9.98442364426479,11.114022407704734,9.336834082704799,10.048847560161592,8.810264294369487
36.326326326326324,9.009787707381333,10.911871355624733,9.97838620034407,11.11422812159375,9.333555174902514,10.047998781123308,8.809877311519534
36.42142142142142,9.0077245025469,10.911407692785485,9.972374905755704,11.11442218476621,9.330305883008561,10.047157000741946,8.809511554758918
36.51651651651652,9.005683549127303,10.91093804202111,9.966386436769527,11.11460677238789,9.327081464655588,10.046321126175577,8.809163050151662
36.61161161161161,9.003660332139692,10.910464021902937,9.960417469655383,11.11478405962457,9.323877177476254,10.045490064582276,8.808827823761785
36.706706706706704,9.001650336601204,10.909987251002297,9.954464680683117,11.114956221642021,9.320688279103209,10.044662723120117,8.80850190165331
36.8018018018018,8.999649047528989,10.90950934789052,9.94852474612257,11.11512543360602,9.317510027169103,10.04383800894717,8.808181309890257
36.8968968968969,8.997651949940183,10.909031931138937,9.94259434224358,11.11529387068234,9.314337679306595,10.04301482922151,8.807862074536649
36.99199199199199,8.995654528851933,10.908556619318876,9.936670145315995,11.115463708036758,9.311166493148338,10.04219209110121,8.807540221656508
37.087087087087085,8.993652652750406,10.908084477221148,9.930747573544494,11.11563672275922,9.307991864927246,10.041368696474258,8.807212581352966
37.18218218218218,8.991644166888895,10.907613714920643,9.924815559859393,11.115812639875076,9.304809905354935,10.040543520061586,8.806880128517838
37.27727727727728,8.989627551660721,10.907141625265163,9.918860953456763,11.115990525076382,9.301616954706732,10.039715427855283,8.806545169773518
37.37237237237237,8.987601287757364,10.906665500671942,9.912870602554506,11.116169443745694,9.298409353365743,10.03888328584334,8.806210012367544
37.467467467467465,8.985563855870303,10.906182633558204,9.906831355370525,11.11634846126556,9.295183441715055,10.03804596001375,8.80587696354746
37.56256256256256,8.983513736691009,10.905690316341186,9.900730060122717,11.116526643018526,9.291935560137775,10.037202316354506,8.80554833056081
37.65765765765766,8.981449410910962,10.905185841438112,9.894553565028987,11.116703054387143,9.288662049016992,10.036351220853595,8.805226420655138
37.75275275275275,8.97936935922164,10.904666501266211,9.888288718307235,11.11687676075396,9.285359248735803,10.035491539499011,8.804913541077989
37.847847847847845,8.97727206231452,10.904129588242716,9.881922368175362,11.117046827501529,9.282023499677312,10.034622138278749,8.804611999076903
37.94294294294294,8.975156000881078,10.903572394784856,9.87544136285127,11.117212320012396,9.27865114222461,10.033741883180793,8.804324101899423
38.03803803803804,8.973019655612791,10.902992213309858,9.868832550552856,11.117372303669113,9.275238516760798,10.032849640193142,8.804052156793094
38.13313313313313,8.97086150720114,10.902386336234956,9.862082779498028,11.117525843854224,9.271781963668968,10.031944275303783,8.80379847100546
38.228228228228225,8.968680036337597,10.901752055977376,9.855178897904679,11.117672005950288,9.26827782333222,10.031024654500712,8.803565351784066
38.32332332332332,8.96647372371364,10.901086664954349,9.848107753990718,11.117809855339845,9.26472243613365,10.030089643771916,8.803355106376449
38.41841841841842,8.964241050020751,10.900387455583102,9.840856195974041,11.11793845740545,9.261112142456358,10.029138109105387,8.803170042030157
38.51351351351351,8.9619804959504,10.89965172028087,9.83341107207255,11.118056877529645,9.257443282683438,10.028168916489118,8.803012465992733
38.608608608608606,8.95969054219407,10.898876751464877,9.82575923050415,11.11816418109499,9.253712197197988,10.027180931911102,8.80288468551172
38.7037037037037,8.957369669443233,10.898059841552357,9.817887519486737,11.118259433484026,9.249915226383107,10.02617302135933,8.802789007834662
38.7987987987988,8.955016358389372,10.897198282960533,9.809782787238214,11.118341700079307,9.246048710621887,10.02514405082179,8.802727740209102
38.89389389389389,8.952629089723956,10.896289368106642,9.801431881976482,11.118410046263378,9.24210899029743,10.02409288628648,8.802703189882582
38.988988988988986,8.950206344138472,10.89533038940791,9.792821651919443,11.118463537418794,9.23809240579283,10.023018393741387,8.802717664102646
39.08408408408408,8.947746602324392,10.894318639281568,9.783938945284998,11.1185012389281,9.233995297491184,10.021919439174502,8.802773470116836
39.17917917917918,8.945248344973189,10.893251410144844,9.774770610291048,11.118522216173846,9.229814005775589,10.02079488857382,8.8028729151727
39.27427427427427,8.942710052776349,10.892125994414968,9.765303495155493,11.118525534538584,9.225544871029145,10.019643607927328,8.803018306517776
39.369369369369366,8.94013020642534,10.890939684509169,9.755524448096233,11.118510259404859,9.221184233634945,10.018464463223022,8.80321195139961
39.46446446446446,8.93750728661165,10.88968977284468,9.745420317331174,11.118475456155222,9.216728433976092,10.017256320448894,8.803456157065748
39.55955955955956,8.934839774026743,10.888373551838725,9.734977951078214,11.118420190172221,9.212173812435678,10.016018045592931,8.803753230763729
39.65465465465465,8.932126149362109,10.886988313908539,9.724184197555253,11.118343526838412,9.207516709396797,10.014748504643128,8.804105479741096
39.749749749749746,8.929364893309215,10.885531351471347,9.713025904980194,11.118244531536337,9.202753465242553,10.013446563587475,8.804515211245395
39.84484484484484,8.926554486559544,10.883999956944383,9.701489921570937,11.11812226964855,9.19788042035604,10.012111088413967,8.804984732524169
39.93993993993994,8.92369340980457,10.882391422744872,9.689563095545385,11.117975806557594,9.192893915120354,10.010740945110589,8.80551635082496
40.03503503503503,8.92078021223857,10.880703104626138,9.677232655865376,11.117804225058345,9.187790427322922,10.00933503872111,8.80611233106909
40.13013013013013,8.91781667926368,10.878935350463948,9.664503818591287,11.117607430538044,9.182572926004005,10.007894119361243,8.806772938603244
40.22522522522522,8.91480916559825,10.87709273281746,9.65140719640331,11.117386489831196,9.177253545433055,10.006421542268995,8.807495615504045
40.32032032032032,8.911764371070923,10.875180143326773,9.637975320131858,11.117142557493825,9.171845112108896,10.004920859441452,8.808277590612805
40.41541541541541,8.90868899551034,10.873202473631983,9.62424072060734,11.116876788081957,9.166360452530364,10.003395622875713,8.809116092770836
40.51051051051051,8.905589738745146,10.871164615373191,9.610235928660178,11.116590336151614,9.16081239319629,10.001849384568864,8.810008350819448
40.605605605605604,8.90247330060398,10.869071460190497,9.595993475120782,11.116284356258827,9.155213760605502,10.000285696518002,8.810951593599956
40.7007007007007,8.899346380915484,10.866927899723995,9.581545890819566,11.115960002959618,9.14957738125683,9.998708110720218,8.811943049953669
40.79579579579579,8.896215679508302,10.864738825613788,9.56692570658695,11.115618430810018,9.143916081649106,9.997120179172605,8.8129799487219
40.89089089089089,8.893087896211076,10.862509129499973,9.552165453253343,11.115260794366048,9.138242688281162,9.995525453872252,8.81405951874596
40.985985985985984,8.889969730852444,10.860243703022649,9.53729766164916,11.114888248183732,9.13257002765182,9.99392748681626,8.815178988867164
41.08108108108108,8.88686788326105,10.857947437821913,9.522354862604814,11.114501946819098,9.126910926259923,9.992329830001715,8.81633558792682
41.17617617617617,8.883789053265541,10.855625225537864,9.507369586950727,11.114103044828177,9.121278210604293,9.990736035425707,8.817526544766242
41.27127127127127,8.880739940694554,10.853281957810603,9.492374365517305,11.113692696766988,9.115684707183762,9.989149655085336,8.818749088226738
41.366366366366364,8.877727245376732,10.850922526280227,9.477401729134968,11.113272057191557,9.11014324249716,9.987574240977692,8.820000447149628
41.46146146146146,8.874757667140717,10.848551822586835,9.462484208634123,11.112842280657913,9.104666643043318,9.986013345099865,8.821277850376216
41.55655655655655,8.87183790581515,10.846174738370523,9.447654334845195,11.112404521722079,9.09926773532107,9.984470519448948,8.822578526747819
41.65165165165165,8.868974661228675,10.843796165271392,9.43294463859859,11.111959934940085,9.09395934582924,9.982949316022035,8.823899705105744
41.746746746746744,8.866174633209933,10.841420994929543,9.418387650724727,11.111509674867952,9.088754301066663,9.981453286816222,8.825238614291306
41.84184184184184,8.863444521587567,10.83905411898507,9.404015902054018,11.111054896061706,9.083665427532168,9.979985983828593,8.826592483145816
41.93693693693693,8.860791026190219,10.836700429078077,9.389861923416879,11.110596753077376,9.078705551724585,9.978550959056248,8.827958540510588
42.03203203203203,8.85822078632062,10.834364782710878,9.375957987041634,11.110136393596642,9.073887387855272,9.977151734255699,8.829334030566578
42.127127127127125,8.855736899808502,10.832050039926825,9.36232123391201,11.109674563071712,9.069217080006016,9.975790061756177,8.830717095043415
42.22222222222222,8.85333702638007,10.829755993574159,9.348945570251981,11.109211389311932,9.064690683506091,9.974464976845532,8.83210725390022
42.31731731731731,8.851018363898698,10.827482176001594,9.335822928937283,11.10874694766971,9.060303396838293,9.973175284050937,8.833504144150343
42.41241241241241,8.848778110227755,10.825228119557831,9.322945242843645,11.10828131349745,9.056050418485412,9.971919787899566,8.834907402807124
42.507507507507505,8.846613463230614,10.822993356591585,9.310304444846789,11.107814562147556,9.051926946930246,9.970697292918592,8.836316666883913
42.6026026026026,8.844521620770648,10.820777419451561,9.297892467822445,11.10734676897243,9.047928180655584,9.969506603635189,8.837731573394061
42.6976976976977,8.842499780711229,10.818579840486473,9.285701244646347,11.106878009324484,9.04404931814422,9.96834652457653,8.839151759350909
42.79279279279279,8.840545140915728,10.816400152045025,9.27372270819422,11.106408358556122,9.040285557878946,9.967215860269786,8.840576861767804
42.887887887887885,8.838654899247516,10.814237886475928,9.261948791341792,11.105937892019744,9.036632098342555,9.96611341524213,8.842006517658096
42.98298298298298,8.836826253569964,10.81209257612789,9.25037142696479,11.105466685067762,9.033084138017843,9.965037994020737,8.84344036403513
43.07807807807808,8.835056401746447,10.809963753349622,9.238982547938946,11.104994813052576,9.029636875387597,9.96398840113278,8.84487803791225
43.17317317317317,8.833342541640334,10.807850950489831,9.227774087139986,11.104522351326592,9.026285508934617,9.962963441105435,8.846319176302805
43.268268268268265,8.831681871114998,10.805753699897224,9.216737977443636,11.104049375242218,9.023025237141695,9.96196191846587,8.847763416220143
43.36336336336336,8.83007158803381,10.803671533920514,9.205866151725628,11.103575960151854,9.01985125849162,9.960982637741258,8.849210394677609
43.45845845845846,8.828508890260144,10.80160398490841,9.19515054286169,11.103102181407909,9.016758771467186,9.960024403458778,8.85065974868855
43.55355355355355,8.826990975657365,10.799550585209616,9.18458308372755,11.102628114362787,9.013742974551189,9.959086020145596,8.852111115266311
43.648648648648646,8.825515042088854,10.797510867172843,9.174155707198935,11.102153834368893,9.01079906622642,9.958166292328892,8.85356413142424
43.74374374374374,8.82407828741798,10.795484363146803,9.163860346151575,11.101679416778634,9.00792224497567,9.957264024535835,8.855018434175687
43.83883883883884,8.822677909508107,10.793470605480202,9.153688933461193,11.101204936944415,9.005107709281738,9.956378021293599,8.856473660533993
43.93393393393393,8.821311106222616,10.791469126521749,9.143633402003529,11.100730470218638,9.002350657627412,9.955507087129357,8.857929447512506
44.029029029029026,8.819975075424875,10.789479458620153,9.1336856846543,11.100256091953709,8.999646288495484,9.954650026570283,8.859385432124574
44.12412412412412,8.818667014978258,10.787501134124126,9.123837714289241,11.099781877502036,8.996989800368754,9.953805644143548,8.860841251383542
44.21921921921922,8.817384122746132,10.785533685382372,9.114081423784077,11.099307902216019,8.994376391730004,9.952972744376329,8.862296542302762
44.31431431431431,8.816123596591874,10.783576644743603,9.104408746014538,11.098834241448069,8.991801261062038,9.952150131795795,8.863750941895573
44.409409409409406,8.814882634378856,10.781629544556527,9.094811613856349,11.098360970550585,8.989259606847645,9.95133661092912,8.865204087175325
44.5045045045045,8.81365843397044,10.779691917169853,9.085281960185245,11.097888164875979,8.986746627569616,9.950530986303482,8.866655615155366
44.5995995995996,8.81244819323001,10.777763294932289,9.075811717876947,11.097415899776655,8.984257521710747,9.94973206244605,8.86810516284904
44.69469469469469,8.811249110020931,10.775843210192543,9.06639281980719,11.096944250605013,8.981787487753829,9.948938643883995,8.869552367269696
44.789789789789786,8.81005838220658,10.773931195299328,9.057017198851696,11.09647329271346,8.979331724181655,9.948149535144493,8.87099686543068
44.88488488488488,8.80887320765032,10.77202678260135,9.047676787886198,11.096003101454402,8.976885429477017,9.947363540754717,8.872438294345338
44.97997997997998,8.807690784215533,10.770129504447318,9.038363519786422,11.095533752180247,8.974443802122712,9.946579465241841,8.873876291027017
45.07507507507507,8.806508494345499,10.768238486593072,9.029068468745018,11.095065235624807,8.972002336792105,9.945796136248884,8.875310844027696
45.17017017017017,8.805325131713188,10.766349746135976,9.019776143781806,11.094596895559521,8.969558792722,9.945012558154083,8.876744629633542
45.26526526526526,8.804140141408274,10.76445786523185,9.010468023465005,11.09412777712115,8.967111974460583,9.944227816915777,8.87818156477566
45.36036036036036,8.802952972020607,10.76255741832633,9.001125570079656,11.09365692384185,8.9646606921727,9.943440998930656,8.879625573051367
45.45545545545545,8.801763072140046,10.760642979865034,8.991730245910789,11.093183379253764,8.962203756023186,9.942651190595406,8.881080578057977
45.55055055055055,8.800569890356451,10.758709124293594,8.98226351324345,11.09270618688904,8.959739976176888,9.941857478306716,8.88255050339281
45.645645645645644,8.799372875259666,10.75675042605763,8.972706834362672,11.09222439027983,8.957268162798643,9.94105894846127,8.88403927265318
45.74074074074074,8.798171475439554,10.754761459602772,8.963041671553496,11.091737032958276,8.954787126053294,9.94025468745576,8.885550809436406
45.83583583583583,8.796965139485968,10.75273679937464,8.95324948710096,11.091243158456532,8.952295676105683,9.939443781686869,8.887089037339805
45.93093093093093,8.795753315988762,10.750671019818867,8.943311743290105,11.090741810306744,8.949792623120649,9.938625317551287,8.888657879960693
46.026026026026024,8.794535453537792,10.74855869538107,8.933209902405963,11.09023203204106,8.947276777263031,9.9377983814457,8.890261260896388
46.12112112112112,8.79331100072291,10.746394400506878,8.922925426733574,11.08971286719163,8.944746948697675,9.936962059766799,8.891903103744207
46.21621621621621,8.792079406133977,10.744172709641916,8.912439778557983,11.089183359290596,8.94220194758942,9.936115438911267,8.893587332101466
46.31131131131131,8.790840118360844,10.741888197231814,8.901734420164221,11.088642551870112,8.939640584103104,9.935257605275794,8.895317869565483
46.406406406406404,8.789592585993367,10.739535437722191,8.890790813837327,11.088089488462323,8.937061668403574,9.934387645257065,8.897098639733574
46.5015015015015,8.788336257621403,10.737109005558679,8.879590421862343,11.087523212599383,8.934464010655667,9.93350464525177,8.898933566203057
46.59659659659659,8.787070581834804,10.734603475186894,8.868114706524308,11.086942767813433,8.931846421024225,9.932607691656594,8.900826572571246
46.69169169169169,8.785795007223424,10.732013421052471,8.856345130108254,11.086347197636623,8.929207709674087,9.931695870868227,8.902781582435463
46.786786786786784,8.784508982377123,10.729333417601032,8.844263154899222,11.085735545601104,8.926546686770097,9.930768269283355,8.904802519393021
46.88188188188188,8.78321195588575,10.726558039278197,8.831850243182254,11.085106855239022,8.923862162477096,9.929823973298666,8.906893307041239
46.97697697697697,8.781903376339164,10.7236818605296,8.819087857242385,11.084460170082524,8.921152946959921,9.928862069310846,8.909057868977431
47.07207207207207,8.780582692327222,10.720699455800862,8.805957459364654,11.08379453366376,8.918417850383415,9.927881643716583,8.911300128798919
47.167167167167165,8.779249352439772,10.71760539953761,8.792440511834098,11.083108989514878,8.915655682912423,9.926881782912565,8.913624010103014
47.26226226226226,8.777902805266674,10.714394266185467,8.778518476935757,11.082402581168024,8.91286525471178,9.92586157329548,8.916033436487039
47.35735735735735,8.776542499397785,10.711060630190063,8.764172816954671,11.08167435215535,8.910045375946334,9.924820101262014,8.918532331548306
47.45245245245245,8.775167883422956,10.707599065997018,8.749384994175873,11.080923346009,8.907194856780915,9.923756453208856,8.921124618884136
47.547547547547545,8.773778405932042,10.704004148051961,8.734136470884406,11.080148606261126,8.904312507380379,9.922669715532692,8.923814222091842
47.64264264264264,8.772373515514902,10.700270450800517,8.718408709365306,11.079349176443873,8.901397137909555,9.921558974630209,8.926605064768744
47.73773773773773,8.770952660761386,10.69639254868831,8.702183171903615,11.07852410008939,8.898447558533288,9.920423316898095,8.929501070512156
47.83283283283283,8.769515290261353,10.692365016160966,8.685441320784365,11.077672420729826,8.895462579416417,9.919261828733038,8.932506162919399
47.927927927927925,8.768060852604659,10.688182427664113,8.6681646182926,11.076793181897328,8.892441010723786,9.918073596531725,8.935624265587787
48.02302302302302,8.766588805683744,10.683839407523681,8.650334709489076,11.075885436544617,8.88938168226925,9.916857717091325,8.938859265569219
48.11811811811811,8.765099826402817,10.679337116382852,8.631957190370072,11.074949472096328,8.886285998673694,9.915614650088376,8.942210261003087
48.21321321321321,8.76359701114331,10.67468968807432,8.613085194408132,11.073988026139418,8.88316047499842,9.914347560223005,8.94566684506331
48.308308308308305,8.762083741662934,10.669912786612931,8.593777462100805,11.073004125256428,8.880012229078977,9.913059931251722,8.949217489817201
48.4034034034034,8.760563399719418,10.665022076013546,8.574092733945625,11.072000796029908,8.876848378750925,9.911755246931031,8.952850667332077
48.49849849849849,8.759039367070482,10.660033220291009,8.554089750440134,11.07098106504241,8.873676041849814,9.910436991017436,8.956554849675252
48.59359359359359,8.757515025473857,10.654961883460171,8.533827252081865,11.069947958876478,8.8705023362112,9.909108647267447,8.960318508914037
48.688688688688686,8.755993756687262,10.649823729535884,8.513363979368362,11.068904504114654,8.867334379670638,9.907773699437564,8.964130117115747
48.78378378378378,8.75447894246842,10.644634422532997,8.492758672797159,11.067853727339495,8.864179290063678,9.906435631284296,8.967978146347697
48.87887887887888,8.752973964575057,10.639409626466364,8.472070072865794,11.066798655133544,8.861044185225879,9.90509792656415,8.971851068677198
48.97397397397397,8.751482204764894,10.634165005350834,8.451356920071808,11.065742314079351,8.857936182992793,9.90376406903363,8.975737356171566
49.069069069069066,8.750007044795655,10.628916223201253,8.43067795491274,11.064687730759456,8.854862401199977,9.90243754244924,8.979625480898116
49.16416416416416,8.748551866425068,10.62367894403248,8.410091917886124,11.063637931756418,8.851829957682982,9.901121830567488,8.98350391492416
49.25925925925926,8.74712005141085,10.618468831859358,8.389657549489502,11.062595943652775,8.848845970277361,9.899820417144879,8.987361130317012
49.35435435435435,8.745714981510734,10.613301550696743,8.369433590220416,11.061564793031081,8.845917556818673,9.89853678593792,8.991185599143986
49.449449449449446,8.744340038482433,10.608192764559481,8.349478780576394,11.060547506473881,8.843051835142472,9.897274420703113,8.994965793472396
49.54454454454454,8.742998604083674,10.60315813746243,8.329851861054982,11.05954711056372,8.840255923084307,9.896036805196967,8.998690185369556
49.63963963963964,8.741694060072184,10.59821333342043,8.310611572153716,11.05856663188315,8.837536938479738,9.894827423175986,9.00234724690278
49.73473473473473,8.740429788205685,10.59337401644834,8.291816654370136,11.057609097014714,8.834901999164314,9.893649758396677,9.005925450139381
49.829829829829826,8.7392091702419,10.58865585056101,8.273525848201778,11.056677532540965,8.832358222973594,9.892507294615546,9.009413267146673
49.92492492492492,8.738035587938553,10.584074499773285,8.255797894146182,11.055774965044446,8.829912727743132,9.891403515589097,9.012799169991972
50.02002002002002,8.736912414409353,10.579645583621218,8.238691371718303,11.05490441335305,8.827572614207103,9.890341895881317,9.016071661675868
50.11511511511511,8.735841414036404,10.575376443718541,8.222234900065226,11.05406745308032,8.825341800373542,9.889324199241845,9.01922500217221
50.21021021021021,8.734820866044334,10.571256488381414,8.206392192168929,11.05326253325907,8.823217309189996,9.888348483110748,9.022265923366357
50.3053053053053,8.733848593821214,10.567272780364103,8.191118471695503,11.052487693985123,8.8211952617737,9.887412320166241,9.025202788390803
50.4004004004004,8.732922420755125,10.563412382420868,8.176368962311042,11.05174097535432,8.8192717792419,9.886513283086545,9.02804396037805
50.49549549549549,8.732040170234141,10.559662357305967,8.162098887681632,11.051020417462482,8.817442982711828,9.885648944549876,9.030797802460592
50.59059059059059,8.731199665646344,10.556009767773665,8.148263471473365,11.05032406040544,8.815704993300733,9.884816877234446,9.033472677770932
50.685685685685684,8.730398730379802,10.552441676578221,8.13481793735233,11.049649944279025,8.814053932125848,9.884014653818475,9.03607694944157
50.78078078078078,8.729635187822595,10.5489451464739,8.121717508984622,11.048996109179068,8.812485920304418,9.88323984698018,9.038618980605
50.87587587587587,8.7289068613628,10.54550724021496,8.108917410036327,11.048360595201398,8.81099707895368,9.882490029397772,9.041107134393723
50.97097097097097,8.72821157438849,10.542115020555661,8.096372864173535,11.047741442441842,8.809583529190872,9.881762773749472,9.043549773940235
51.066066066066064,8.727547150287746,10.53875555025027,8.084039095062337,11.04713669099623,8.80824139213324,9.881055652713497,9.04595526237704
51.16116116116116,8.726911412448642,10.535415892053043,8.071871326368827,11.046544380960393,8.80696678889802,9.880366238968062,9.048331962836631
51.25625625625625,8.726302184259254,10.532083108718245,8.05982478175909,11.045962552430161,8.805755840602455,9.879692105191383,9.05068823845151
51.35135135135135,8.725717289107655,10.528744263000135,8.04785468489922,11.045389245501362,8.80460466836378,9.879030824061678,9.053032452354175
51.446446446446444,8.725154550381923,10.525386417652976,8.035916259455304,11.044822500269827,8.80350939329924,9.878379968257159,9.055372967677124
51.54154154154154,8.724611791470139,10.521996635431027,8.023964729093436,11.044260356831385,8.802466136526073,9.877737110456046,9.057718147552858
51.63663663663663,8.724086835760374,10.51856197908855,8.011955317479705,11.043700855281866,8.801471019161518,9.877099823336556,9.060076355113873
51.73173173173173,8.723577506640705,10.51506951137981,7.9998432482802,11.043142035717098,8.800520162322819,9.876465679576905,9.062455953492668
51.826826826826824,8.723081627499207,10.511506295059062,7.9875837451610145,11.042581938232912,8.799609687127212,9.875832251855305,9.064865305821742
51.92192192192192,8.72259702172396,10.507859392880574,7.975132031788235,11.042018602925136,8.798735714691936,9.875197112849978,9.067312775233596
52.01701701701701,8.722121512703037,10.504115867598603,7.962443331827955,11.041450069889603,8.797894366134235,9.874557835239141,9.069806724860724
52.11211211211211,8.721652923824518,10.500262781967413,7.949472868946264,11.040874379222137,8.79708176257135,9.873911991701005,9.072355517835629
52.207207207207205,8.72118907847647,10.496287198741262,7.936175866809249,11.040289571018572,8.796294025120515,9.873257154913789,9.074967517290807
52.3023023023023,8.72072780004698,10.492176180674413,7.922507549083006,11.039693685374738,8.795527274898978,9.87259089755571,9.077651086358756
52.39739739739739,8.720266911924123,10.48791679052113,7.908423139433622,11.039084762386459,8.79477763302397,9.871910792304986,9.080414588171978
52.49249249249249,8.719804237495966,10.483496091035672,7.893877861527186,11.03846084214957,8.794041220612737,9.87121441183983,9.083266385862968
52.587587587587585,8.719337600150594,10.4789011449723,7.878826939029793,11.037819964759905,8.793314158782518,9.87049932883846,9.086214842564228
52.68268268268268,8.718864823276078,10.474119015085275,7.8632255956075285,11.03716017031328,8.792592568650555,9.86976311597909,9.089268321408255
52.77777777777777,8.7183837302605,10.469136764128859,7.8470290549264865,11.036479498905535,8.791872571334086,9.86900334593994,9.092435185527547
52.87287287287287,8.71789214449193,10.463941454857313,7.830192540652756,11.035775990632498,8.791150287950348,9.868217591399226,9.095723798054605
52.967967967967965,8.717387889358447,10.458520150024901,7.812671276452426,11.035047685589996,8.790421839616585,9.867403425035164,9.099142522121925
53.06306306306306,8.71686899264933,10.452861436232475,7.794425651183304,11.034292847135559,8.789683702892475,9.866558682245497,9.102698726820497
53.15815815815815,8.716335888831335,10.446971842281066,7.7754768701292765,11.033512367373016,8.788936539417353,9.865684291761923,9.106388077115836
53.25325325325325,8.71579057967926,10.440869581526362,7.7558857442439235,11.0327088503328,8.78818373629296,9.864783196797589,9.11019861585953
53.348348348348345,8.715235093754131,10.434573067020114,7.735713761365594,11.031884929303198,8.787428727200822,9.863858374994344,9.114118255636654
53.44344344344344,8.71467145961699,10.428100711814084,7.715022409332625,11.031043237572502,8.786674945822476,9.862912803994044,9.118134909032282
53.53853853853853,8.714101705828865,10.421470928960028,7.693873175983361,11.030186408428996,8.785925825839453,9.86194946143854,9.122236488631486
53.63363363363363,8.713527860950792,10.414702131509705,7.6723275491561385,11.029317075160975,8.785184800933282,9.860971324969677,9.126410907019341
53.728728728728726,8.712951953543802,10.407812732514875,7.650447016689303,11.028437871056726,8.784455304785492,9.859981372229315,9.130646076780918
53.82382382382382,8.712376012168932,10.400821145027294,7.628293066421192,11.02755142940454,8.783740771077623,9.8589825808593,9.134929910501292
53.91891891891891,8.711802065387213,10.393745782098723,7.605927186190153,11.026660383492699,8.783044633491201,9.85797792850148,9.139250320765536
54.01401401401401,8.711232141759679,10.386605056780917,7.583410863834519,11.025767366609498,8.78237032570776,9.856970392797711,9.143595220158721
54.109109109109106,8.710668269847359,10.379417382125636,7.560805587192634,11.024875012043228,8.78172128140883,9.855962951389847,9.147952521265923
54.2042042042042,8.710112478211292,10.372201171184638,7.538172844102846,11.023985953082175,8.781100934275942,9.854958581919732,9.152310136672213
54.29929929929929,8.709566795412508,10.364974837009685,7.515574122403488,11.023102823014625,8.78051271799063,9.85396026202922,9.156655978962668
54.39439439439439,8.709033250012045,10.357756792652527,7.493070909932902,11.022228255128873,8.779960066234427,9.852970969360166,9.160977960722356
54.489489489489486,8.70851387057093,10.350565451164929,7.470724694529432,11.021364882713206,8.77944641268886,9.851993681554417,9.165263994536355
54.58458458458458,8.708010685650203,10.343419225598646,7.448596964031419,11.02051533905591,8.77897519103546,9.851031376253822,9.169501992989735
54.67967967967967,8.707525723810889,10.336336529005438,7.426749206277202,11.01968225744528,8.778549834955768,9.850087031100237,9.173679868667573
54.77477477477477,8.70706101361403,10.329335774437062,7.405242909105124,11.018868271169602,8.778173778131306,9.849163623735514,9.177785534154935
54.869869869869866,8.706618583620651,10.322435374945279,7.384139560353524,11.018076013517163,8.777850454243607,9.848264131801498,9.181806902036904
54.96496496496496,8.706200462391793,10.315653743581844,7.3635006478607465,11.017308117776254,8.777583296974207,9.847391532940044,9.185731884898546
55.06006006006006,8.705808555323076,10.309008327032867,7.3433843310938,11.016567068603704,8.777375508488179,9.846548637047404,9.189549056385312
55.15515515515515,8.705443137080161,10.302503777146686,7.323804701343967,11.015853382751722,8.777227225635185,9.845736033040856,9.193255742689157
55.25025025025025,8.705103327367897,10.296135683856717,7.3047446387167385,11.015166183208521,8.77713641426218,9.844952736834367,9.196855468973292
55.34534534534534,8.70478822144337,10.28989944527727,7.286186362651313,11.014504563459655,8.777100994261183,9.844197731045167,9.200351891618357
55.44044044044044,8.704496914563663,10.28379045952266,7.268112092586887,11.013867616990682,8.777118885524194,9.843469998290495,9.203748667004987
55.53553553553553,8.704228501985863,10.2778041247072,7.25050404796266,11.01325443728715,8.777188007943238,9.842768521187581,9.207049451513825
55.63063063063063,8.703982078967059,10.2719358389452,7.23334444821782,11.01266411783463,8.777306281410318,9.842092282353661,9.210257901525509
55.725725725725724,8.70375674076433,10.266181000350976,7.216615512791566,11.012095752118665,8.77747162581745,9.841440264405973,9.213377673420673
55.82082082082082,8.703551582634772,10.260535007038836,7.2002994611230955,11.011548433624816,8.777681961056645,9.840811449961745,9.216412423579962
55.91591591591591,8.703365699835459,10.254993257123097,7.184378512651604,11.011021255838639,8.777935207019917,9.840204821638215,9.219365808384008
56.01101101101101,8.703198187623485,10.249551148718064,7.168834886816285,11.010513312245685,8.778229283599275,9.839619362052618,9.222241484213454
56.106106106106104,8.703048141255932,10.244204079938058,7.153650803056336,11.010023696331514,8.778562110686734,9.839054053822185,9.225043107448936
56.2012012012012,8.702914655989886,10.238947448897385,7.1388084808109555,11.009551501581681,8.778931608174302,9.838507879564155,9.227774334471095
56.29629629629629,8.702796827082436,10.233776653710358,7.124290139519336,11.009095821481745,8.779335695953993,9.83797982189576,9.230438821660565
56.39139139139139,8.702693749790663,10.228687092491292,7.11007799862067,11.008655749517256,8.77977229391782,9.837468863434234,9.233040225397989
56.486486486486484,8.702604519371658,10.223674163354497,7.09615427755416,11.008230379173776,8.780239321957799,9.836973986796812,9.235582202064004
56.58158158158158,8.7025282310825,10.218733264414286,7.082501195759,11.007818803936855,8.780734699965931,9.83649417460073,9.238068408039247
56.67667667667667,8.70246398018028,10.213859793784973,7.069100972674386,11.007420117292051,8.781256347834237,9.836028409463218,9.240502499704355
56.77177177177177,8.70241086192208,10.209049149580867,7.055935827739511,11.007033412724923,8.781802185454723,9.835575674001518,9.242888133439973
56.866866866866864,8.702367971564989,10.204296729916285,7.0429879803935735,11.006657783721023,8.782370132719407,9.835134950832856,9.245228965626733
56.96196196196196,8.702334404366093,10.199597932905533,7.030239650075769,11.006292323765908,8.782958109520301,9.834705222574472,9.24752865264528
57.05705705705705,8.702309255582474,10.194948156662926,7.017673056225291,11.005936126345132,8.783564035749409,9.834285471843598,9.249790850876243
57.15215215215215,8.702291620471222,10.190342799302776,7.0052704182813414,11.005588284944254,8.784185831298752,9.83387468125747,9.252019216700267
57.247247247247245,8.70228059428942,10.1857772589394,6.993013955683108,11.00524789304883,8.784821416060339,9.83347183343332,9.254217406497991
57.34234234234234,8.702275272294152,10.181246933687104,6.980885887869793,11.00491404414441,8.78546870992618,9.833075910988384,9.256389076650052
57.43743743743743,8.702274749742507,10.176747221660202,6.96886843428059,11.004585831716557,8.786125632788288,9.832685896539898,9.258537883537086
57.53253253253253,8.70227812189157,10.17227352097301,6.956943814354694,11.004262349250823,8.786790104538676,9.832300772705093,9.260667483539734
57.627627627627625,8.702284483998431,10.167821229739832,6.945094247531301,11.003942690232767,8.787460045069352,9.831919522101208,9.262781533038634
57.72272272272272,8.702292931320164,10.163385746074988,6.933301953249607,11.00362594814794,8.788133374272334,9.831541127345474,9.264883688414423
57.81781781781781,8.702302559113868,10.158962468092787,6.92154915094881,11.003311216481901,8.788808012039635,9.831164571055126,9.26697760604774
57.91291291291291,8.70231246263662,10.154546793907542,6.909818060068104,11.002997588720206,8.78948187826326,9.830788835847398,9.269066942319228
58.008008008008005,8.702321737283606,10.150134121303546,6.8980909003225825,11.002684158425506,8.790152893398954,9.830412904422623,9.271155353436091
58.1031031031031,8.702329772632158,10.145719145045467,6.886350479154819,11.002370183395518,8.7908201787791,9.830035936501947,9.273246126161528
58.19819819819819,8.70233687385233,10.141294371866962,6.874581433210889,11.002055432582141,8.791486593263802,9.829657642754166,9.275341397426024
58.29329329329329,8.702343523728157,10.136851884050015,6.862768753980316,11.001739774095027,8.792155720748545,9.829277840725299,9.277443081106362
58.388388388388385,8.702350205043663,10.132383763876602,6.850897432952633,11.001423076043817,8.792831145128817,9.82889634796136,9.279553091079325
58.48348348348348,8.702357400582876,10.127882093628704,6.8389524616173665,11.00110520653817,8.79351645030011,9.828512982008366,9.281673341221698
58.57857857857857,8.702365593129823,10.123338955588302,6.826918831464048,11.000786033687735,8.794215220157918,9.828127560412334,9.28380574541026
58.67367367367367,8.702375265468536,10.118746432037378,6.814781533982206,11.000465425602163,8.794931038597719,9.827739900719278,9.285952217521796
58.768768768768766,8.702386900383036,10.114096605257911,6.80252556066137,11.000143250391107,8.795667489515008,9.827349820475215,9.288114671433089
58.86386386386386,8.702400980657353,10.10938155753188,6.79013590299107,10.999819376164211,8.796428156805273,9.82695713722616,9.290295021020919
58.95895895895895,8.702417989075515,10.104593371141268,6.777597552460837,10.999493671031138,8.797216624364001,9.82656166851813,9.292495180162069
59.05405405405405,8.702438408421552,10.099724128368054,6.764895500560197,10.999166003101527,8.798036476086686,9.826163231897139,9.294717062733323
59.149149149149146,8.702462721479488,10.094765911494218,6.752014738778681,10.99883624048503,8.79889129586881,9.825761644909203,9.296962582611465
59.24424424424424,8.702491411033355,10.089710802801738,6.738940258605817,10.998504251291305,8.799784667605866,9.825356725100342,9.299233653673275
59.33933933933933,8.70252495986718,10.084550884572602,6.725657051531139,10.99816990363,8.800720175193343,9.824948290016566,9.301532189795536
59.43443443443443,8.702563850764987,10.079278239088781,6.712150109044171,10.997833065610761,8.801701402526724,9.824536157203895,9.303860104855033
59.529529529529526,8.702608566510804,10.073884948632262,6.698404422634444,10.997493605343244,8.802731933501509,9.824120144208342,9.306219312728544
59.62462462462462,8.702659589888663,10.068363095485022,6.684404983791489,10.9971513909371,8.803815352013178,9.823700068575924,9.308611727292858
59.71971971971971,8.702717403682588,10.062704761929043,6.670136784004834,10.99680629050198,8.80495524195722,9.823275747852659,9.311039262424753
59.81481481481481,8.702782490676608,10.056902030246304,6.655584814764009,10.99645817214753,8.806155187229125,9.82284699958456,9.313503832001011
59.909909909909906,8.702855333654751,10.050946982718786,6.640734067558543,10.996106903983407,8.807418771724386,9.822413641317643,9.316007349898419
60.005005005005,8.702936415401043,10.044831701628471,6.6255695338779645,10.995752354119254,8.808749579338487,9.821975490597925,9.318551729993755
60.10010010010009,8.703026218699515,10.038548269257337,6.610076205211807,10.995394390664732,8.810151193966915,9.82153236497142,9.321138886163807
60.19519519519519,8.703125226334192,10.032088767887364,6.594239073049592,10.995032881729488,8.811627199505168,9.821084081984147,9.32377073228535
60.29029029029029,8.703233921089103,10.025445279800534,6.578043128880857,10.99466769542317,8.813181179848726,9.82063045918212,9.326449182235175
60.38538538538538,8.703352785748274,10.018609887278828,6.56147336419513,10.99429869985543,8.81481671889308,9.820171314111354,9.329176149890058
60.48048048048047,8.703482303095734,10.011574672604223,6.544514770481936,10.993925763135918,8.81653740053372,9.819706464317866,9.331953549126785
60.57557557557557,8.703622955915513,10.004331718058703,6.527152339230806,10.99354875337429,8.818346808666135,9.819235727347673,9.334783293822138
60.67067067067067,8.703775226991633,9.996873105924244,6.509371061931274,10.99316753868019,8.820248527185813,9.818758920746786,9.3376672978529
60.765765765765764,8.703939599108129,9.989190918482832,6.491155930072861,10.992781987163275,8.822246139988241,9.81827586206123,9.340607475095855
60.86086086086085,8.70411655504902,9.981277238016444,6.472491935145105,10.99239196693319,8.824343230968912,9.817786368837012,9.34360573942778
60.95595595595595,8.70430657759834,9.973124146807061,6.453364068637531,10.991997346099593,8.82654338402331,9.81729025862015,9.346664004725463
61.05105105105105,8.704510113721597,9.964724484910304,6.433758955194399,10.991598014961754,8.828849915571157,9.816787381072984,9.34978394435128
61.146146146146144,8.704726913317112,9.956085839476879,6.413695002418274,10.99119429565308,8.831260936664176,9.81627821087626,9.35296255099702
61.24124124124124,8.704956093116179,9.947229192886573,6.393219487326703,10.990786902554875,8.833769830162124,9.815763790433692,9.356192565760887
61.33633633633633,8.705196746848635,9.938176014135863,6.372380735694142,10.99037656429787,8.836369807160827,9.815245182773022,9.359466575290844
61.43143143143143,8.705447968244323,9.928947772221228,6.351227073295046,10.989964009512795,8.83905407875611,9.81472345092199,9.36277716623485
61.526526526526524,8.705708851033084,9.919565936139147,6.329806825903875,10.989549966830387,8.841815856043805,9.814199657908334,9.366116925240869
61.62162162162162,8.705978488944757,9.910051974886091,6.308168319295084,10.989135164881377,8.844648350119739,9.813674866759795,9.369478438956861
61.71671671671671,8.706255975709182,9.900427357458547,6.286359879243128,10.988720332296497,8.84754477207974,9.81315014050411,9.37285429403079
61.81181181181181,8.706540405056202,9.890713552852981,6.2644298315224685,10.98830619770648,8.850498333019635,9.81262654216902,9.376237077110616
61.906906906906904,8.706830870715661,9.880932030065878,6.242426501907554,10.987893489742062,8.85350224403525,9.812105134782263,9.3796193748443
62.002002002002,8.707126466417392,9.871104258093713,6.220398216172848,10.98748293703397,8.856549716222418,9.811586981371578,9.382993773879807
62.09709709709709,8.707426285891245,9.861251705932967,6.198393300092805,10.98707526821294,8.859633960676955,9.811073144964707,9.386352860865097
62.19219219219219,8.70772942286705,9.85139584258011,6.176460079441879,10.986671211909703,8.862748188494706,9.810564688589388,9.38968922244813
62.287287287287285,8.708034971074657,9.841558137031623,6.154646879994534,10.986271496754995,8.865885610771485,9.810062675273358,9.392995445276869
62.38238238238238,8.708342024243903,9.831760058283983,6.133002027525217,10.985876851379544,8.869039438603126,9.809568168044358,9.396264115999276
62.47747747747747,8.708649676104626,9.822023075333668,6.1115738478083905,10.985488004414085,8.872202883085455,9.80908222993013,9.399487821263316
62.57257257257257,8.708957020386672,9.812368657177156,6.090410666618511,10.985105684489351,8.8753691553143,9.808605923958408,9.402659147716944
62.667667667667665,8.709263150819881,9.80281827281092,6.069560809730033,10.984730620236073,8.878531466385486,9.808140313156935,9.405770682008125
62.76276276276276,8.70956716113409,9.793393391231442,6.049072602917413,10.984363540284987,8.881683027394844,9.80768646055345,9.408815010784824
62.85785785785785,8.709868145059145,9.7841154814352,6.028994371955109,10.984005173266821,8.884817049438205,9.80724542917569,9.411784720694998
62.95295295295295,8.710165196324882,9.775006012418663,6.009374442617578,10.983656247812311,8.88792674361139,9.806818282051399,9.41467239838661
63.048048048048045,8.710457431724071,9.766085856017005,5.990259739291595,10.983317469727382,8.89100548907249,9.806406048672482,9.417470853859939
63.14314314314314,8.710744485613649,9.757362482931137,5.971665737266441,10.982989032597457,8.894050436531579,9.80600900593997,9.420177909453331
63.23823823823823,8.711026502857118,9.748830145469075,5.953576891581928,10.982670624772213,8.897062456820853,9.805626688426539,9.422796331493652
63.33333333333333,8.711303649969288,9.740482535327946,5.935976341664874,10.982361913173564,8.900042578548186,9.805258599221656,9.42532909598937
63.428428428428425,8.711576093464958,9.73231334420488,5.918847226942092,10.982062564723428,8.902991830321454,9.804904241414796,9.427779178948958
63.52352352352352,8.711843999858939,9.724316263796998,5.902172686840402,10.98177224634371,8.905911240748528,9.804563118095427,9.430149556380885
63.61861861861861,8.71210753566603,9.716484985801433,5.8859358607866215,10.98149062495633,8.908801838437292,9.80423473235302,9.432443204293616
63.71371371371371,8.712366867401045,9.708813201915312,5.870119888207564,10.981217367483199,8.911664651995615,9.803918587277046,9.434663098695623
63.808808808808806,8.712622161578786,9.701294603835759,5.854707908530048,10.98095214084623,8.914500710031376,9.80361418595698,9.436812215595374
63.9039039039039,8.712873584714059,9.693922883259907,5.839683061180889,10.98069461196734,8.917311041152454,9.803321031482287,9.438893531001343
63.99899899899899,8.713121303321667,9.68669173188488,5.8250284855869054,10.980444447768436,8.92009667396672,9.803038626942438,9.440910020921992
64.09409409409409,8.71336548391642,9.679594841407804,5.810727321174913,10.980201315171431,8.922858637082049,9.802766475426909,9.442864661365794
64.18918918918918,8.713606293013122,9.67262590352581,5.796762707371726,10.979964881098244,8.925597959106323,9.802504080025166,9.444760428341217
64.28428428428428,8.713843897126583,9.665778609936023,5.783117783604164,10.979734812470788,8.928315668647414,9.80225094382668,9.446600297856733
64.37937937937937,8.714078462771601,9.659046652335574,5.769775689299042,10.979510776210972,8.931012794313197,9.802006569920922,9.448387245920808
64.47447447447448,8.714310156462988,9.652423722421585,5.756719563883178,10.979292439240714,8.93369036471155,9.801770461397364,9.450124248541911
64.56956956956957,8.714539144715552,9.645903511891188,5.743932546783388,10.979079468481919,8.936349408450349,9.801542121345477,9.451814281728515
64.66466466466466,8.714765594044088,9.63947971244151,5.731397777426488,10.97887153085651,8.938990954137466,9.80132105285473,9.453460321489086
64.75975975975976,8.714989670963414,9.633146015769674,5.719098395239293,10.978668293286395,8.941616030380782,9.801106759014596,9.455065343832093
64.85485485485485,8.715211541988328,9.626896113572815,5.707017539648625,10.97846942269349,8.944225665788169,9.800898742914544,9.456632324766007
64.94994994994994,8.715431373633638,9.620723697548057,5.6951383500812955,10.978274585999706,8.946820888967505,9.800696507644044,9.458164240299297
65.04504504504504,8.715649332414154,9.614622459392521,5.683443965964122,10.978083450126956,8.949402728526668,9.800499556292571,9.45966406644043
65.14014014014013,8.715865584844677,9.608586090803346,5.671917526723922,10.977895681997154,8.951972213073526,9.800307391949591,9.461134779197877
65.23523523523524,8.716080297440014,9.60260828347765,5.660542171787511,10.977710948532216,8.954530371215965,9.800119517704578,9.46257935458011
65.33033033033033,8.71629363671497,9.596682729112569,5.649301040581708,10.977528916654052,8.957078231561855,9.799935436647,9.464000768595591
65.42542542542542,8.716505769184351,9.590803119405223,5.638177272533327,10.977349253284576,8.95961682271907,9.79975465186633,9.465401997252796
65.52052052052052,8.716716861362968,9.584963146052742,5.627154007069186,10.977171625345699,8.962147173295492,9.799576666452039,9.466786016560192
65.61561561561561,8.71692707976562,9.579156500752257,5.616214383616103,10.97699569975934,8.964670311898992,9.799400983493594,9.468155802526246
65.7107107107107,8.717136590907117,9.573376875200887,5.605341541600892,10.976821143447408,8.967187267137449,9.79922710608047,9.469514331159429
65.8058058058058,8.717345561302263,9.567617961095767,5.594518620450368,10.976647623331818,8.969699067618736,9.799054537302135,9.47086457846821
65.9009009009009,8.717554157465864,9.561873450134026,5.583728759591351,10.976474806334481,8.972206741950734,9.79888278024806,9.47220952046106
65.995995995996,8.717762545912725,9.556137034012785,5.572955098450656,10.976302359377312,8.974711318741313,9.798711338007719,9.473552133146447
66.09109109109109,8.717970871753733,9.550401964049907,5.562181442624432,10.976129933161097,8.977214501617052,9.798539777492232,9.474895071818612
66.18618618618618,8.718179182944148,9.544659492615597,5.5513946215515055,10.975957104756468,8.979721058215839,9.798367955308782,9.476239536001744
66.28128128128128,8.7183874998868,9.538900305196744,5.540582322204892,10.97578343035323,8.982236625101212,9.798195810219717,9.477586312376918
66.37637637637637,8.718595842982682,9.533115087242836,5.529732231614187,10.975608466139805,8.98476683889403,9.798023280992807,9.478936187597977
66.47147147147146,8.718804232632797,9.527294524203361,5.518832036808985,10.975431768304615,8.987317336215154,9.79785030639581,9.48028994831877
66.56656656656656,8.719012689238143,9.52142930152781,5.507869424818875,10.97525289303608,8.989893753685445,9.7976768251965,9.481648381193136
66.66166166166165,8.719221233199733,9.515510104665672,5.496832082673456,10.975071396522628,8.992501727925765,9.797502776162636,9.483012272874914
66.75675675675676,8.71942988491856,9.509527619066434,5.485707697402317,10.97488683495268,8.995146895556978,9.797328098061989,9.484382410017954
66.85185185185185,8.719638664795625,9.503472530179588,5.474483956035056,10.974698764514658,8.99783489319994,9.797152729662324,9.485759579276095
66.94694694694694,8.71984759323193,9.497335523454618,5.463148545601262,10.974506741396983,9.000571357475522,9.796976609731406,9.487144567303181
67.04204204204204,8.720056690628482,9.49110728434102,5.451689153130533,10.974310321788082,9.003361925004578,9.796799677037,9.488538160753054
67.13713713713713,8.720265977386282,9.484778498288275,5.44009346565246,10.974109061876373,9.006212232407972,9.796621870346875,9.489941146279557
67.23223223223223,8.720475473906324,9.47833985074588,5.4283491701966335,10.973902517850282,9.009127916306564,9.796443128428795,9.491354310536533
67.32732732732732,8.720685200589616,9.471782027163316,5.416443953792653,10.973690245898235,9.012114613321218,9.796263390050527,9.492778440177826
67.42242242242241,8.720895177837159,9.46509571299008,5.40436550347011,10.973471802208646,9.015177960072796,9.796082593979836,9.494214321857278
67.51751751751752,8.721105426049952,9.458271593675656,5.3921015062585935,10.973246742969945,9.018323593182158,9.79590067898449,9.495662742228731
67.61261261261261,8.721315965629,9.451300354669533,5.379639649187704,10.97301462437055,9.021557149270164,9.795717583832253,9.49712448794603
67.7077077077077,8.721526816975299,9.4441726814212,5.366967619287031,10.97277500259889,9.024884264957677,9.79553324729089,9.498600345663016
67.8028028028028,8.721738000489855,9.43687925938015,5.354073103586169,10.972527433843384,9.028310576865563,9.79534760812817,9.500091102033533
67.89789789789789,8.721949536573671,9.429410773995867,5.340943789114711,10.97227147429245,9.03184172161468,9.795160605111858,9.501597543711423
67.992992992993,8.722161445627746,9.421757910717844,5.32756736290225,10.97200668013452,9.035483335825887,9.79497217700972,9.50312045735053
68.08808808808809,8.722373748053085,9.413911354995566,5.3139315119783825,10.97173260755801,9.039241056120051,9.794782262589521,9.504660629604697
68.18318318318317,8.722586464250687,9.405861792278523,5.3000239233727005,10.971448812751346,9.043120519118027,9.79459080061903,9.506218847127764
68.27827827827828,8.72279961462155,9.397599908016208,5.285832284114793,10.97115485190295,9.047127361440683,9.794397729866008,9.50779589657358
68.37337337337337,8.723013219566681,9.389116387658106,5.271344281234259,10.970850281201244,9.05126721970888,9.794202989098226,9.509392564595979
68.46846846846846,8.72322729948708,9.380401916653705,5.256547601760694,10.970534656834651,9.055545730543473,9.794006517083448,9.511009637848812
68.56356356356356,8.723441874783749,9.371447180452497,5.2414299327236815,10.9702075349916,9.059968530565332,9.79380825258944,9.512647902985918
68.65865865865865,8.723656965857685,9.362242864503969,5.225978961152827,10.969868471860503,9.064541256395312,9.793608134383966,9.51430814666114
68.75375375375376,8.723872593109899,9.352779654257612,5.210182374077714,10.969517023629788,9.069269544654283,9.793406101234796,9.515991155528322
68.84884884884885,8.724088776941386,9.343048235162914,5.194027858527946,10.969152746487879,9.074159031963097,9.793202091909693,9.517697716241308
68.94394394394394,8.724305537753148,9.333039292669365,5.177503101533107,10.968775196623195,9.079215354942622,9.792996045176425,9.519428615453936
69.03903903903904,8.724522889283376,9.322743921566357,5.160596404120903,10.968383946082458,9.084443923882635,9.79278790517684,9.521184586637519
69.13413413413413,8.724740601663855,9.312168182975348,5.143318516387429,10.967979146725215,9.089841873930204,9.792577812540685,9.52296441879748
69.22922922922922,8.724958137210253,9.301337049170938,5.125708554615541,10.967561683050715,9.095395883930193,9.792366156175806,9.524764443951655
69.32432432432432,8.725174938512755,9.290276704293007,5.1078074528512305,10.96713248650726,9.101091962666276,9.792153340900223,9.526580836669106
69.41941941941941,8.725390448161548,9.279013332481446,5.089656145140495,10.966692488543154,9.106916118922124,9.791939771531952,9.52840977151889
69.51451451451452,8.725604108746817,9.26757311787614,5.071295565529328,10.966242620606696,9.112854361481414,9.791725852889016,9.530247423070065
69.6096096096096,8.725815362858745,9.255982244616973,5.052766648063725,10.965783814146187,9.118892699127816,9.791511989789429,9.532089965891693
69.7047047047047,8.726023653087521,9.244266896843836,5.034110326789682,10.965317000609927,9.125017140645006,9.791298587051212,9.533933574552828
69.7997997997998,8.726228422023325,9.232453258696612,5.015367535753186,10.964843111446216,9.131213694816658,9.791086049492382,9.535774423622534
69.89489489489489,8.726429112256351,9.220567514315187,4.996579209000243,10.964363078103359,9.137468370426447,9.790874781930954,9.537608687669866
69.98998998998998,8.726625166376776,9.208635847839448,4.977786280576842,10.963877832029656,9.143767176258045,9.790665189184953,9.539432541263887
70.08508508508508,8.726816026974793,9.196684443409278,4.959029684528975,10.963388304673405,9.150096121095128,9.790457676072393,9.54124215897365
70.18018018018017,8.727001136640581,9.18473948516457,4.940350354902644,10.962895427482911,9.156441213721369,9.790252647411291,9.543033715368221
70.27527527527528,8.727179937964326,9.172827157245205,4.921789225743832,10.962400131906469,9.162788462920439,9.790050508019672,9.544803385016653
70.37037037037037,8.727351873536216,9.16097364379107,4.903387231098547,10.961903349392383,9.169123877476016,9.789851662715545,9.546547342488006
70.46546546546546,8.727516385946439,9.149205128942054,4.885185305012778,10.961406011388958,9.175433466171773,9.789656516316935,9.548261762351343
70.56056056056056,8.727672917785178,9.137547796838039,4.867224381532516,10.960909049344489,9.181703237791378,9.789465473641856,9.549942819175717
70.65565565565565,8.727820911642613,9.126027831618913,4.849545394703761,10.960413394707283,9.187919201118516,9.78927893950833,9.551586687530191
70.75075075075074,8.727959810108937,9.114671417424566,4.832189278572506,10.959919978925633,9.194067364936853,9.789097318734374,9.553189541983823
70.84584584584584,8.728089055774332,9.103504738394875,4.815196967184744,10.959429733447845,9.200133738030065,9.788921016138005,9.55474755710567
70.94094094094093,8.728208091228984,9.092553978669734,4.798609394586473,10.958943589722224,9.206104329181827,9.788750436537244,9.556256907464794
71.03603603603604,8.72831636734247,9.081845010735773,4.782466987409172,10.958462469176188,9.21196530770333,9.788585979209504,9.557713818321034
71.13113113113113,8.72841370080425,9.071389936870105,4.76678775248253,10.957986850470945,9.21770993571677,9.788427798624083,9.559116754675667
71.22622622622622,8.72850041063726,9.06118195048878,4.7515589104004725,10.957516604273678,9.223341214991159,9.788275713086723,9.560467257079367
71.32132132132132,8.728576852310194,9.051212873114988,4.736765448125976,10.957051557139835,9.22886285393522,9.788129516513505,9.561767089222853
71.41641641641641,8.728643381291757,9.04147452627192,4.722392352622028,10.956591535624867,9.234278560957671,9.787989002820527,9.563018014796851
71.5115115115115,8.728700353050632,9.03195873148277,4.708424610851606,10.95613636628422,9.239592044467235,9.78785396592388,9.564221797492088
71.6066066066066,8.72874812305552,9.022657310270727,4.6948472097776905,10.95568587567335,9.244807012872634,9.787724199739651,9.565380200999286
71.7017017017017,8.728787046775118,9.013562084158984,4.681645136363269,10.955239890347697,9.249927174582584,9.787599498183935,9.56649498900917
71.7967967967968,8.728817479678115,9.004664874670729,4.668803377571316,10.954798236862718,9.254956238005807,9.78747965517282,9.567567925212467
71.89189189189189,8.728839777233215,8.995957503329155,4.656306920364821,10.95436074177386,9.259897911551025,9.7873644646224,9.568600773299895
71.98698698698698,8.728854294909102,8.987431791657457,4.644140751706762,10.953927231636571,9.26475590362696,9.787253720448764,9.569595296962182
72.08208208208208,8.72886138817448,8.979079561178818,4.632289858560116,10.953497533006304,9.26953392264233,9.787147216568004,9.570553259890055
72.17717717717717,8.72886141249804,8.970892633416435,4.620739227887875,10.953071472438506,9.274235677005853,9.78704474689621,9.571476425774234
72.27227227227226,8.728854723348475,8.962862829893501,4.609473846653013,10.952648876488626,9.278864875126256,9.786946105349475,9.572366558305447
72.36736736736736,8.728841676194486,8.954981972133199,4.598478701818514,10.95222957171211,9.283425225412255,9.786851085843889,9.573225421174413
72.46246246246245,8.728822626504762,8.94724188165873,4.587738780347361,10.951813384664417,9.287920436272572,9.786759482295542,9.574054778071863
72.55755755755756,8.728797929748005,8.939634379993278,4.577239069202532,10.951400141900988,9.292354216115926,9.786671088620528,9.574856392688517
72.65265265265265,8.728767941392903,8.932151288660037,4.566964555347014,10.950989669977277,9.29673027335104,9.786585698734934,9.575632028715098
72.74774774774774,8.728733016908157,8.924784429182198,4.556900225743787,10.950581795448727,9.301052316386633,9.786503106554854,9.576383449842336
72.84284284284284,8.728693511762458,8.917525623082952,4.54703106735583,10.950176344870796,9.305324053631425,9.786423105996379,9.57711241976095
72.93793793793793,8.728649781424501,8.910366691885491,4.5373420671461275,10.949773144798929,9.309549193494139,9.786345490975599,9.577820702161667
73.03303303303304,8.728602181362982,8.903299457113004,4.527818212077659,10.949372021788573,9.313731444383492,9.786270055408606,9.57851006073521
73.12812812812813,8.728551067046597,8.896315740288685,4.518444489113412,10.948972802395181,9.317874514708206,9.786196593211491,9.579182259172303
73.22322322322321,8.728496793944043,8.889407362935723,4.509205885216362,10.948575313174203,9.321982112877004,9.786124898300343,9.579839061163673
73.31831831831832,8.728439717524013,8.882566146577311,4.500087387349493,10.948179380681085,9.326057947298606,9.786054764591256,9.580482230400042
73.41341341341341,8.728380193255198,8.875783912736638,4.491073982475786,10.947784831471278,9.330105726381728,9.78598598600032,9.581113530572136
73.5085085085085,8.728318576606299,8.869052482936898,4.482150657558225,10.947391492100234,9.334129158535097,9.785918356443627,9.581734725370678
73.6036036036036,8.728255223046009,8.862363678701279,4.473302399559788,10.946999189123396,9.338131952167428,9.785851669837264,9.582347578486393
73.69869869869869,8.728190488043024,8.855709321552977,4.464514195443462,10.946607749096222,9.342117815687445,9.785785720097326,9.582953853610004
73.7937937937938,8.728124727066037,8.849081233015173,4.455771032172223,10.946216998574155,9.346090457503868,9.785720301139905,9.583555314432237
73.88888888888889,8.728058295583745,8.842471234611072,4.447057896709058,10.945826764112642,9.350053586025414,9.785655206881088,9.584153724643816
73.98398398398398,8.727991549064837,8.835871147863855,4.438359776016945,10.945436872267141,9.354010909660808,9.78559023123697,9.584750847935464
74.07907907907908,8.727924757679748,8.829272656589238,4.429662204926157,10.945047073457285,9.35796643011993,9.785525184511222,9.585348295327192
74.17417417417417,8.727857621396854,8.822666524055718,4.420954380651216,10.9446566091499,9.361926109772806,9.785459986555242,9.585946657265543
74.26926926926926,8.727789606411896,8.816043136123886,4.412227001918757,10.94426451215026,9.36589671482509,9.785394602133044,9.586546105780165
74.36436436436436,8.727720178211978,8.809392877510298,4.4034707720069095,10.94386981463112,9.369885013919076,9.785328996144779,9.587146811632378
74.45945945945945,8.72764880228421,8.802706132931519,4.394676394193804,10.943471548765238,9.373897775697067,9.785263133490602,9.587748945583495
74.55455455455456,8.727574944115695,8.795973287104108,4.38583457175757,10.943068746725373,9.377941768801366,9.78519697907067,9.588352678394834
74.64964964964965,8.727498069193542,8.789184724744628,4.376936007976343,10.942660440684286,9.382023761874269,9.785130497785136,9.588958180827706
74.74474474474474,8.727417643004856,8.782330830569638,4.367971406128247,10.94224566281473,9.38615052355808,9.785063654534154,9.589565623643432
74.83983983983984,8.727333131036751,8.775401989295698,4.3589314694914165,10.941823445289469,9.390328822495091,9.784996414217877,9.590175177603328
74.93493493493493,8.727243998776322,8.768388585639375,4.3498069013439835,10.941392820281253,9.394565427327606,9.78492874173646,9.590787013468702
75.03003003003002,8.727149711710688,8.761281004317224,4.340588404964072,10.940952819962849,9.398867106697928,9.784860601990056,9.591401302000877
75.12512512512512,8.727049735326947,8.754069630045805,4.331266683629817,10.94050247650701,9.403240629248351,9.784791959878822,9.592018213961168
75.22022022022021,8.726943535112209,8.746744847541686,4.3218324406193505,10.940040822086496,9.40769276362118,9.784722780302909,9.592637920110887
75.31531531531532,8.726830576553583,8.739297041521423,4.3122763792107985,10.939566888874067,9.412230278458713,9.784653028162474,9.593260591211353
75.4104104104104,8.726710325138177,8.731716596701578,4.302589202682295,10.93907970904248,9.416859942403248,9.784582668357668,9.59388639802388
75.5055055055055,8.726582246353093,8.72399389779871,4.292761614311969,10.938578314764488,9.421588524097086,9.784511665788648,9.594515511309783
75.6006006006006,8.726445805685438,8.716119329529382,4.282784317377951,10.938061738212859,9.426422792182528,9.784439985355565,9.59514810183038
75.69569569569569,8.726300468622322,8.708083276610159,4.272648015158373,10.937529011560343,9.43136951530187,9.784367591958576,9.595784340346986
75.79079079079078,8.726145700650854,8.699876123757594,4.262343410931363,10.936979166979702,9.436435462097416,9.784294450497836,9.596424397620915
75.88588588588588,8.725980967258135,8.691488255688252,4.251861207975051,10.936411236643695,9.441627401211464,9.784220525873497,9.597068444413484
75.98098098098097,8.725805733931274,8.682910057118695,4.241192109567569,10.935824252725078,9.446952101286316,9.784145782985712,9.59771665148601
76.07607607607608,8.725619466157381,8.674131912765484,4.230326818987049,10.935217247396608,9.452416330964269,9.784070186734636,9.598369189599804
76.17117117117117,8.725421629423561,8.665144207345179,4.219256039511619,10.934589252831048,9.45802685888762,9.783993702020426,9.59902622951619
76.26626626626626,8.72521168921692,8.655937325574342,4.207970474419412,10.933939301201153,9.463790453698678,9.783916293743236,9.599687941996473
76.36136136136136,8.724989111024566,8.64650165216953,4.196460826988557,10.933266424679681,9.469713884039734,9.783837926803216,9.600354497801977
76.45645645645645,8.72475336033361,8.63682757184731,4.184717800497182,10.932569655439394,9.475803918553092,9.78375856610052,9.601026067694013
76.55155155155154,8.724503902631149,8.62690546932424,4.172732098223421,10.931848025653043,9.482067325881047,9.783678176535307,9.6017028224339
76.64664664664664,8.724240203404294,8.61672572931688,4.160494423445403,10.931100567493393,9.488510874665907,9.78359672300773,9.60238493278295
76.74174174174173,8.723961728140157,8.606278736541794,4.147995479441259,10.9303263131332,9.495141333549965,9.783514170417938,9.603072569502483
76.83683683683684,8.723667942325841,8.595554875715539,4.135225969489118,10.929524294745223,9.501965471175525,9.783430483666091,9.603765903353812
76.93193193193193,8.723358311448454,8.58454453155468,4.122176596867114,10.928693544502217,9.508990056184881,9.78334562765234,9.604465105098253
77.02702702702702,8.723032307171398,8.573238235692996,4.108838222779054,10.92783310735749,9.51622175906308,9.783259568072781,9.605170339671352
77.12212212212212,8.722689946244868,8.561639485890023,4.095215646102108,10.926943156206734,9.523658587461863,9.783172340868527,9.605881257857435
77.21721721721721,8.722332209696672,8.549774717435552,4.081338321945416,10.926025859315208,9.531283224177693,9.783084106246626,9.606596600889329
77.3123123123123,8.721960177219719,8.53767271259266,4.067238228249351,10.925083589114834,9.539076783964378,9.78299503712904,9.607315016934345
77.4074074074074,8.721574928506922,8.525362253624424,4.052947342954291,10.92411871803754,9.547020381575717,9.782905306437732,9.608035154159792
77.5025025025025,8.721177543251185,8.51287212279393,4.038497644000616,10.923133618515244,9.555095131765508,9.78281508709466,9.608755660732983
77.5975975975976,8.720769101145427,8.50023110236425,4.023921109328697,10.922130662979876,9.56328214928756,9.782724552021783,9.609475184821228
77.69269269269269,8.72035068188255,8.487467974598468,4.009249716878916,10.92111222386336,9.571562548895669,9.782633874141066,9.610192374591836
77.78778778778778,8.719923365155474,8.474611521759662,3.994515444591645,10.920080673597617,9.57991744534364,9.782543226374468,9.61090587821212
77.88288288288288,8.719488230657097,8.46169052611091,3.9797502704072625,10.919038384614574,9.588327953385278,9.782452781643949,9.611614343849393
77.97797797797797,8.71904635808034,8.448733769915293,3.964986172266147,10.917987729346153,9.59677518777438,9.782362712871473,9.61231641967096
78.07307307307306,8.718598827118111,8.435770035435889,3.950255128108673,10.916931080224277,9.60524026326475,9.782273192979,9.613010753844135
78.16816816816817,8.718146717463314,8.422828104935775,3.935589115875214,10.915870809680873,9.613704294610192,9.782184394888487,9.613695994536227
78.26326326326325,8.717691108808863,8.409936760678033,3.9210201135061533,10.914809290147865,9.622148396564501,9.7820964915219,9.614370789914553
78.35835835835836,8.71723308084767,8.39712478492574,3.90658009894186,10.913748894057173,9.630553683881491,9.782009655801195,9.615033788146414
78.45345345345345,8.716773713272646,8.384420959941979,3.8923010501227178,10.912691993840728,9.638901271314955,9.78192406064834,9.615683637399128
78.54854854854854,8.7163140857767,8.371854067989828,3.8782149449891,10.911640961930448,9.647172273618697,9.781839878985288,9.616318985840003
78.64364364364364,8.715855278052738,8.359452891332358,3.86435376148138,10.910598170758263,9.655347805546517,9.781757283734006,9.61693848163635
78.73873873873873,8.715398369793679,8.347246212232662,3.850749477539941,10.90956599275609,9.663408981852225,9.781676447816452,9.617540772955481
78.83383383383382,8.714944440692426,8.33526281295381,3.8374340711051538,10.908546800355856,9.671336917289613,9.781597544154588,9.618124507964705
78.92892892892893,8.71449457044189,8.323531475758882,3.8244395201173975,10.907542965989487,9.67911272661249,9.781520745670374,9.618688334831335
79.02402402402402,8.714049835338754,8.312080879602194,3.8117976841318693,10.906556854045082,9.686717591209652,9.781446224611406,9.619230907292897
79.11911911911912,8.71361091126085,8.300927523234572,3.799526464976348,10.90558988053616,9.694140548800302,9.781374073716773,9.61975153582114
79.21421421421421,8.713177702010645,8.290064419910918,3.787616851615394,10.904641632849366,9.701385785439728,9.781304232419709,9.620250797182637
79.3093093093093,8.712750023460313,8.279481908165122,3.7760567679558448,10.903711490112306,9.708459212400044,9.781236622693712,9.620729412360012
79.4044044044044,8.712327691482036,8.269170326531066,3.764834137904532,10.90279883145259,9.715366740953357,9.781171166512284,9.62118810233589
79.49949949949949,8.711910521948,8.259120013542647,3.7539368853682973,10.901903035997835,9.722114282371784,9.781107785848924,9.62162758809289
79.5945945945946,8.711498330730388,8.249321307733751,3.7433529342539713,10.90102348287564,9.728707747927434,9.781046402677134,9.622048590613637
79.68968968968969,8.71109093370137,8.239764547638268,3.733070208468396,10.90015955121362,9.735153048892418,9.780986938970415,9.62245183088076
79.78478478478478,8.710688146733142,8.230440071790085,3.7230766319184045,10.899310620139385,9.741456096538851,9.780929316702267,9.622838029876876
79.87987987987988,8.710289785697878,8.22133821872309,3.7133601285108315,10.898476068780544,9.747622802138844,9.780873457846187,9.62320790858461
79.97497497497497,8.709895666467759,8.212449326971178,3.703908622152515,10.897655276264711,9.753659076964507,9.780819284375681,9.623562187986584
80.07007007007006,8.70950560491497,8.203763735068234,3.6947100367502914,10.896847621719486,9.759570832287954,9.780766718264248,9.623901589065424
80.16516516516516,8.709119416911687,8.195271781548145,3.685752296210994,10.896052484272483,9.765363979381297,9.780715681485388,9.624226832803753
80.26026026026025,8.708736918330096,8.186963804944805,3.677023324441462,10.89526924305131,9.771044429516646,9.780666096012599,9.624538640184193
80.35535535535536,8.708357925042378,8.178830143792098,3.6685110453485272,10.894497277183584,9.776618093966116,9.780617883819387,9.624837732189368
80.45045045045045,8.707982252920713,8.17086113662392,3.6602033828390335,10.893735965796907,9.782090884001814,9.780570966879248,9.625124829801901
80.54554554554554,8.707609717837283,8.16304712197415,3.6520882608198093,10.89298468801889,9.787468710895858,9.780525267165686,9.625400654004416
80.64064064064064,8.70724013566427,8.155378438376687,3.6441536031976933,10.892242822977147,9.792757485920356,9.780480706652197,9.625665925779535
80.73573573573573,8.706873322273855,8.147845424365416,3.636387333879522,10.891509749799283,9.79796312034742,9.780437207312287,9.625921366109882
80.83083083083082,8.706509093538221,8.140438418474224,3.628777376772131,10.890784847612908,9.803091525449165,9.780394691119454,9.62616769597808
80.92592592592592,8.706147265329548,8.133147759237003,3.6213116557823555,10.890067495545633,9.808148612497698,9.780353080047197,9.626405636366755
81.02102102102101,8.705787653520018,8.125963785187643,3.613978094817036,10.889357072725065,9.813140292765137,9.780312296069019,9.626635908258526
81.11611611611612,8.70543007398181,8.118876834860028,3.606764617783001,10.888652958278819,9.81807247752359,9.780272261158418,9.62685923263602
81.21121121121121,8.70507434258711,8.111877246788051,3.599659148587094,10.8879545313345,9.82295107804517,9.780232897288899,9.62707633048186
81.3063063063063,8.704720275208095,8.104955359505603,3.5926496111361463,10.88726117101972,9.827782005601987,9.780194126433956,9.627287922778667
81.4014014014014,8.70436768771695,8.098101511546568,3.5857239293369947,10.886572256462086,9.832571171466158,9.780155870567096,9.627494730509065
81.49649649649649,8.704016395985853,8.09130604144484,3.5788700270964773,10.88588716678921,9.837324486909788,9.780118051661816,9.62769747465568
81.59159159159158,8.70366621588699,8.084559287734304,3.572075828321428,10.885205281128702,9.842047863204993,9.780080591691618,9.627896876201131
81.68668668668668,8.703316963292538,8.077851588948851,3.565329256918684,10.884525978608167,9.846747211623885,9.780043412630004,9.628093656128044
81.78178178178177,8.702968454074682,8.071173283622372,3.558618236795082,10.88384863835522,9.851428443438575,9.780006436450469,9.628288535419042
81.87687687687688,8.702620504105601,8.064514710288751,3.551930691857455,10.883172639497468,9.856097469921178,9.77996958512652,9.62848223505675
81.97197197197197,8.70227292925748,8.057866207481881,3.5452545460126426,10.882497361162521,9.8607602023438,9.779932780631654,9.628675476023787
82.06706706706706,8.701925526287908,8.051218262948703,3.538578076437833,10.881822163952087,9.86542253440872,9.779895947484246,9.628868938239405
82.16216216216216,8.701577898212719,8.044562876831002,3.5318931409906567,10.881146220692878,9.870090181733715,9.779859035997054,9.629062885412354
82.25725725725725,8.701229535363368,8.037892928911829,3.525193680129263,10.880468594997643,9.87476875635881,9.779822011485392,9.629257339174444
82.35235235235234,8.700879926676187,8.031201309864953,3.51847366009619,10.879788349126967,9.879463869041635,9.779784839450322,9.629452318160363
82.44744744744744,8.700528561087504,8.024480910364142,3.511727047133973,10.87910454534144,9.884181130539831,9.779747485392903,9.629647841004793
82.54254254254253,8.700174927533649,8.017724621083165,3.504947807485155,10.878416245901649,9.888926151611031,9.779709914814196,9.629843926342424
82.63763763763764,8.699818514950957,8.010925332695793,3.4981299073922694,10.877722513068179,9.893704543012879,9.779672093215265,9.630040592807942
82.73273273273273,8.699458812275747,8.004075935875791,3.491267313097859,10.877022409101619,9.898521915503006,9.779633986097164,9.630237859036031
82.82782782782782,8.69909530844436,7.997169321296932,3.484353990844459,10.876314996262554,9.903383879839051,9.77959555896096,9.63043574366138
82.92292292292292,8.698727492393122,7.990198379632981,3.477383906874608,10.875599336811574,9.908296046778652,9.779556777307711,9.630634265318673
83.01801801801801,8.698354853058362,7.983156001557711,3.470351027430846,10.874874493009258,9.913264027079444,9.77951760663848,9.630833442642599
83.1131131131131,8.69797687937641,7.976035077744887,3.4632493187557096,10.874139527116203,9.918293431499064,9.779478012454323,9.63103329426784
83.2082082082082,8.697593060283598,7.96882849886828,3.456072747091736,10.87339350139299,9.923389870795154,9.779437960256306,9.63123383882909
83.3033033033033,8.697202884716253,7.961529155601658,3.448815278681466,10.872635478100207,9.928558955725347,9.779397415545487,9.631435094961027
83.3983983983984,8.696805841610706,7.95412993861879,3.441470879767436,10.871864519498441,9.933806297047276,9.77935634382293,9.631637081298342
83.49349349349349,8.696401419903289,7.946623738593445,3.4340335165921845,10.871079687848281,9.939137505518586,9.77931471058969,9.63183981647572
83.58858858858858,8.695989108530327,7.939003446199392,3.42649715539825,10.870280045410311,9.944558191896908,9.779272481346833,9.632043319127849
83.68368368368368,8.695568396428154,7.931261952110397,3.4188557624281706,10.86946465444512,9.950073966939886,9.779229621595418,9.632247607889413
83.77877877877877,8.695138772533099,7.923392147000233,3.411103303924486,10.868632577213289,9.95569044140515,9.779186096836504,9.6324527013951
83.87387387387386,8.694699725781492,7.9153869215426695,3.4032337461297324,10.867782875975415,9.961413226050338,9.779141872571154,9.632658618279596
83.96896896896897,8.694250745109661,7.90723916641147,3.3952410552864465,10.86691461299208,9.96724793163309,9.779096914300428,9.632865377177586
84.06406406406406,8.69379131945394,7.898941772280406,3.3871191976371713,10.866026850523868,9.973200168911044,9.779051187525386,9.63307299672376
84.15915915915916,8.693320937750658,7.890487629823248,3.3788621394244407,10.865118650831368,9.979275548641832,9.77900465774709,9.633281495552799
84.25425425425425,8.69283908893614,7.881869629713763,3.3704638468907975,10.864189076175167,9.985479681583097,9.7789572904666,9.633490892299394
84.34934934934934,8.692345261946723,7.873080662625723,3.3619182862787755,10.863237188815857,9.99181817849247,9.778909051184979,9.633701205598229
84.44444444444444,8.691838945718729,7.864113619232889,3.3532194238309123,10.862262051014014,9.998296650127592,9.778859905403284,9.63391245408399
84.53953953953953,8.691319629188493,7.85496139020904,3.3443612257897515,10.861262725030235,10.004920707246097,9.778809818622578,9.634124656391368
84.63463463463462,8.690786801292347,7.845616866227936,3.335337658397828,10.860238273125102,10.011695960605628,9.778758756343922,9.634337831155042
84.72972972972973,8.690239950966616,7.836072937963351,3.326142687897678,10.859187757559203,10.018628020963817,9.778706684068377,9.634551997009702
84.82482482482482,8.68967856714763,7.826322496089053,3.316770280531843,10.858110240593124,10.025722499078302,9.778653567297003,9.634767172590037
84.91991991991992,8.689102138771727,7.816358431278808,3.3072144025428587,10.857004784487453,10.032985005706722,9.77859937153086,9.634983376530728
85.01501501501501,8.688510156190178,7.806173655946688,3.2974690397902893,10.855870454145098,10.0404211351172,9.77854406238268,9.635200627206896
85.1101101101101,8.687902662110494,7.795769569274912,3.2875358360380176,10.85470734595178,10.048030044561685,9.778487649058523,9.63541884166471
85.2052052052052,8.687281087519905,7.785168900898749,3.277435682255188,10.853518148799049,10.05579471263977,9.778430250330935,9.635637682272467
85.3003003003003,8.686647078059456,7.774397678537196,3.267192445385919,10.85230595242795,10.063695616431302,9.778372001913477,9.635856772020524
85.3953953953954,8.686002279370182,7.763481929909233,3.256829992374312,10.851073846579517,10.071713233016116,9.7783130395197,9.63607573389925
85.49049049049049,8.685348337093126,7.752447682733858,3.2463721901644855,10.849824920994797,10.079828039474055,9.77825349886317,9.636294190899006
85.58558558558558,8.684686896869326,7.741320964730054,3.2358429057005456,10.848562265414829,10.08802051288495,9.778193515657442,9.636511766010157
85.68068068068068,8.68401960433982,7.730127803616811,3.225266005926602,10.847288969580655,10.096271130328649,9.778133225616074,9.636728082223065
85.77577577577577,8.683348105145651,7.718894227113121,3.2146653577867688,10.84600812323331,10.104560368884986,9.778072764452624,9.636942762528097
85.87087087087086,8.682674044927856,7.707646262937971,3.2040648282251545,10.844722816113839,10.1128687056338,9.778012267880651,9.637155429915614
85.96596596596596,8.681999069327473,7.696409938810348,3.1934882841858676,10.84343613796328,10.121176617654935,9.777951871613713,9.637365707375983
86.06106106106105,8.681324823985543,7.685211282449246,3.1829595926130256,10.84215117852268,10.129464582028223,9.777891711365367,9.637573217899563
86.15615615615616,8.680652954543106,7.674076321573647,3.1725026204507287,10.840871027533074,10.137713075833508,9.777831922849174,9.637777584476723
86.25125125125125,8.679985106641197,7.663031083902546,3.1621412346430984,10.839598774735503,10.145902576150627,9.77777264177869,9.637978430097824
86.34634634634634,8.679322925920863,7.652101597154933,3.1518993021342383,10.83833750987101,10.154013560059418,9.777714003867475,9.638175377753228
86.44144144144144,8.678668058023138,7.641313889049789,3.1418006898682598,10.837090322680634,10.162026504639723,9.777656144829086,9.638368050433305
86.53653653653653,8.678022148589061,7.6306939873061115,3.1318692647892754,10.835860302905417,10.16992188697138,9.777599200377079,9.638556071128415
86.63163163163162,8.677386843259672,7.6202679196428855,3.1221288938413947,10.834650540286397,10.177680184134228,9.777543306225017,9.638739062828918
86.72672672672672,8.676763787676016,7.6100617137791,3.1126034439687267,10.833464124564616,10.185281873208107,9.777488598086457,9.638916648525186
86.82182182182181,8.676154627479125,7.600101397433745,3.103316782115385,10.832304145481118,10.19270743127285,9.777435211674955,9.639088451207577
86.91691691691692,8.67556100831004,7.590412998325808,3.094292775225478,10.831173692776936,10.19993733540831,9.77738328270407,9.639254093866457
87.01201201201201,8.67498457504851,7.581022531844182,3.08555527878972,10.83007585475901,10.206952071856126,9.777332946822579,9.63941319969533
87.1071071071071,8.674426435909256,7.571947321434708,3.077120074375844,10.82901270877848,10.21373858535974,9.777284294011416,9.639565535089249
87.2022022022022,8.673886222069438,7.563180768121898,3.0689807220774803,10.827983549780951,10.220301596089785,9.777237288562096,9.639711260570056
87.29729729729729,8.673363312797267,7.554712192958547,3.061126992113285,10.82698719817245,10.226648855818055,9.777191873329786,9.639850603877978
87.39239239239238,8.672857087360963,7.546530916997446,3.0535486547019044,10.826022474359002,10.232788116316348,9.777147991169652,9.639983792753235
87.48748748748748,8.67236692502874,7.538626261291379,3.0462354800619917,10.825088198746629,10.238727129356457,9.777105584936868,9.640111054936046
87.58258258258257,8.67189220506882,7.53098754689314,3.039177238412201,10.82418319174136,10.244473646710182,9.777064597486598,9.640232618166634
87.67767767767768,8.671432306749418,7.523604094855518,3.0323636999711816,10.823306273749218,10.250035420149318,9.777024971674011,9.640348710185217
87.77277277277277,8.670986609338753,7.516465226231304,3.0257846349575863,10.822456265176223,10.25542020144566,9.776986650354274,9.640459558732015
87.86786786786786,8.67055449210504,7.509560262073288,3.019429813590067,10.821631986428406,10.260635742371006,9.776949576382558,9.640565391547254
87.96296296296296,8.6701353343165,7.502878523434256,3.0132890060872737,10.820832257911787,10.265689794697149,9.776913692614025,9.64066643637115
88.05805805805805,8.66972851524135,7.496409331367005,3.0073519826678607,10.820055900032392,10.270590110195887,9.776878941903849,9.640762920943926
88.15315315315314,8.669333414147802,7.490142006924319,3.001608513550479,10.819301733196248,10.275344440639019,9.776845267107198,9.640855073005799
88.24824824824825,8.668949410304078,7.484065871158989,2.9960483689537787,10.818568577809376,10.279960537798338,9.776812611079237,9.640943120296996
88.34334334334334,8.668575882978399,7.478170245123808,2.9906613190964144,10.817855254277802,10.284446153445641,9.776780916675138,9.641027290557732
88.43843843843844,8.668212211438977,7.472444449871561,2.985437134197034,10.817160583007547,10.28880903935272,9.776750126750063,9.641107811528233
88.53353353353353,8.66785777495403,7.466877806455044,2.980365584474292,10.816483384404641,10.29305694729138,9.776720184159185,9.641184910948713
88.62862862862862,8.667511952791777,7.461459635927042,2.97543644014684,10.815822478875107,10.297197629033409,9.776691031757673,9.641258816559398
88.72372372372372,8.667174124220436,7.456179259340348,2.9706394714333277,10.81517668682497,10.301238836350612,9.77666261240069,9.64132975610051
88.81881881881881,8.666843668508223,7.451025997747751,2.965964448552411,10.81454482866025,10.305188321014775,9.776634868943407,9.641397957312261
88.9139139139139,8.666519964923358,7.445989172202038,2.9614011417227375,10.813925724786975,10.309053834797698,9.776607744240994,9.641463647934883
89.009009009009,8.666202392734055,7.4410581037560055,2.9569393211629604,10.81331819561117,10.312843129471181,9.776581181148618,9.641527055708588
89.1041041041041,8.665890331208535,7.436222113462438,2.9525687570917327,10.81272106153886,10.316563956807016,9.776555122521446,9.6415884083736
89.1991991991992,8.665583159615014,7.431470522374127,2.9482792197277035,10.81213314297607,10.320224068577,9.776529511214646,9.641647933670141
89.29429429429429,8.665280257221708,7.426792651543863,2.944060479289527,10.811553260328816,10.32383121655293,9.776504290083384,9.641705859338431
89.38938938938938,8.66498100329684,7.4221778220244365,2.939902305995855,10.810980234003134,10.327393152506602,9.776479401982835,9.64176241311869
89.48448448448448,8.664684777108619,7.417615354868634,2.935794470065336,10.810412884405043,10.330917628209813,9.77645478976816,9.64181782275114
89.57957957957957,8.664390957925267,7.41309457112925,2.931726741716625,10.809850031940567,10.334412395434356,9.776430396294531,9.641872315975998
89.67467467467466,8.664098925015006,7.408604791859072,2.927688891168373,10.809290497015734,10.33788520595203,9.776406164417114,9.641926120533489
89.76976976976977,8.663808057646044,7.404135338110891,2.9236706886392305,10.808733100036562,10.341343811534632,9.77638203699108,9.641979464163832
89.86486486486486,8.663517735086605,7.399675530937497,2.9196619043478518,10.808176661409084,10.344795963953954,9.776357956871596,9.642032574607247
89.95995995995996,8.663227336604907,7.395214691391677,2.9156523085128847,10.807620001539318,10.3482494149818,9.776333866913827,9.642085679603957
90.05505505505505,8.66293626608972,7.390742560566305,2.911632071937611,10.807061987674333,10.351711609955789,9.776309712222561,9.642138998221759
90.15015015015014,8.66264432838783,7.386255720116795,2.907597889146065,10.806502249890858,10.355185003780042,9.77628547453875,9.642192608293728
90.24524524524524,8.662351654554483,7.38175631699293,2.9035517621828455,10.805941038882983,10.358667991278638,9.776261165409514,9.64224647274824
90.34034034034033,8.662058385115799,7.377246659722638,2.8994958471867154,10.805378623363275,10.36215884939864,9.776236797247348,9.642300551177621
90.43543543543542,8.66176466059789,7.372729056833852,2.895432300296428,10.804815272044301,10.365655855087121,9.776212382464744,9.642354803174195
90.53053053053053,8.661470621526878,7.368205816854502,2.8913632776507434,10.804251253638641,10.369157285291148,9.776187933474198,9.642409188330287
90.62562562562562,8.661176408428869,7.363679248312521,2.8872909353884224,10.803686836858853,10.372661416957794,9.7761634626882,9.642463666238221
90.72072072072072,8.660882161829985,7.359151659735838,2.8832174296482207,10.803122290417518,10.376166527034131,9.776138982519242,9.642518196490327
90.81581581581581,8.660588022256336,7.354625359652387,2.8791449165688987,10.802557883027198,10.37967089246722,9.776114505379821,9.642572738678927
90.9109109109109,8.660294130234043,7.350102656590099,2.8750755522892155,10.80199388340047,10.383172790204135,9.776090043682428,9.642627252396347
91.006006006006,8.660000626289218,7.345585859076903,2.8710114929479267,10.801430560249898,10.386670497191947,9.776065609839558,9.642681697234915
91.1011011011011,8.659707650947974,7.341077275640731,2.8669548946837953,10.800868182288056,10.390162290377724,9.776041216263698,9.642736032786951
91.19619619619618,8.659415344736432,7.336579214809516,2.862907913635577,10.800307018227514,10.393646446708534,9.776016875367349,9.642790218644787
91.29129129129129,8.659123848180704,7.332093985111188,2.858872705942031,10.79974733678084,10.397121243131451,9.775992599562997,9.642844214400743
91.38638638638638,8.658833301806903,7.327623895073677,2.854851427741916,10.799189406660606,10.400584956593539,9.77596840126314,9.642897979647147
91.48148148148148,8.65854384614115,7.323171253224917,2.85084623517399,10.798633496579384,10.404035864041873,9.77594429288027,9.642951473976325
91.57657657657657,8.658255621709559,7.318738368092836,2.8468592843770137,10.79807987524974,10.407472242423516,9.775920286826876,9.643004656980603
91.67167167167166,8.657968769038238,7.31432754820537,2.8428927314897443,10.797528811384248,10.410892368685547,9.775896395515456,9.643057488252303
91.76676676676676,8.65768342865331,7.309941102090445,2.83894873265094,10.796980573695478,10.414294519775027,9.775872631358503,9.643109927383753
91.86186186186185,8.65739974108089,7.305581338275996,2.8350294439993613,10.796435430895999,10.417676972639029,9.775849006768508,9.643161933967278
91.95695695695696,8.65711784684709,7.301250565289951,2.8311370216737646,10.795893651698378,10.421038004224622,9.775825534157963,9.643213467595205
92.05205205205205,8.656837886478026,7.296951091660245,2.8272736218129104,10.795355504815191,10.424375891478876,9.775802225939362,9.643264487859856
92.14714714714714,8.656560000499818,7.292685225914807,2.8234414005555566,10.794821258959004,10.427688911348861,9.7757790945252,9.64331495435356
92.24224224224224,8.656284329438574,7.288455276581569,2.8196425140404604,10.794291182842391,10.430975340781645,9.775756152327968,9.643364826668641
92.33733733733733,8.656011013820414,7.284263552188462,2.8158791184063827,10.79376554517792,10.4342334567243,9.775733411760159,9.643414064397422
92.43243243243242,8.655740194171448,7.280112361263417,2.8121533697920817,10.793244614678162,10.437461536123893,9.775710885234268,9.643462627132234
92.52752752752752,8.6554720110178,7.276004012334367,2.808467424336314,10.792728660055687,10.440657855927494,9.775688585162785,9.643510474465398
92.62262262262261,8.655206604885578,7.271940813929239,2.8048234381778414,10.792217950023062,10.443820693082174,9.775666523958204,9.64355756598924
92.71771771771772,8.654944116300898,7.267925074575968,2.8012235674554193,10.791712753292865,10.446948324535,9.775644714033021,9.643603861296087
92.81281281281281,8.65468468578988,7.263959102802486,2.797669968307809,10.791213338577657,10.450039027233048,9.775623167799724,9.643649319978264
92.9079079079079,8.654428453878637,7.26004520713672,2.794164796873768,10.790719974590015,10.453091078123379,9.775601897670812,9.643693901628096
93.003003003003,8.654175561091677,7.25618569608036,2.7907102092675946,10.790232930039455,10.456102754172603,9.775580916058631,9.64373756583836
93.09809809809809,8.653926092017345,7.252381963315171,2.78730750900562,10.789752367245557,10.459073013267961,9.775560230490646,9.643780287914518
93.19319319319318,8.653679927701392,7.24863207364264,2.7839548971394117,10.78927806139229,10.462003291055705,9.775539830718982,9.643822100337948
93.28828828828829,8.653436902905897,7.244933334908133,2.7806498692491783,10.788809699632626,10.464895586601216,9.77551970245382,9.64386304859128
93.38338338338338,8.653196852392945,7.241283054957017,2.7773899209151356,10.788346969119532,10.467751898969869,9.77549983140535,9.643903178157155
93.47847847847848,8.652959610924615,7.237678541634657,2.7741725477174928,10.787889557005972,10.470574227227054,9.77548020328375,9.643942534518207
93.57357357357357,8.652725013262991,7.234117102786425,2.7709952452364637,10.78743715044492,10.473364570438145,9.775460803799211,9.643981163157076
93.66866866866866,8.65249289417015,7.230596046257685,2.767855509052257,10.786989436589343,10.476124927668524,9.77544161866191,9.644019109556394
93.76376376376376,8.652263088408175,7.227112679893804,2.7647508347450875,10.78654610259221,10.478857297983573,9.775422633582032,9.644056419198801
93.85885885885885,8.652035430739149,7.223664311540151,2.7616787178951636,10.786106835606487,10.481563680448675,9.775403834269763,9.64409313756693
93.95395395395394,8.651809755925148,7.220248249042091,2.7586366540827,10.785671322785142,10.484246074129205,9.775385206435288,9.644129310143423
94.04904904904905,8.651585898728255,7.216861800244994,2.755622138887907,10.785239251281146,10.48690647809055,9.77536673578879,9.644164982410912
94.14414414414414,8.651363693910556,7.213502272994224,2.7526326678909983,10.784810308247467,10.489546891398083,9.775348408040452,9.644200199852035
94.23923923923924,8.651142976234123,7.210166975135149,2.749665736672182,10.784384180837073,10.49216931311719,9.775330208900458,9.64423500794943
94.33433433433433,8.650923580461045,7.2068532145131385,2.746718840811673,10.78396055620293,10.494775742313251,9.775312124078992,9.644269452185732
94.42942942942942,8.650705341353397,7.203558298973557,2.743789475889682,10.783539121498011,10.497368178051651,9.77529413928624,9.644303578043576
94.52452452452452,8.650488093673266,7.200279536361771,2.7408751374864195,10.783119563875278,10.499948619397765,9.775276240232383,9.644337431005603
94.61961961961961,8.650271672182729,7.197014234523151,2.7379733211820994,10.782701570487705,10.502519065416973,9.775258412627604,9.644371056554446
94.7147147147147,8.650055911643872,7.193759701303063,2.735081522556932,10.782284828488262,10.505081515174657,9.775240642182094,9.644404500172744
94.8098098098098,8.649840646818765,7.190513244546873,2.732197237191129,10.781869025029907,10.5076379677362,9.77522291460603,9.64443780734313
94.9049049049049,8.649625712469499,7.187272172099949,2.7293179606649036,10.78145384726562,10.510190422166984,9.775205215609597,9.644471023548244
95.0,8.64941094335815,7.184033791807656,2.7264411885584656,10.781038982348365,10.512740877532385,9.775187530902981,9.644504194270722
